<?xml version="1.0" encoding="UTF-8"?>
<SunopsisExport>
<Admin RepositoryVersion="05.02.02.07" IsLegacyIdCompatible="false" />
<Encryption algorithm="AES" keyLength="128" exportKeyHash="QtcLVtapR4SATC4r3kM35Jr0qTGMpn6A+hZKPtnONhs=" keyVect="ztWcmJ+zV+8dtXZsmqGR2Q==" exportKeySalt="0ea92361-8965-4b8e-890a-ca785ce67ad3" containsCipherText="false"/>
<Object class="com.sunopsis.dwg.dbobj.SnpPackage">
		<Field name="ExtVersion" type="java.lang.String">null</Field>
	<Field name="FirstDate" type="java.sql.Timestamp"><![CDATA[2019-12-27 17:49:50.0]]></Field>
	<Field name="FirstUser" type="java.lang.String"><![CDATA[SUPERVISOR]]></Field>
	<Field name="GlobalId" type="java.lang.String"><![CDATA[7b4e7bc0-b870-436c-8e60-61457659651e]]></Field>
	<Field name="IndChange" type="java.lang.String"><![CDATA[I]]></Field>
	<Field name="IntVersion" type="com.sunopsis.sql.DbInt"><![CDATA[1]]></Field>
	<Field name="IFolder" type="com.sunopsis.sql.DbInt"><![CDATA[1]]></Field>
	<Field name="IPackage" type="com.sunopsis.sql.DbInt"><![CDATA[1]]></Field>
	<Field name="IScBasePackage" type="com.sunopsis.sql.DbInt"><![CDATA[null]]></Field>
	<Field name="IScOrigPackage" type="com.sunopsis.sql.DbInt"><![CDATA[null]]></Field>
	<Field name="IScPackage" type="com.sunopsis.sql.DbInt"><![CDATA[null]]></Field>
	<Field name="IState" type="com.sunopsis.sql.DbInt"><![CDATA[null]]></Field>
	<Field name="ITxtPack" type="com.sunopsis.sql.DbInt"><![CDATA[845]]></Field>
	<Field name="LastDate" type="java.sql.Timestamp"><![CDATA[2019-12-27 17:49:50.0]]></Field>
	<Field name="LastUser" type="java.lang.String"><![CDATA[SUPERVISOR]]></Field>
	<Field name="OrdFolder" type="com.sunopsis.sql.DbInt"><![CDATA[null]]></Field>
	<Field name="PackName" type="java.lang.String"><![CDATA[demo_package]]></Field>
	<Field name="RepGuid" type="java.lang.String">null</Field>
	<Field name="RepVersion" type="java.lang.String">null</Field>
	<Field name="ScOrigPackageTag" type="java.lang.String">null</Field>
	<Field name="VLastDate" type="java.sql.Timestamp">null</Field>
</Object>
<Object class="com.sunopsis.dwg.dbobj.SnpTxtHeader">
		<Field name="Enc" type="java.lang.String">null</Field>
	<Field name="EncKey" type="java.lang.String">null</Field>
 <Field name="EncKeyVect" type="java.lang.String">null</Field>
	<Field name="GlobalId" type="java.lang.String"><![CDATA[c38f66e9-8711-475c-8bba-037b8dfea29c]]></Field>
	<Field name="ITxt" type="com.sunopsis.sql.DbInt"><![CDATA[845]]></Field>
	<Field name="ITxtOrig" type="com.sunopsis.sql.DbInt"><![CDATA[114]]></Field>
	<Field name="SqlIndGrp" type="java.lang.String"><![CDATA[0]]></Field>
 <Field name="Txt" type="java.lang.String"><![CDATA[demo_package]]></Field>
</Object>
<Object class="com.sunopsis.dwg.dbobj.SnpOrigTxt">
		<Field name="GlobalId" type="java.lang.String">null</Field>
	<Field name="ITxtOrig" type="com.sunopsis.sql.DbInt"><![CDATA[114]]></Field>
	<Field name="OrigineName" type="java.lang.String"><![CDATA[Package description]]></Field>
	<Field name="SnpsCol" type="java.lang.String"><![CDATA[I_TXT_PACK]]></Field>
	<Field name="SnpsTable" type="java.lang.String"><![CDATA[SNP_PACKAGE]]></Field>
</Object>
<Object class="com.sunopsis.dwg.dbobj.SnpStep">
		<Field name="BrpId" type="com.sunopsis.sql.DbInt"><![CDATA[null]]></Field>
	<Field name="Clean" type="java.lang.String">null</Field>
	<Field name="ContextCode" type="java.lang.String">null</Field>
	<Field name="CreateJournal" type="java.lang.String">null</Field>
	<Field name="CreateSubcriber" type="java.lang.String">null</Field>
	<Field name="DeleteErrors" type="java.lang.String">null</Field>
	<Field name="DropJournal" type="java.lang.String">null</Field>
	<Field name="DropSubscriber" type="java.lang.String">null</Field>
	<Field name="ExtendJrn" type="java.lang.String">null</Field>
	<Field name="ExtVersion" type="java.lang.String">null</Field>
	<Field name="FirstDate" type="java.sql.Timestamp"><![CDATA[2019-12-27 17:49:50.0]]></Field>
	<Field name="FirstUser" type="java.lang.String"><![CDATA[SUPERVISOR]]></Field>
	<Field name="GlobalId" type="java.lang.String"><![CDATA[a0c0633c-d704-4cce-b3ff-4e6d24ee3eb7]]></Field>
	<Field name="HeightVal" type="com.sunopsis.sql.DbInt"><![CDATA[null]]></Field>
	<Field name="IndChange" type="java.lang.String"><![CDATA[I]]></Field>
	<Field name="IndLogMethod" type="java.lang.String"><![CDATA[Y]]></Field>
	<Field name="IntVersion" type="com.sunopsis.sql.DbInt"><![CDATA[1]]></Field>
	<Field name="IDeploySpec" type="com.sunopsis.sql.DbInt"><![CDATA[null]]></Field>
	<Field name="IMapping" type="com.sunopsis.sql.DbInt"><![CDATA[1]]></Field>
	<Field name="IMod" type="com.sunopsis.sql.DbInt"><![CDATA[null]]></Field>
	<Field name="IPackage" type="com.sunopsis.sql.DbInt"><![CDATA[1]]></Field>
	<Field name="IPop" type="com.sunopsis.sql.DbInt"><![CDATA[null]]></Field>
	<Field name="IScMapping" type="com.sunopsis.sql.DbInt"><![CDATA[null]]></Field>
	<Field name="IScPop" type="com.sunopsis.sql.DbInt"><![CDATA[null]]></Field>
	<Field name="IScTable" type="com.sunopsis.sql.DbInt"><![CDATA[null]]></Field>
	<Field name="IScTrt" type="com.sunopsis.sql.DbInt"><![CDATA[null]]></Field>
	<Field name="ISmod" type="com.sunopsis.sql.DbInt"><![CDATA[null]]></Field>
	<Field name="IStep" type="com.sunopsis.sql.DbInt"><![CDATA[1]]></Field>
	<Field name="ITable" type="com.sunopsis.sql.DbInt"><![CDATA[null]]></Field>
	<Field name="ITrt" type="com.sunopsis.sql.DbInt"><![CDATA[null]]></Field>
	<Field name="ITxtAction" type="com.sunopsis.sql.DbInt"><![CDATA[null]]></Field>
	<Field name="ITxtSubscribers" type="com.sunopsis.sql.DbInt"><![CDATA[null]]></Field>
	<Field name="ITxtVarValue" type="com.sunopsis.sql.DbInt"><![CDATA[null]]></Field>
	<Field name="IVar" type="com.sunopsis.sql.DbInt"><![CDATA[null]]></Field>
	<Field name="KoExit" type="java.lang.String"><![CDATA[1]]></Field>
	<Field name="KoExitCode" type="java.lang.String">null</Field>
	<Field name="KoNextStep" type="com.sunopsis.sql.DbInt"><![CDATA[null]]></Field>
	<Field name="KoRetry" type="com.sunopsis.sql.DbInt"><![CDATA[null]]></Field>
	<Field name="KoRetryInterv" type="com.sunopsis.sql.DbInt"><![CDATA[null]]></Field>
	<Field name="LastDate" type="java.sql.Timestamp"><![CDATA[2019-12-27 17:49:50.0]]></Field>
	<Field name="LastUser" type="java.lang.String"><![CDATA[SUPERVISOR]]></Field>
	<Field name="LockJrn" type="java.lang.String">null</Field>
	<Field name="ModCod" type="java.lang.String">null</Field>
	<Field name="Nno" type="com.sunopsis.sql.DbInt"><![CDATA[0]]></Field>
	<Field name="OkExit" type="java.lang.String"><![CDATA[1]]></Field>
	<Field name="OkExitCode" type="java.lang.String"><![CDATA[0]]></Field>
	<Field name="OkNextStep" type="com.sunopsis.sql.DbInt"><![CDATA[null]]></Field>
	<Field name="PosX" type="com.sunopsis.sql.DbInt"><![CDATA[153]]></Field>
	<Field name="PosY" type="com.sunopsis.sql.DbInt"><![CDATA[129]]></Field>
	<Field name="PurgeJrn" type="java.lang.String">null</Field>
	<Field name="RecurseSubmod" type="java.lang.String">null</Field>
	<Field name="SetInstallJrn" type="java.lang.String">null</Field>
	<Field name="SetUninstallJrn" type="java.lang.String">null</Field>
	<Field name="SmodCod" type="java.lang.String">null</Field>
	<Field name="StepName" type="java.lang.String"><![CDATA[demo_map]]></Field>
	<Field name="StepType" type="java.lang.String"><![CDATA[M]]></Field>
	<Field name="TableName" type="java.lang.String">null</Field>
	<Field name="UnlockJrn" type="java.lang.String">null</Field>
	<Field name="VarIncr" type="com.sunopsis.sql.DbInt"><![CDATA[null]]></Field>
	<Field name="VarOp" type="java.lang.String">null</Field>
	<Field name="WidthVal" type="com.sunopsis.sql.DbInt"><![CDATA[null]]></Field>
</Object>
<Object class="com.sunopsis.dwg.dbobj.SnpReferencedObject">
		<Field name="IObject" type="com.sunopsis.sql.DbInt"><![CDATA[9700]]></Field>
	<Field name="ObjectPKasString" type="java.lang.String"><![CDATA[1]]></Field>
	<Field name="ObjectAKasString" type="java.lang.String"><![CDATA[demo_map#1#N]]></Field>
	<Field name="Description" type="java.lang.String"><![CDATA[SNP_MAPPING : demo_map]]></Field>
 <Field name="GlobalId" type="java.lang.String"><![CDATA[471dee1f-4a2c-4eb9-a69a-6cd63028866a]]></Field>
</Object>
<Object class="com.sunopsis.dwg.dbobj.SnpScen">
		<Field name="CecSessBehavior" type="java.lang.String">null</Field>
	<Field name="CecSessPollIntv" type="com.sunopsis.sql.DbInt"><![CDATA[null]]></Field>
	<Field name="ExtVersion" type="java.lang.String">null</Field>
	<Field name="FirstDate" type="java.sql.Timestamp"><![CDATA[2019-12-27 17:50:13.0]]></Field>
	<Field name="FirstUser" type="java.lang.String"><![CDATA[SUPERVISOR]]></Field>
	<Field name="GlobalId" type="java.lang.String"><![CDATA[f066b98c-83ec-4ea9-b5e8-f89f72686599]]></Field>
	<Field name="IndChange" type="java.lang.String"><![CDATA[U]]></Field>
	<Field name="IndPromptParam" type="java.lang.String"><![CDATA[1]]></Field>
	<Field name="IntVersion" type="com.sunopsis.sql.DbInt"><![CDATA[2]]></Field>
	<Field name="IsMaterialized" type="java.lang.String"><![CDATA[0]]></Field>
	<Field name="IDeploySpec" type="com.sunopsis.sql.DbInt"><![CDATA[null]]></Field>
	<Field name="IMapping" type="com.sunopsis.sql.DbInt"><![CDATA[null]]></Field>
	<Field name="IPackage" type="com.sunopsis.sql.DbInt"><![CDATA[1]]></Field>
	<Field name="IPop" type="com.sunopsis.sql.DbInt"><![CDATA[null]]></Field>
	<Field name="IScenFolder" type="com.sunopsis.sql.DbInt"><![CDATA[null]]></Field>
	<Field name="ITrt" type="com.sunopsis.sql.DbInt"><![CDATA[null]]></Field>
	<Field name="ITxtScen" type="com.sunopsis.sql.DbInt"><![CDATA[1]]></Field>
	<Field name="IVar" type="com.sunopsis.sql.DbInt"><![CDATA[null]]></Field>
	<Field name="LastDate" type="java.sql.Timestamp"><![CDATA[2019-12-27 17:50:14.0]]></Field>
	<Field name="LastUser" type="java.lang.String"><![CDATA[SUPERVISOR]]></Field>
	<Field name="MaxCecSess" type="com.sunopsis.sql.DbInt"><![CDATA[null]]></Field>
	<Field name="RepGuid" type="java.lang.String">null</Field>
	<Field name="RepVersion" type="java.lang.String">null</Field>
	<Field name="RestartType" type="java.lang.String">null</Field>
	<Field name="ScenName" type="java.lang.String"><![CDATA[DEMO_PACKAGE]]></Field>
	<Field name="ScenNo" type="com.sunopsis.sql.DbInt"><![CDATA[1]]></Field>
	<Field name="ScenSnapshotNo" type="com.sunopsis.sql.DbInt"><![CDATA[2]]></Field>
	<Field name="ScenVersion" type="java.lang.String"><![CDATA[001]]></Field>
	<Field name="VLastDate" type="java.sql.Timestamp">null</Field>
</Object>
<Object class="com.sunopsis.dwg.dbobj.SnpExpTxtHeader">
		<Field name="GlobalId" type="java.lang.String"><![CDATA[775879c4-d98c-4e80-b544-a2b2b7824d38]]></Field>
	<Field name="ITxt" type="com.sunopsis.sql.DbInt"><![CDATA[1]]></Field>
	<Field name="Txt" type="java.lang.String"><![CDATA[demo_package]]></Field>
</Object>
<Object class="com.sunopsis.dwg.dbobj.SnpScenStep">
		<Field name="BrpId" type="com.sunopsis.sql.DbInt"><![CDATA[null]]></Field>
	<Field name="CleanupOnError" type="java.lang.String">null</Field>
	<Field name="ContextCode" type="java.lang.String">null</Field>
	<Field name="FContextCode" type="java.lang.String">null</Field>
	<Field name="GenInfo" type="java.lang.String"><![CDATA[<map-generation-info/>]]></Field>
	<Field name="GlobalId" type="java.lang.String"><![CDATA[c3c916dd-d47c-47fd-83f9-2842e9532fd6]]></Field>
	<Field name="IndLogMethod" type="java.lang.String"><![CDATA[Y]]></Field>
	<Field name="ITxtVarValue" type="com.sunopsis.sql.DbInt"><![CDATA[null]]></Field>
	<Field name="JagentLschemaName" type="java.lang.String">null</Field>
	<Field name="KoExit" type="java.lang.String"><![CDATA[1]]></Field>
	<Field name="KoExitCode" type="java.lang.String">null</Field>
	<Field name="KoNextStep" type="com.sunopsis.sql.DbInt"><![CDATA[null]]></Field>
	<Field name="KoRetry" type="com.sunopsis.sql.DbInt"><![CDATA[null]]></Field>
	<Field name="KoRetryInterv" type="com.sunopsis.sql.DbInt"><![CDATA[null]]></Field>
	<Field name="LschemaName" type="java.lang.String">null</Field>
	<Field name="MaxErr" type="com.sunopsis.sql.DbInt"><![CDATA[null]]></Field>
	<Field name="MaxErrPrct" type="java.lang.String">null</Field>
	<Field name="ModCode" type="java.lang.String">null</Field>
	<Field name="Nno" type="com.sunopsis.sql.DbInt"><![CDATA[0]]></Field>
	<Field name="OkExit" type="java.lang.String"><![CDATA[1]]></Field>
	<Field name="OkExitCode" type="java.lang.String"><![CDATA[0]]></Field>
	<Field name="OkNextStep" type="com.sunopsis.sql.DbInt"><![CDATA[null]]></Field>
	<Field name="ResName" type="java.lang.String">null</Field>
	<Field name="ScenNo" type="com.sunopsis.sql.DbInt"><![CDATA[1]]></Field>
	<Field name="StepName" type="java.lang.String"><![CDATA[demo_map]]></Field>
	<Field name="StepType" type="java.lang.String"><![CDATA[M]]></Field>
	<Field name="TableName" type="java.lang.String">null</Field>
	<Field name="VarIncr" type="com.sunopsis.sql.DbInt"><![CDATA[null]]></Field>
	<Field name="VarLongValue" type="java.lang.String">null</Field>
	<Field name="VarName" type="java.lang.String">null</Field>
	<Field name="VarOp" type="java.lang.String">null</Field>
</Object>
<Object class="com.sunopsis.dwg.dbobj.SnpFKXRef">
		<Field name="RefKey" type="java.lang.String"><![CDATA[SNP_FOLDER.1]]></Field>
	<Field name="RefObjGlobalId" type="java.lang.String"><![CDATA[454a1fdd-0b62-40d7-a68a-7b1da78e5d1b]]></Field>
 <Field name="RefObjFQName" type="java.lang.String"><![CDATA[Git_Demo.First Folder]]></Field>
 <Field name="RefObjFQType" type="java.lang.String"><![CDATA[SNP_PROJECT.SNP_FOLDER]]></Field>
 <Field name="RefObjFQNameLengths" type="java.lang.String"><![CDATA[8.12]]></Field>
</Object>
<Object class="com.sunopsis.dwg.dbobj.SnpFKXRef">
		<Field name="RefKey" type="java.lang.String"><![CDATA[SNP_TXTHEADER.845]]></Field>
	<Field name="RefObjGlobalId" type="java.lang.String"><![CDATA[c38f66e9-8711-475c-8bba-037b8dfea29c]]></Field>
 <Field name="RefObjFQName" type="java.lang.String">null</Field>
 <Field name="RefObjFQType" type="java.lang.String">null</Field>
 <Field name="RefObjFQNameLengths" type="java.lang.String">null</Field>
</Object>
<Object class="com.sunopsis.dwg.dbobj.SnpFKXRef">
		<Field name="RefKey" type="java.lang.String"><![CDATA[SNP_PACKAGE.1]]></Field>
	<Field name="RefObjGlobalId" type="java.lang.String"><![CDATA[7b4e7bc0-b870-436c-8e60-61457659651e]]></Field>
 <Field name="RefObjFQName" type="java.lang.String"><![CDATA[Git_Demo.First Folder.demo_package]]></Field>
 <Field name="RefObjFQType" type="java.lang.String"><![CDATA[SNP_PROJECT.SNP_FOLDER.SNP_PACKAGE]]></Field>
 <Field name="RefObjFQNameLengths" type="java.lang.String"><![CDATA[8.12.12]]></Field>
</Object>
<Object class="com.sunopsis.dwg.dbobj.SnpFKXRef">
		<Field name="RefKey" type="java.lang.String"><![CDATA[SNP_MAPPING.1]]></Field>
	<Field name="RefObjGlobalId" type="java.lang.String"><![CDATA[471dee1f-4a2c-4eb9-a69a-6cd63028866a]]></Field>
 <Field name="RefObjFQName" type="java.lang.String"><![CDATA[Git_Demo.First Folder.demo_map]]></Field>
 <Field name="RefObjFQType" type="java.lang.String"><![CDATA[SNP_PROJECT.SNP_FOLDER.SNP_MAPPING]]></Field>
 <Field name="RefObjFQNameLengths" type="java.lang.String"><![CDATA[8.12.8]]></Field>
</Object>
<Object class="com.sunopsis.dwg.dbobj.SnpFKXRef">
		<Field name="RefKey" type="java.lang.String"><![CDATA[SNP_EXPTXTHEADER.1]]></Field>
	<Field name="RefObjGlobalId" type="java.lang.String"><![CDATA[775879c4-d98c-4e80-b544-a2b2b7824d38]]></Field>
 <Field name="RefObjFQName" type="java.lang.String">null</Field>
 <Field name="RefObjFQType" type="java.lang.String">null</Field>
 <Field name="RefObjFQNameLengths" type="java.lang.String">null</Field>
</Object>
<Object class="com.sunopsis.dwg.dbobj.SnpFKXRef">
		<Field name="RefKey" type="java.lang.String"><![CDATA[SNP_SCEN.1]]></Field>
	<Field name="RefObjGlobalId" type="java.lang.String"><![CDATA[f066b98c-83ec-4ea9-b5e8-f89f72686599]]></Field>
 <Field name="RefObjFQName" type="java.lang.String"><![CDATA[Git_Demo.First Folder.demo_package.DEMO_PACKAGE Version 001]]></Field>
 <Field name="RefObjFQType" type="java.lang.String"><![CDATA[SNP_PROJECT.SNP_FOLDER.SNP_PACKAGE.SNP_SCEN]]></Field>
 <Field name="RefObjFQNameLengths" type="java.lang.String"><![CDATA[8.12.12.24]]></Field>
</Object>
<Object class="com.sunopsis.dwg.DwgExportSummary">
		<Field name="ExpTxtNb" type="com.sunopsis.sql.DbInt"><![CDATA[1]]></Field>
	<Field name="InstObjNb" type="com.sunopsis.sql.DbInt"><![CDATA[0]]></Field>
	<Field name="JoinColNb" type="com.sunopsis.sql.DbInt"><![CDATA[0]]></Field>
	<Field name="JoinNb" type="com.sunopsis.sql.DbInt"><![CDATA[0]]></Field>
	<Field name="KeyColNb" type="com.sunopsis.sql.DbInt"><![CDATA[0]]></Field>
	<Field name="KeyNb" type="com.sunopsis.sql.DbInt"><![CDATA[0]]></Field>
	<Field name="LinkDiagNb" type="com.sunopsis.sql.DbInt"><![CDATA[0]]></Field>
	<Field name="MorigTxtNb" type="com.sunopsis.sql.DbInt"><![CDATA[0]]></Field>
	<Field name="MtxtNb" type="com.sunopsis.sql.DbInt"><![CDATA[0]]></Field>
	<Field name="OrigTxtNb" type="com.sunopsis.sql.DbInt"><![CDATA[1]]></Field>
	<Field name="OtherObjectsNb" type="com.sunopsis.sql.DbInt"><![CDATA[3]]></Field>
	<Field name="PlanAgentNb" type="com.sunopsis.sql.DbInt"><![CDATA[0]]></Field>
	<Field name="StepNb" type="com.sunopsis.sql.DbInt"><![CDATA[1]]></Field>
	<Field name="TxtNb" type="com.sunopsis.sql.DbInt"><![CDATA[1]]></Field>
	<Field name="UeOrigNb" type="com.sunopsis.sql.DbInt"><![CDATA[0]]></Field>
	<Field name="UeUsedNb" type="com.sunopsis.sql.DbInt"><![CDATA[0]]></Field>
	<Field name="VarPlanAgentNb" type="com.sunopsis.sql.DbInt"><![CDATA[0]]></Field>
	<Field name="ScenTxtNb" type="com.sunopsis.sql.DbInt"><![CDATA[0]]></Field>
	<Field name="OdiVersion" type="java.lang.String"><![CDATA[12.2.1]]></Field>
	<Field name="OriginRepositoryID" type="com.sunopsis.sql.DbInt"><![CDATA[1]]></Field>
	<Field name="RepositoryVersion" type="java.lang.String"><![CDATA[05.02.02.07]]></Field>
</Object>
</SunopsisExport>
