<?xml version="1.0" encoding="UTF-8"?>
<SunopsisExport>
<Admin RepositoryVersion="05.02.02.07" IsLegacyIdCompatible="false" />
<Encryption algorithm="AES" keyLength="128" exportKeyHash="P9II97qmIIs6l3m37LMVk69QPVvfSAidk0wVnjCn6D0=" keyVect="GXLvghdnHPQ/4Z4In+u5Xg==" exportKeySalt="e1e11d73-60f2-420c-a435-21cefdb6206e" containsCipherText="false"/>
<Object class="com.sunopsis.dwg.dbobj.SnpMapping">
		<Field name="BusinessName" type="java.lang.String">null</Field>
	<Field name="Descript" type="java.lang.String"><![CDATA[demo_map]]></Field>
	<Field name="Description" type="java.lang.String">null</Field>
	<Field name="ExtVersion" type="java.lang.String">null</Field>
	<Field name="FirstDate" type="java.sql.Timestamp"><![CDATA[2019-12-27 17:49:04.0]]></Field>
	<Field name="FirstUser" type="java.lang.String"><![CDATA[SUPERVISOR]]></Field>
	<Field name="GlobalId" type="java.lang.String"><![CDATA[471dee1f-4a2c-4eb9-a69a-6cd63028866a]]></Field>
	<Field name="IndChange" type="java.lang.String"><![CDATA[U]]></Field>
	<Field name="IntVersion" type="com.sunopsis.sql.DbInt"><![CDATA[2]]></Field>
	<Field name="IsReusable" type="java.lang.String"><![CDATA[N]]></Field>
	<Field name="IContextMapRef" type="com.sunopsis.sql.DbInt"><![CDATA[null]]></Field>
	<Field name="IFolder" type="com.sunopsis.sql.DbInt"><![CDATA[1]]></Field>
	<Field name="IMapping" type="com.sunopsis.sql.DbInt"><![CDATA[1]]></Field>
	<Field name="IProject" type="com.sunopsis.sql.DbInt"><![CDATA[null]]></Field>
	<Field name="IScBaseMapping" type="com.sunopsis.sql.DbInt"><![CDATA[null]]></Field>
	<Field name="IScMapping" type="com.sunopsis.sql.DbInt"><![CDATA[null]]></Field>
	<Field name="IScOrigMapping" type="com.sunopsis.sql.DbInt"><![CDATA[null]]></Field>
	<Field name="LastDate" type="java.sql.Timestamp"><![CDATA[2019-12-27 17:50:14.0]]></Field>
	<Field name="LastUser" type="java.lang.String"><![CDATA[SUPERVISOR]]></Field>
	<Field name="MetadataVersion" type="java.lang.String"><![CDATA[12]]></Field>
	<Field name="Name" type="java.lang.String"><![CDATA[demo_map]]></Field>
	<Field name="PropValues" type="java.lang.String">null</Field>
	<Field name="ScOrigMappingTag" type="java.lang.String">null</Field>
</Object>
<Object class="com.sunopsis.dwg.dbobj.SnpMapRef">
		<Field name="AdapterIntfType" type="java.lang.String"><![CDATA[IContext]]></Field>
	<Field name="AdapterName" type="java.lang.String"><![CDATA[ODI]]></Field>
	<Field name="BusinessName" type="java.lang.String">null</Field>
	<Field name="Description" type="java.lang.String">null</Field>
	<Field name="FcoGuid" type="java.lang.String">null</Field>
	<Field name="FcoQualifiedName" type="java.lang.String">null</Field>
	<Field name="FcoQualifiedName2" type="java.lang.String">null</Field>
	<Field name="FcoQualifiedName3" type="java.lang.String">null</Field>
	<Field name="FirstDate" type="java.sql.Timestamp">null</Field>
	<Field name="FirstUser" type="java.lang.String">null</Field>
	<Field name="GlobalId" type="java.lang.String"><![CDATA[6b5aef1e-cd9f-4604-ba52-476f3e5f05d5]]></Field>
	<Field name="IndChange" type="java.lang.String">null</Field>
	<Field name="IntVersion" type="com.sunopsis.sql.DbInt"><![CDATA[null]]></Field>
	<Field name="IFcoId" type="com.sunopsis.sql.DbInt"><![CDATA[null]]></Field>
	<Field name="IMapRef" type="com.sunopsis.sql.DbInt"><![CDATA[1]]></Field>
	<Field name="IOwnerMapping" type="com.sunopsis.sql.DbInt"><![CDATA[1]]></Field>
	<Field name="IRefId" type="com.sunopsis.sql.DbInt"><![CDATA[2]]></Field>
	<Field name="IScId" type="com.sunopsis.sql.DbInt"><![CDATA[null]]></Field>
	<Field name="LastDate" type="java.sql.Timestamp">null</Field>
	<Field name="LastUser" type="java.lang.String">null</Field>
	<Field name="Name" type="java.lang.String">null</Field>
	<Field name="QualifiedName" type="java.lang.String"><![CDATA[GLOBAL]]></Field>
	<Field name="QualifiedName2" type="java.lang.String">null</Field>
	<Field name="QualifiedName3" type="java.lang.String">null</Field>
	<Field name="RefCount" type="com.sunopsis.sql.DbInt"><![CDATA[1]]></Field>
	<Field name="RefGuid" type="java.lang.String"><![CDATA[af79390f-548b-3f6e-b5dc-b152c271c701]]></Field>
	<Field name="ScGuid" type="java.lang.String">null</Field>
</Object>
<Object class="com.sunopsis.dwg.dbobj.SnpDeploySpec">
		<Field name="BusinessName" type="java.lang.String">null</Field>
	<Field name="CleanupOnError" type="java.lang.String"><![CDATA[0]]></Field>
	<Field name="Descript" type="java.lang.String">null</Field>
	<Field name="Description" type="java.lang.String">null</Field>
	<Field name="GlobalId" type="java.lang.String"><![CDATA[febb2acb-7b2d-4083-ab30-7e708647bb57]]></Field>
	<Field name="IsConcurrent" type="java.lang.String"><![CDATA[0]]></Field>
	<Field name="IsFrozen" type="java.lang.String"><![CDATA[0]]></Field>
	<Field name="IDeploySpec" type="com.sunopsis.sql.DbInt"><![CDATA[1]]></Field>
	<Field name="IMapRef" type="com.sunopsis.sql.DbInt"><![CDATA[1]]></Field>
	<Field name="IOwnerMapping" type="com.sunopsis.sql.DbInt"><![CDATA[1]]></Field>
	<Field name="LogStagelocName" type="java.lang.String">null</Field>
	<Field name="Name" type="java.lang.String"><![CDATA[Physical]]></Field>
	<Field name="SyncReqd" type="java.lang.String"><![CDATA[1]]></Field>
</Object>
<Object class="com.sunopsis.dwg.dbobj.SnpMapComp">
		<Field name="Alias" type="java.lang.String">null</Field>
	<Field name="BusinessName" type="java.lang.String">null</Field>
	<Field name="CompTypeVersion" type="java.lang.String">null</Field>
	<Field name="Descript" type="java.lang.String">null</Field>
	<Field name="Description" type="java.lang.String">null</Field>
	<Field name="GlobalId" type="java.lang.String"><![CDATA[2766b9f5-44dc-41df-ad20-03ae7acb3b34]]></Field>
	<Field name="IsCardinal" type="java.lang.String"><![CDATA[0]]></Field>
	<Field name="IsDerivedName" type="java.lang.String"><![CDATA[0]]></Field>
	<Field name="IsHidden" type="java.lang.String"><![CDATA[0]]></Field>
	<Field name="IMapComp" type="com.sunopsis.sql.DbInt"><![CDATA[1]]></Field>
	<Field name="IMapCompType" type="com.sunopsis.sql.DbInt"><![CDATA[5]]></Field>
	<Field name="IMapRef" type="com.sunopsis.sql.DbInt"><![CDATA[null]]></Field>
	<Field name="IOwnerMapping" type="com.sunopsis.sql.DbInt"><![CDATA[1]]></Field>
	<Field name="IOwnerMapComp" type="com.sunopsis.sql.DbInt"><![CDATA[null]]></Field>
	<Field name="ITechno" type="com.sunopsis.sql.DbInt"><![CDATA[null]]></Field>
	<Field name="Name" type="java.lang.String"><![CDATA[Default]]></Field>
	<Field name="PropValues" type="java.lang.String">null</Field>
	<Field name="SortPos" type="com.sunopsis.sql.DbInt"><![CDATA[0]]></Field>
	<Field name="TypeName" type="java.lang.String"><![CDATA[DATASET]]></Field>
</Object>
<Object class="com.sunopsis.dwg.dbobj.SnpMapCp">
		<Field name="BusinessName" type="java.lang.String">null</Field>
	<Field name="Cardinality" type="java.lang.String"><![CDATA[M]]></Field>
	<Field name="CompSubType" type="java.lang.String">null</Field>
	<Field name="CpOrder" type="com.sunopsis.sql.DbInt"><![CDATA[1]]></Field>
	<Field name="CpPos" type="com.sunopsis.sql.DbInt"><![CDATA[null]]></Field>
	<Field name="Descript" type="java.lang.String">null</Field>
	<Field name="Description" type="java.lang.String">null</Field>
	<Field name="Direction" type="java.lang.String"><![CDATA[O]]></Field>
	<Field name="GlobalId" type="java.lang.String"><![CDATA[7fb38149-d265-4342-bc2d-3a6e40e2d2ee]]></Field>
	<Field name="IMapCp" type="com.sunopsis.sql.DbInt"><![CDATA[1]]></Field>
	<Field name="IMapCpRole" type="com.sunopsis.sql.DbInt"><![CDATA[9]]></Field>
	<Field name="IMapRef" type="com.sunopsis.sql.DbInt"><![CDATA[null]]></Field>
	<Field name="IOwnerMapComp" type="com.sunopsis.sql.DbInt"><![CDATA[1]]></Field>
	<Field name="IParMapCp" type="com.sunopsis.sql.DbInt"><![CDATA[null]]></Field>
	<Field name="Name" type="java.lang.String"><![CDATA[OUTPUT1]]></Field>
</Object>
<Object class="com.sunopsis.dwg.dbobj.SnpMapProp">
		<Field name="BusinessName" type="java.lang.String">null</Field>
	<Field name="Descript" type="java.lang.String">null</Field>
	<Field name="Description" type="java.lang.String">null</Field>
	<Field name="DispNameKey" type="java.lang.String">null</Field>
	<Field name="GlobalId" type="java.lang.String"><![CDATA[565f7c56-9cda-4ff3-a68b-2a7e3d7ee90f]]></Field>
	<Field name="IsHidden" type="java.lang.String"><![CDATA[0]]></Field>
	<Field name="IDeploySpec" type="com.sunopsis.sql.DbInt"><![CDATA[1]]></Field>
	<Field name="IExecUnit" type="com.sunopsis.sql.DbInt"><![CDATA[null]]></Field>
	<Field name="IMapping" type="com.sunopsis.sql.DbInt"><![CDATA[null]]></Field>
	<Field name="IMapAttr" type="com.sunopsis.sql.DbInt"><![CDATA[null]]></Field>
	<Field name="IMapComp" type="com.sunopsis.sql.DbInt"><![CDATA[null]]></Field>
	<Field name="IMapCp" type="com.sunopsis.sql.DbInt"><![CDATA[null]]></Field>
	<Field name="IMapProp" type="com.sunopsis.sql.DbInt"><![CDATA[5]]></Field>
	<Field name="IMapPropParent" type="com.sunopsis.sql.DbInt"><![CDATA[null]]></Field>
	<Field name="IOwnerMapping" type="com.sunopsis.sql.DbInt"><![CDATA[1]]></Field>
	<Field name="IPhyNode" type="com.sunopsis.sql.DbInt"><![CDATA[null]]></Field>
	<Field name="IPropDef" type="com.sunopsis.sql.DbInt"><![CDATA[217]]></Field>
	<Field name="IPropXrefValue" type="com.sunopsis.sql.DbInt"><![CDATA[null]]></Field>
	<Field name="Name" type="java.lang.String"><![CDATA[END_MAPPING_CMD]]></Field>
	<Field name="PropDefGuid" type="java.lang.String">null</Field>
	<Field name="PropDefQualifiedName" type="java.lang.String">null</Field>
	<Field name="PropOrder" type="com.sunopsis.sql.DbInt"><![CDATA[-1]]></Field>
	<Field name="PropType" type="java.lang.String"><![CDATA[E]]></Field>
	<Field name="PropValue" type="java.lang.String">null</Field>
</Object>
<Object class="com.sunopsis.dwg.dbobj.SnpMapExpr">
		<Field name="ExecOnHint" type="java.lang.String"><![CDATA[N]]></Field>
	<Field name="FirstDate" type="java.sql.Timestamp">null</Field>
	<Field name="FirstUser" type="java.lang.String">null</Field>
	<Field name="GlobalId" type="java.lang.String"><![CDATA[e7145a80-f126-4d5c-a4d3-75f4b6c26cec]]></Field>
	<Field name="HasUnparsedIdent" type="java.lang.String">null</Field>
	<Field name="IndChange" type="java.lang.String">null</Field>
	<Field name="IntVersion" type="com.sunopsis.sql.DbInt"><![CDATA[null]]></Field>
	<Field name="IsActive" type="java.lang.String">null</Field>
	<Field name="IsParsed" type="java.lang.String"><![CDATA[0]]></Field>
	<Field name="IDisTechRef" type="com.sunopsis.sql.DbInt"><![CDATA[null]]></Field>
	<Field name="IExOnLsRef" type="com.sunopsis.sql.DbInt"><![CDATA[null]]></Field>
	<Field name="IMapCp" type="com.sunopsis.sql.DbInt"><![CDATA[null]]></Field>
	<Field name="IMapExpr" type="com.sunopsis.sql.DbInt"><![CDATA[4]]></Field>
	<Field name="IOwnerMapAttr" type="com.sunopsis.sql.DbInt"><![CDATA[null]]></Field>
	<Field name="IOwnerMapProp" type="com.sunopsis.sql.DbInt"><![CDATA[5]]></Field>
	<Field name="LastDate" type="java.sql.Timestamp">null</Field>
	<Field name="LastUser" type="java.lang.String">null</Field>
	<Field name="ParsedText" type="java.lang.String">null</Field>
	<Field name="ParsedTxt" type="java.lang.String">null</Field>
	<Field name="PropValues" type="java.lang.String">null</Field>
	<Field name="Text" type="java.lang.String">null</Field>
	<Field name="TextHash" type="com.sunopsis.sql.DbInt"><![CDATA[0]]></Field>
	<Field name="TextOnly" type="java.lang.String"><![CDATA[0]]></Field>
	<Field name="Txt" type="java.lang.String">null</Field>
	<Field name="ValidationCode" type="java.lang.String">null</Field>
</Object>
<Object class="com.sunopsis.dwg.dbobj.SnpMapProp">
		<Field name="BusinessName" type="java.lang.String">null</Field>
	<Field name="Descript" type="java.lang.String">null</Field>
	<Field name="Description" type="java.lang.String">null</Field>
	<Field name="DispNameKey" type="java.lang.String">null</Field>
	<Field name="GlobalId" type="java.lang.String"><![CDATA[a8d8f2be-fb51-40cc-a6ff-8e9d869fe508]]></Field>
	<Field name="IsHidden" type="java.lang.String"><![CDATA[0]]></Field>
	<Field name="IDeploySpec" type="com.sunopsis.sql.DbInt"><![CDATA[1]]></Field>
	<Field name="IExecUnit" type="com.sunopsis.sql.DbInt"><![CDATA[null]]></Field>
	<Field name="IMapping" type="com.sunopsis.sql.DbInt"><![CDATA[null]]></Field>
	<Field name="IMapAttr" type="com.sunopsis.sql.DbInt"><![CDATA[null]]></Field>
	<Field name="IMapComp" type="com.sunopsis.sql.DbInt"><![CDATA[null]]></Field>
	<Field name="IMapCp" type="com.sunopsis.sql.DbInt"><![CDATA[null]]></Field>
	<Field name="IMapProp" type="com.sunopsis.sql.DbInt"><![CDATA[4]]></Field>
	<Field name="IMapPropParent" type="com.sunopsis.sql.DbInt"><![CDATA[null]]></Field>
	<Field name="IOwnerMapping" type="com.sunopsis.sql.DbInt"><![CDATA[1]]></Field>
	<Field name="IPhyNode" type="com.sunopsis.sql.DbInt"><![CDATA[null]]></Field>
	<Field name="IPropDef" type="com.sunopsis.sql.DbInt"><![CDATA[214]]></Field>
	<Field name="IPropXrefValue" type="com.sunopsis.sql.DbInt"><![CDATA[null]]></Field>
	<Field name="Name" type="java.lang.String"><![CDATA[BEGIN_MAPPING_CMD]]></Field>
	<Field name="PropDefGuid" type="java.lang.String">null</Field>
	<Field name="PropDefQualifiedName" type="java.lang.String">null</Field>
	<Field name="PropOrder" type="com.sunopsis.sql.DbInt"><![CDATA[-1]]></Field>
	<Field name="PropType" type="java.lang.String"><![CDATA[E]]></Field>
	<Field name="PropValue" type="java.lang.String">null</Field>
</Object>
<Object class="com.sunopsis.dwg.dbobj.SnpMapExpr">
		<Field name="ExecOnHint" type="java.lang.String"><![CDATA[N]]></Field>
	<Field name="FirstDate" type="java.sql.Timestamp">null</Field>
	<Field name="FirstUser" type="java.lang.String">null</Field>
	<Field name="GlobalId" type="java.lang.String"><![CDATA[9147fe35-57db-415d-8da5-37265c1d917e]]></Field>
	<Field name="HasUnparsedIdent" type="java.lang.String">null</Field>
	<Field name="IndChange" type="java.lang.String">null</Field>
	<Field name="IntVersion" type="com.sunopsis.sql.DbInt"><![CDATA[null]]></Field>
	<Field name="IsActive" type="java.lang.String">null</Field>
	<Field name="IsParsed" type="java.lang.String"><![CDATA[0]]></Field>
	<Field name="IDisTechRef" type="com.sunopsis.sql.DbInt"><![CDATA[null]]></Field>
	<Field name="IExOnLsRef" type="com.sunopsis.sql.DbInt"><![CDATA[null]]></Field>
	<Field name="IMapCp" type="com.sunopsis.sql.DbInt"><![CDATA[null]]></Field>
	<Field name="IMapExpr" type="com.sunopsis.sql.DbInt"><![CDATA[3]]></Field>
	<Field name="IOwnerMapAttr" type="com.sunopsis.sql.DbInt"><![CDATA[null]]></Field>
	<Field name="IOwnerMapProp" type="com.sunopsis.sql.DbInt"><![CDATA[4]]></Field>
	<Field name="LastDate" type="java.sql.Timestamp">null</Field>
	<Field name="LastUser" type="java.lang.String">null</Field>
	<Field name="ParsedText" type="java.lang.String">null</Field>
	<Field name="ParsedTxt" type="java.lang.String">null</Field>
	<Field name="PropValues" type="java.lang.String">null</Field>
	<Field name="Text" type="java.lang.String">null</Field>
	<Field name="TextHash" type="com.sunopsis.sql.DbInt"><![CDATA[0]]></Field>
	<Field name="TextOnly" type="java.lang.String"><![CDATA[0]]></Field>
	<Field name="Txt" type="java.lang.String">null</Field>
	<Field name="ValidationCode" type="java.lang.String">null</Field>
</Object>
<Object class="com.sunopsis.dwg.dbobj.SnpMapProp">
		<Field name="BusinessName" type="java.lang.String">null</Field>
	<Field name="Descript" type="java.lang.String">null</Field>
	<Field name="Description" type="java.lang.String">null</Field>
	<Field name="DispNameKey" type="java.lang.String">null</Field>
	<Field name="GlobalId" type="java.lang.String"><![CDATA[6aa828d3-4de2-410c-af8e-70762c29305f]]></Field>
	<Field name="IsHidden" type="java.lang.String"><![CDATA[1]]></Field>
	<Field name="IDeploySpec" type="com.sunopsis.sql.DbInt"><![CDATA[null]]></Field>
	<Field name="IExecUnit" type="com.sunopsis.sql.DbInt"><![CDATA[null]]></Field>
	<Field name="IMapping" type="com.sunopsis.sql.DbInt"><![CDATA[null]]></Field>
	<Field name="IMapAttr" type="com.sunopsis.sql.DbInt"><![CDATA[null]]></Field>
	<Field name="IMapComp" type="com.sunopsis.sql.DbInt"><![CDATA[1]]></Field>
	<Field name="IMapCp" type="com.sunopsis.sql.DbInt"><![CDATA[null]]></Field>
	<Field name="IMapProp" type="com.sunopsis.sql.DbInt"><![CDATA[3]]></Field>
	<Field name="IMapPropParent" type="com.sunopsis.sql.DbInt"><![CDATA[null]]></Field>
	<Field name="IOwnerMapping" type="com.sunopsis.sql.DbInt"><![CDATA[1]]></Field>
	<Field name="IPhyNode" type="com.sunopsis.sql.DbInt"><![CDATA[null]]></Field>
	<Field name="IPropDef" type="com.sunopsis.sql.DbInt"><![CDATA[61]]></Field>
	<Field name="IPropXrefValue" type="com.sunopsis.sql.DbInt"><![CDATA[null]]></Field>
	<Field name="Name" type="java.lang.String"><![CDATA[LAST_COMPONENT_NAME]]></Field>
	<Field name="PropDefGuid" type="java.lang.String">null</Field>
	<Field name="PropDefQualifiedName" type="java.lang.String">null</Field>
	<Field name="PropOrder" type="com.sunopsis.sql.DbInt"><![CDATA[-1]]></Field>
	<Field name="PropType" type="java.lang.String"><![CDATA[S]]></Field>
	<Field name="PropValue" type="java.lang.String"><![CDATA[/%%@{EMPTY_STRING}%%/]]></Field>
</Object>
<Object class="com.sunopsis.dwg.dbobj.SnpMapProp">
		<Field name="BusinessName" type="java.lang.String">null</Field>
	<Field name="Descript" type="java.lang.String">null</Field>
	<Field name="Description" type="java.lang.String">null</Field>
	<Field name="DispNameKey" type="java.lang.String">null</Field>
	<Field name="GlobalId" type="java.lang.String"><![CDATA[19333b74-a4ca-47a4-8433-5702e78267c4]]></Field>
	<Field name="IsHidden" type="java.lang.String"><![CDATA[1]]></Field>
	<Field name="IDeploySpec" type="com.sunopsis.sql.DbInt"><![CDATA[null]]></Field>
	<Field name="IExecUnit" type="com.sunopsis.sql.DbInt"><![CDATA[null]]></Field>
	<Field name="IMapping" type="com.sunopsis.sql.DbInt"><![CDATA[1]]></Field>
	<Field name="IMapAttr" type="com.sunopsis.sql.DbInt"><![CDATA[null]]></Field>
	<Field name="IMapComp" type="com.sunopsis.sql.DbInt"><![CDATA[null]]></Field>
	<Field name="IMapCp" type="com.sunopsis.sql.DbInt"><![CDATA[null]]></Field>
	<Field name="IMapProp" type="com.sunopsis.sql.DbInt"><![CDATA[2]]></Field>
	<Field name="IMapPropParent" type="com.sunopsis.sql.DbInt"><![CDATA[null]]></Field>
	<Field name="IOwnerMapping" type="com.sunopsis.sql.DbInt"><![CDATA[1]]></Field>
	<Field name="IPhyNode" type="com.sunopsis.sql.DbInt"><![CDATA[null]]></Field>
	<Field name="IPropDef" type="com.sunopsis.sql.DbInt"><![CDATA[191]]></Field>
	<Field name="IPropXrefValue" type="com.sunopsis.sql.DbInt"><![CDATA[null]]></Field>
	<Field name="Name" type="java.lang.String"><![CDATA[XMLDiagramSettings]]></Field>
	<Field name="PropDefGuid" type="java.lang.String">null</Field>
	<Field name="PropDefQualifiedName" type="java.lang.String">null</Field>
	<Field name="PropOrder" type="com.sunopsis.sql.DbInt"><![CDATA[-1]]></Field>
	<Field name="PropType" type="java.lang.String"><![CDATA[S]]></Field>
	<Field name="PropValue" type="java.lang.String">null</Field>
</Object>
<Object class="com.sunopsis.dwg.dbobj.SnpMapExpr">
		<Field name="ExecOnHint" type="java.lang.String"><![CDATA[N]]></Field>
	<Field name="FirstDate" type="java.sql.Timestamp">null</Field>
	<Field name="FirstUser" type="java.lang.String">null</Field>
	<Field name="GlobalId" type="java.lang.String"><![CDATA[488f326c-614a-4c50-95da-d37034f5c463]]></Field>
	<Field name="HasUnparsedIdent" type="java.lang.String">null</Field>
	<Field name="IndChange" type="java.lang.String">null</Field>
	<Field name="IntVersion" type="com.sunopsis.sql.DbInt"><![CDATA[null]]></Field>
	<Field name="IsActive" type="java.lang.String">null</Field>
	<Field name="IsParsed" type="java.lang.String"><![CDATA[0]]></Field>
	<Field name="IDisTechRef" type="com.sunopsis.sql.DbInt"><![CDATA[null]]></Field>
	<Field name="IExOnLsRef" type="com.sunopsis.sql.DbInt"><![CDATA[null]]></Field>
	<Field name="IMapCp" type="com.sunopsis.sql.DbInt"><![CDATA[null]]></Field>
	<Field name="IMapExpr" type="com.sunopsis.sql.DbInt"><![CDATA[2]]></Field>
	<Field name="IOwnerMapAttr" type="com.sunopsis.sql.DbInt"><![CDATA[null]]></Field>
	<Field name="IOwnerMapProp" type="com.sunopsis.sql.DbInt"><![CDATA[2]]></Field>
	<Field name="LastDate" type="java.sql.Timestamp">null</Field>
	<Field name="LastUser" type="java.lang.String">null</Field>
	<Field name="ParsedText" type="java.lang.String">null</Field>
	<Field name="ParsedTxt" type="java.lang.String">null</Field>
	<Field name="PropValues" type="java.lang.String">null</Field>
	<Field name="Text" type="java.lang.String">null</Field>
	<Field name="TextHash" type="com.sunopsis.sql.DbInt"><![CDATA[0]]></Field>
	<Field name="TextOnly" type="java.lang.String"><![CDATA[1]]></Field>
	<Field name="Txt" type="java.lang.String"><![CDATA[<?xml version='1.0' encoding='UTF-8' standalone='yes'?>
<xmi:XMI xmlns:xmi='http://www.omg.org/spec/XMI/20131001' xmlns:DI='http://xmlns.omg.org/DI/2.0'>
  <documentation exporter='Oracle IDE' exporterVersion='12.2.1'/>
  <DI:Diagram xmi:type='DI:Diagram' xmi:id='id69c4895a-8d2e-49a7-9148-3aefe691b1cc' zoom='0.0'>
    <contained xmi:type='DI:GraphNode' xmi:id='id29a2b219-b232-41a8-90f0-5d51239f9e0c'>
      <contained xmi:type='DI:GraphNode' xmi:id='ida3b983de-5566-409f-b7c7-631a965a3e35'>
        <semanticModel xmi:type='DI:SimpleSemanticModelBridge' typeInfo='COMPACT'/>
        <size xmi:type='DI:Dimension' height='9.999999682655225E-21' width='9.999999682655225E-21'/>
      </contained>
      <contained xmi:type='DI:GraphNode' xmi:id='id8a25fb1c-c381-4dd6-88f8-dfd4fbe87f1b'>
        <contained xmi:type='DI:GraphNode' xmi:id='id6ef60d10-abd5-48c9-8bfa-062106e2885b'>
          <position xmi:type='DI:Point' x='0.0' y='0.0'/>
          <semanticModel xmi:type='DI:SimpleSemanticModelBridge' typeInfo='BodyCompartment'/>
        </contained>
        <semanticModel xmi:type='DI:SimpleSemanticModelBridge' typeInfo='EXPANDED'/>
        <size xmi:type='DI:Dimension' height='400.0' width='300.0'/>
      </contained>
      <position xmi:type='DI:Point' x='40.0' y='0.0'/>
      <property xmi:type='DI:Property' key='GroupName' value='Group1'/>
      <property xmi:type='DI:Property' key='showTitle' value='true'/>
      <property xmi:type='DI:Property' key='fillColor' value='#c6d6ff'/>
      <property xmi:type='DI:Property' key='titleAlignment' value='CENTER'/>
      <property xmi:type='DI:Property' key='font' value='SansSerif,plain,11'/>
      <property xmi:type='DI:Property' key='fontColor' value='#0'/>
      <property xmi:type='DI:Property' key='lineColor' value='#a5a5a5'/>
      <property xmi:type='DI:Property' key='lineWidth' value='1.0'/>
      <semanticModel xmi:type='DI:CoreSemanticModelBridge' element='LogicalInterfaceComponent:DATASET:LogicalGrouper:2766b9f5-44dc-41df-ad20-03ae7acb3b34' presentation='EXPANDED'/>
      <size xmi:type='DI:Dimension' height='400.0' width='300.0'/>
    </contained>
    <property xmi:type='DI:Property' key='gridSize' value='15'/>
    <property xmi:type='DI:Property' key='snapToGrid' value='true'/>
    <property xmi:type='DI:Property' key='EdgeCrossingType' value='0'/>
    <property xmi:type='DI:Property' key='showGrid' value='false'/>
    <property xmi:type='DI:Property' key='DiagramLayoutStyle' value='2'/>
    <property xmi:type='DI:Property' key='alignmentRulersColor' value='#99d9ea'/>
    <property xmi:type='DI:Property' key='maxEntriesInShape' value='10'/>
    <property xmi:type='DI:Property' key='showAlignmentRulers' value='false'/>
    <property xmi:type='DI:Property' key='maxShapeWidth' value='200'/>
    <property xmi:type='DI:Property' key='minLayoutDistance' value='40'/>
    <property xmi:type='DI:Property' key='PageOrientation' value='1'/>
    <property xmi:type='DI:Property' key='ContainerLayoutStyle' value='2'/>
    <property xmi:type='DI:Property' key='PaperOrientation' value='Portrait'/>
    <property xmi:type='DI:Property' key='PrintAreaX' value='0.0'/>
    <property xmi:type='DI:Property' key='PrintAreaY' value='0.0'/>
    <property xmi:type='DI:Property' key='PrintAreaWidth' value='0.0'/>
    <property xmi:type='DI:Property' key='PrintAreaHeight' value='0.0'/>
    <semanticModel xmi:type='DI:SimpleSemanticModelBridge' typeInfo='etl_xinterface_logical'/>
  </DI:Diagram>
</xmi:XMI>]]></Field>
	<Field name="ValidationCode" type="java.lang.String">null</Field>
</Object>
<Object class="com.sunopsis.dwg.dbobj.SnpMapProp">
		<Field name="BusinessName" type="java.lang.String">null</Field>
	<Field name="Descript" type="java.lang.String">null</Field>
	<Field name="Description" type="java.lang.String">null</Field>
	<Field name="DispNameKey" type="java.lang.String">null</Field>
	<Field name="GlobalId" type="java.lang.String"><![CDATA[484a7e24-ec54-4428-a15b-9fea968d4217]]></Field>
	<Field name="IsHidden" type="java.lang.String"><![CDATA[0]]></Field>
	<Field name="IDeploySpec" type="com.sunopsis.sql.DbInt"><![CDATA[null]]></Field>
	<Field name="IExecUnit" type="com.sunopsis.sql.DbInt"><![CDATA[null]]></Field>
	<Field name="IMapping" type="com.sunopsis.sql.DbInt"><![CDATA[1]]></Field>
	<Field name="IMapAttr" type="com.sunopsis.sql.DbInt"><![CDATA[null]]></Field>
	<Field name="IMapComp" type="com.sunopsis.sql.DbInt"><![CDATA[null]]></Field>
	<Field name="IMapCp" type="com.sunopsis.sql.DbInt"><![CDATA[null]]></Field>
	<Field name="IMapProp" type="com.sunopsis.sql.DbInt"><![CDATA[1]]></Field>
	<Field name="IMapPropParent" type="com.sunopsis.sql.DbInt"><![CDATA[null]]></Field>
	<Field name="IOwnerMapping" type="com.sunopsis.sql.DbInt"><![CDATA[1]]></Field>
	<Field name="IPhyNode" type="com.sunopsis.sql.DbInt"><![CDATA[null]]></Field>
	<Field name="IPropDef" type="com.sunopsis.sql.DbInt"><![CDATA[194]]></Field>
	<Field name="IPropXrefValue" type="com.sunopsis.sql.DbInt"><![CDATA[null]]></Field>
	<Field name="Name" type="java.lang.String"><![CDATA[TARGET_LOAD_ORDER]]></Field>
	<Field name="PropDefGuid" type="java.lang.String">null</Field>
	<Field name="PropDefQualifiedName" type="java.lang.String">null</Field>
	<Field name="PropOrder" type="com.sunopsis.sql.DbInt"><![CDATA[-1]]></Field>
	<Field name="PropType" type="java.lang.String"><![CDATA[E]]></Field>
	<Field name="PropValue" type="java.lang.String">null</Field>
</Object>
<Object class="com.sunopsis.dwg.dbobj.SnpMapExpr">
		<Field name="ExecOnHint" type="java.lang.String"><![CDATA[N]]></Field>
	<Field name="FirstDate" type="java.sql.Timestamp">null</Field>
	<Field name="FirstUser" type="java.lang.String">null</Field>
	<Field name="GlobalId" type="java.lang.String"><![CDATA[16b3b798-b8ac-4eae-8ee1-56f8d095b6b9]]></Field>
	<Field name="HasUnparsedIdent" type="java.lang.String">null</Field>
	<Field name="IndChange" type="java.lang.String">null</Field>
	<Field name="IntVersion" type="com.sunopsis.sql.DbInt"><![CDATA[null]]></Field>
	<Field name="IsActive" type="java.lang.String">null</Field>
	<Field name="IsParsed" type="java.lang.String"><![CDATA[0]]></Field>
	<Field name="IDisTechRef" type="com.sunopsis.sql.DbInt"><![CDATA[null]]></Field>
	<Field name="IExOnLsRef" type="com.sunopsis.sql.DbInt"><![CDATA[null]]></Field>
	<Field name="IMapCp" type="com.sunopsis.sql.DbInt"><![CDATA[null]]></Field>
	<Field name="IMapExpr" type="com.sunopsis.sql.DbInt"><![CDATA[1]]></Field>
	<Field name="IOwnerMapAttr" type="com.sunopsis.sql.DbInt"><![CDATA[null]]></Field>
	<Field name="IOwnerMapProp" type="com.sunopsis.sql.DbInt"><![CDATA[1]]></Field>
	<Field name="LastDate" type="java.sql.Timestamp">null</Field>
	<Field name="LastUser" type="java.lang.String">null</Field>
	<Field name="ParsedText" type="java.lang.String">null</Field>
	<Field name="ParsedTxt" type="java.lang.String">null</Field>
	<Field name="PropValues" type="java.lang.String">null</Field>
	<Field name="Text" type="java.lang.String">null</Field>
	<Field name="TextHash" type="com.sunopsis.sql.DbInt"><![CDATA[0]]></Field>
	<Field name="TextOnly" type="java.lang.String"><![CDATA[0]]></Field>
	<Field name="Txt" type="java.lang.String">null</Field>
	<Field name="ValidationCode" type="java.lang.String">null</Field>
</Object>
<Object class="com.sunopsis.dwg.dbobj.SnpFKXRef">
		<Field name="RefKey" type="java.lang.String"><![CDATA[SNP_FOLDER.1]]></Field>
	<Field name="RefObjGlobalId" type="java.lang.String"><![CDATA[454a1fdd-0b62-40d7-a68a-7b1da78e5d1b]]></Field>
 <Field name="RefObjFQName" type="java.lang.String"><![CDATA[Git_Demo.First Folder]]></Field>
 <Field name="RefObjFQType" type="java.lang.String"><![CDATA[SNP_PROJECT.SNP_FOLDER]]></Field>
 <Field name="RefObjFQNameLengths" type="java.lang.String"><![CDATA[8.12]]></Field>
</Object>
<Object class="com.sunopsis.dwg.dbobj.SnpFKXRef">
		<Field name="RefKey" type="java.lang.String"><![CDATA[SNP_MAPPING.1]]></Field>
	<Field name="RefObjGlobalId" type="java.lang.String"><![CDATA[471dee1f-4a2c-4eb9-a69a-6cd63028866a]]></Field>
 <Field name="RefObjFQName" type="java.lang.String"><![CDATA[Git_Demo.First Folder.demo_map]]></Field>
 <Field name="RefObjFQType" type="java.lang.String"><![CDATA[SNP_PROJECT.SNP_FOLDER.SNP_MAPPING]]></Field>
 <Field name="RefObjFQNameLengths" type="java.lang.String"><![CDATA[8.12.8]]></Field>
</Object>
<Object class="com.sunopsis.dwg.dbobj.SnpFKXRef">
		<Field name="RefKey" type="java.lang.String"><![CDATA[SNP_CONTEXT.2]]></Field>
	<Field name="RefObjGlobalId" type="java.lang.String"><![CDATA[af79390f-548b-3f6e-b5dc-b152c271c701]]></Field>
 <Field name="RefObjFQName" type="java.lang.String"><![CDATA[Global]]></Field>
 <Field name="RefObjFQType" type="java.lang.String"><![CDATA[SNP_CONTEXT]]></Field>
 <Field name="RefObjFQNameLengths" type="java.lang.String"><![CDATA[6]]></Field>
</Object>
<Object class="com.sunopsis.dwg.dbobj.SnpFKXRef">
		<Field name="RefKey" type="java.lang.String"><![CDATA[SNP_MAPREF.1]]></Field>
	<Field name="RefObjGlobalId" type="java.lang.String"><![CDATA[6b5aef1e-cd9f-4604-ba52-476f3e5f05d5]]></Field>
 <Field name="RefObjFQName" type="java.lang.String">null</Field>
 <Field name="RefObjFQType" type="java.lang.String">null</Field>
 <Field name="RefObjFQNameLengths" type="java.lang.String">null</Field>
</Object>
<Object class="com.sunopsis.dwg.dbobj.SnpFKXRef">
		<Field name="RefKey" type="java.lang.String"><![CDATA[SNP_MAPCOMPTYPE.5]]></Field>
	<Field name="RefObjGlobalId" type="java.lang.String"><![CDATA[1af807e6-c4ef-449e-8d8d-25c3f0cfcb2f]]></Field>
 <Field name="RefObjFQName" type="java.lang.String"><![CDATA[DATASET]]></Field>
 <Field name="RefObjFQType" type="java.lang.String"><![CDATA[SNP_MAPCOMPTYPE]]></Field>
 <Field name="RefObjFQNameLengths" type="java.lang.String"><![CDATA[7]]></Field>
</Object>
<Object class="com.sunopsis.dwg.dbobj.SnpFKXRef">
		<Field name="RefKey" type="java.lang.String"><![CDATA[SNP_MAPCOMP.1]]></Field>
	<Field name="RefObjGlobalId" type="java.lang.String"><![CDATA[2766b9f5-44dc-41df-ad20-03ae7acb3b34]]></Field>
 <Field name="RefObjFQName" type="java.lang.String"><![CDATA[Git_Demo.First Folder.demo_map.Default]]></Field>
 <Field name="RefObjFQType" type="java.lang.String"><![CDATA[SNP_PROJECT.SNP_FOLDER.SNP_MAPPING.SNP_MAPCOMP]]></Field>
 <Field name="RefObjFQNameLengths" type="java.lang.String"><![CDATA[8.12.8.7]]></Field>
</Object>
<Object class="com.sunopsis.dwg.dbobj.SnpFKXRef">
		<Field name="RefKey" type="java.lang.String"><![CDATA[SNP_MAPCPROLE.9]]></Field>
	<Field name="RefObjGlobalId" type="java.lang.String"><![CDATA[b104a845-6ced-4f9f-830f-3f3231938a4d]]></Field>
 <Field name="RefObjFQName" type="java.lang.String"><![CDATA[DATASET.OUTPUT]]></Field>
 <Field name="RefObjFQType" type="java.lang.String"><![CDATA[SNP_MAPCOMPTYPE.SNP_MAPCPROLE]]></Field>
 <Field name="RefObjFQNameLengths" type="java.lang.String"><![CDATA[7.6]]></Field>
</Object>
<Object class="com.sunopsis.dwg.dbobj.SnpFKXRef">
		<Field name="RefKey" type="java.lang.String"><![CDATA[SNP_DEPLOYSPEC.1]]></Field>
	<Field name="RefObjGlobalId" type="java.lang.String"><![CDATA[febb2acb-7b2d-4083-ab30-7e708647bb57]]></Field>
 <Field name="RefObjFQName" type="java.lang.String"><![CDATA[Git_Demo.First Folder.demo_map.Physical]]></Field>
 <Field name="RefObjFQType" type="java.lang.String"><![CDATA[SNP_PROJECT.SNP_FOLDER.SNP_MAPPING.SNP_DEPLOYSPEC]]></Field>
 <Field name="RefObjFQNameLengths" type="java.lang.String"><![CDATA[8.12.8.8]]></Field>
</Object>
<Object class="com.sunopsis.dwg.dbobj.SnpFKXRef">
		<Field name="RefKey" type="java.lang.String"><![CDATA[SNP_MAPPROPDEF.217]]></Field>
	<Field name="RefObjGlobalId" type="java.lang.String"><![CDATA[5bfe5cc1-902e-4d94-bc79-c9811755758b]]></Field>
 <Field name="RefObjFQName" type="java.lang.String"><![CDATA[END_MAPPING_CMD]]></Field>
 <Field name="RefObjFQType" type="java.lang.String"><![CDATA[SNP_MAPPROPDEF]]></Field>
 <Field name="RefObjFQNameLengths" type="java.lang.String"><![CDATA[15]]></Field>
</Object>
<Object class="com.sunopsis.dwg.dbobj.SnpFKXRef">
		<Field name="RefKey" type="java.lang.String"><![CDATA[SNP_MAPPROP.5]]></Field>
	<Field name="RefObjGlobalId" type="java.lang.String"><![CDATA[565f7c56-9cda-4ff3-a68b-2a7e3d7ee90f]]></Field>
 <Field name="RefObjFQName" type="java.lang.String"><![CDATA[Git_Demo.First Folder.demo_map.END_MAPPING_CMD]]></Field>
 <Field name="RefObjFQType" type="java.lang.String"><![CDATA[SNP_PROJECT.SNP_FOLDER.SNP_MAPPING.SNP_MAPPROP]]></Field>
 <Field name="RefObjFQNameLengths" type="java.lang.String"><![CDATA[8.12.8.15]]></Field>
</Object>
<Object class="com.sunopsis.dwg.dbobj.SnpFKXRef">
		<Field name="RefKey" type="java.lang.String"><![CDATA[SNP_MAPPROPDEF.214]]></Field>
	<Field name="RefObjGlobalId" type="java.lang.String"><![CDATA[cf0e5fd5-f2d3-4ec0-bf91-b15859c78ef7]]></Field>
 <Field name="RefObjFQName" type="java.lang.String"><![CDATA[BEGIN_MAPPING_CMD]]></Field>
 <Field name="RefObjFQType" type="java.lang.String"><![CDATA[SNP_MAPPROPDEF]]></Field>
 <Field name="RefObjFQNameLengths" type="java.lang.String"><![CDATA[17]]></Field>
</Object>
<Object class="com.sunopsis.dwg.dbobj.SnpFKXRef">
		<Field name="RefKey" type="java.lang.String"><![CDATA[SNP_MAPPROP.4]]></Field>
	<Field name="RefObjGlobalId" type="java.lang.String"><![CDATA[a8d8f2be-fb51-40cc-a6ff-8e9d869fe508]]></Field>
 <Field name="RefObjFQName" type="java.lang.String"><![CDATA[Git_Demo.First Folder.demo_map.BEGIN_MAPPING_CMD]]></Field>
 <Field name="RefObjFQType" type="java.lang.String"><![CDATA[SNP_PROJECT.SNP_FOLDER.SNP_MAPPING.SNP_MAPPROP]]></Field>
 <Field name="RefObjFQNameLengths" type="java.lang.String"><![CDATA[8.12.8.17]]></Field>
</Object>
<Object class="com.sunopsis.dwg.dbobj.SnpFKXRef">
		<Field name="RefKey" type="java.lang.String"><![CDATA[SNP_MAPPROPDEF.61]]></Field>
	<Field name="RefObjGlobalId" type="java.lang.String"><![CDATA[9f58c0d1-a6c9-4a06-abc2-e1c9299493b0]]></Field>
 <Field name="RefObjFQName" type="java.lang.String"><![CDATA[DATASET.LAST_COMPONENT_NAME]]></Field>
 <Field name="RefObjFQType" type="java.lang.String"><![CDATA[SNP_MAPCOMPTYPE.SNP_MAPPROPDEF]]></Field>
 <Field name="RefObjFQNameLengths" type="java.lang.String"><![CDATA[7.19]]></Field>
</Object>
<Object class="com.sunopsis.dwg.dbobj.SnpFKXRef">
		<Field name="RefKey" type="java.lang.String"><![CDATA[SNP_MAPPROPDEF.191]]></Field>
	<Field name="RefObjGlobalId" type="java.lang.String"><![CDATA[73fada02-4b4a-41b7-82a7-015a3bd763d9]]></Field>
 <Field name="RefObjFQName" type="java.lang.String"><![CDATA[XMLDiagramSettings]]></Field>
 <Field name="RefObjFQType" type="java.lang.String"><![CDATA[SNP_MAPPROPDEF]]></Field>
 <Field name="RefObjFQNameLengths" type="java.lang.String"><![CDATA[18]]></Field>
</Object>
<Object class="com.sunopsis.dwg.dbobj.SnpFKXRef">
		<Field name="RefKey" type="java.lang.String"><![CDATA[SNP_MAPPROP.2]]></Field>
	<Field name="RefObjGlobalId" type="java.lang.String"><![CDATA[19333b74-a4ca-47a4-8433-5702e78267c4]]></Field>
 <Field name="RefObjFQName" type="java.lang.String"><![CDATA[Git_Demo.First Folder.demo_map.XMLDiagramSettings]]></Field>
 <Field name="RefObjFQType" type="java.lang.String"><![CDATA[SNP_PROJECT.SNP_FOLDER.SNP_MAPPING.SNP_MAPPROP]]></Field>
 <Field name="RefObjFQNameLengths" type="java.lang.String"><![CDATA[8.12.8.18]]></Field>
</Object>
<Object class="com.sunopsis.dwg.dbobj.SnpFKXRef">
		<Field name="RefKey" type="java.lang.String"><![CDATA[SNP_MAPPROPDEF.194]]></Field>
	<Field name="RefObjGlobalId" type="java.lang.String"><![CDATA[9404d502-7340-4269-be5f-b175f57f0268]]></Field>
 <Field name="RefObjFQName" type="java.lang.String"><![CDATA[TARGET_LOAD_ORDER]]></Field>
 <Field name="RefObjFQType" type="java.lang.String"><![CDATA[SNP_MAPPROPDEF]]></Field>
 <Field name="RefObjFQNameLengths" type="java.lang.String"><![CDATA[17]]></Field>
</Object>
<Object class="com.sunopsis.dwg.dbobj.SnpFKXRef">
		<Field name="RefKey" type="java.lang.String"><![CDATA[SNP_MAPPROP.1]]></Field>
	<Field name="RefObjGlobalId" type="java.lang.String"><![CDATA[484a7e24-ec54-4428-a15b-9fea968d4217]]></Field>
 <Field name="RefObjFQName" type="java.lang.String"><![CDATA[Git_Demo.First Folder.demo_map.TARGET_LOAD_ORDER]]></Field>
 <Field name="RefObjFQType" type="java.lang.String"><![CDATA[SNP_PROJECT.SNP_FOLDER.SNP_MAPPING.SNP_MAPPROP]]></Field>
 <Field name="RefObjFQNameLengths" type="java.lang.String"><![CDATA[8.12.8.17]]></Field>
</Object>
<Object class="com.sunopsis.dwg.DwgExportSummary">
		<Field name="ExpTxtNb" type="com.sunopsis.sql.DbInt"><![CDATA[0]]></Field>
	<Field name="InstObjNb" type="com.sunopsis.sql.DbInt"><![CDATA[0]]></Field>
	<Field name="JoinColNb" type="com.sunopsis.sql.DbInt"><![CDATA[0]]></Field>
	<Field name="JoinNb" type="com.sunopsis.sql.DbInt"><![CDATA[0]]></Field>
	<Field name="KeyColNb" type="com.sunopsis.sql.DbInt"><![CDATA[0]]></Field>
	<Field name="KeyNb" type="com.sunopsis.sql.DbInt"><![CDATA[0]]></Field>
	<Field name="LinkDiagNb" type="com.sunopsis.sql.DbInt"><![CDATA[0]]></Field>
	<Field name="MorigTxtNb" type="com.sunopsis.sql.DbInt"><![CDATA[0]]></Field>
	<Field name="MtxtNb" type="com.sunopsis.sql.DbInt"><![CDATA[0]]></Field>
	<Field name="OrigTxtNb" type="com.sunopsis.sql.DbInt"><![CDATA[0]]></Field>
	<Field name="OtherObjectsNb" type="com.sunopsis.sql.DbInt"><![CDATA[15]]></Field>
	<Field name="PlanAgentNb" type="com.sunopsis.sql.DbInt"><![CDATA[0]]></Field>
	<Field name="StepNb" type="com.sunopsis.sql.DbInt"><![CDATA[0]]></Field>
	<Field name="TxtNb" type="com.sunopsis.sql.DbInt"><![CDATA[0]]></Field>
	<Field name="UeOrigNb" type="com.sunopsis.sql.DbInt"><![CDATA[0]]></Field>
	<Field name="UeUsedNb" type="com.sunopsis.sql.DbInt"><![CDATA[0]]></Field>
	<Field name="VarPlanAgentNb" type="com.sunopsis.sql.DbInt"><![CDATA[0]]></Field>
	<Field name="ScenTxtNb" type="com.sunopsis.sql.DbInt"><![CDATA[0]]></Field>
	<Field name="OdiVersion" type="java.lang.String"><![CDATA[12.2.1]]></Field>
	<Field name="OriginRepositoryID" type="com.sunopsis.sql.DbInt"><![CDATA[1]]></Field>
	<Field name="RepositoryVersion" type="java.lang.String"><![CDATA[05.02.02.07]]></Field>
</Object>
</SunopsisExport>
