<?xml version="1.0" encoding="UTF-8"?>
<SunopsisExport>
<Admin RepositoryVersion="05.02.02.07" IsLegacyIdCompatible="false" />
<Encryption algorithm="AES" keyLength="128" exportKeyHash="95vjJVmUOfUYsFyLBI/Uj93Bo3C2qFy91x/J/c2NMRw=" keyVect="p3L3Zfs9fvP68C1Q0LUSPQ==" exportKeySalt="dc744720-6fd4-4c23-88da-790ff7542ae8" containsCipherText="false"/>
<Object class="com.sunopsis.dwg.dbobj.SnpGrpState">
		<Field name="ExtVersion" type="java.lang.String">null</Field>
	<Field name="FirstDate" type="java.sql.Timestamp"><![CDATA[2019-12-27 16:10:01.0]]></Field>
	<Field name="FirstUser" type="java.lang.String"><![CDATA[SUPERVISOR]]></Field>
	<Field name="GlobalId" type="java.lang.String"><![CDATA[c70c3ff3-8ab0-422e-bcb9-006686f491a7]]></Field>
	<Field name="GrpOrderDisp" type="com.sunopsis.sql.DbInt"><![CDATA[1]]></Field>
	<Field name="GrpStateCode" type="java.lang.String"><![CDATA[PRIORITIES]]></Field>
	<Field name="GrpStateName" type="java.lang.String"><![CDATA[Priorities]]></Field>
	<Field name="IndAutoIncrement" type="java.lang.String"><![CDATA[0]]></Field>
	<Field name="IndChange" type="java.lang.String">null</Field>
	<Field name="IndInternal" type="java.lang.String"><![CDATA[0]]></Field>
	<Field name="IndMultiStates" type="java.lang.String"><![CDATA[0]]></Field>
	<Field name="IntVersion" type="com.sunopsis.sql.DbInt"><![CDATA[1]]></Field>
	<Field name="IGrpState" type="com.sunopsis.sql.DbInt"><![CDATA[1]]></Field>
	<Field name="IProject" type="com.sunopsis.sql.DbInt"><![CDATA[1]]></Field>
	<Field name="LastDate" type="java.sql.Timestamp"><![CDATA[2019-12-27 16:10:01.0]]></Field>
	<Field name="LastUser" type="java.lang.String"><![CDATA[SUPERVISOR]]></Field>
	<Field name="TreeDisplay" type="java.lang.String"><![CDATA[A]]></Field>
</Object>
<Object class="com.sunopsis.dwg.dbobj.SnpState2">
		<Field name="FirstDate" type="java.sql.Timestamp"><![CDATA[2019-12-27 16:10:01.0]]></Field>
	<Field name="FirstUser" type="java.lang.String"><![CDATA[SUPERVISOR]]></Field>
	<Field name="GlobalId" type="java.lang.String"><![CDATA[57cc6f39-78ea-470d-b812-fcdca18cf600]]></Field>
	<Field name="IconRes" type="java.lang.String"><![CDATA[/markers/taskprior_1.gif]]></Field>
	<Field name="IndChange" type="java.lang.String">null</Field>
	<Field name="IntVersion" type="com.sunopsis.sql.DbInt"><![CDATA[1]]></Field>
	<Field name="InUse" type="java.lang.String"><![CDATA[1]]></Field>
	<Field name="IGrpState" type="com.sunopsis.sql.DbInt"><![CDATA[1]]></Field>
	<Field name="IState" type="com.sunopsis.sql.DbInt"><![CDATA[1]]></Field>
	<Field name="LastDate" type="java.sql.Timestamp"><![CDATA[2019-12-27 16:10:01.0]]></Field>
	<Field name="LastUser" type="java.lang.String"><![CDATA[SUPERVISOR]]></Field>
	<Field name="ShowDesc" type="java.lang.String"><![CDATA[1]]></Field>
	<Field name="StateCode" type="java.lang.String"><![CDATA[PRIORITY_1]]></Field>
	<Field name="StateDatatype" type="java.lang.String"><![CDATA[A]]></Field>
	<Field name="StateName" type="java.lang.String"><![CDATA[Priority 1]]></Field>
	<Field name="StateOrder" type="com.sunopsis.sql.DbInt"><![CDATA[0]]></Field>
</Object>
<Object class="com.sunopsis.dwg.dbobj.SnpState2">
		<Field name="FirstDate" type="java.sql.Timestamp"><![CDATA[2019-12-27 16:10:01.0]]></Field>
	<Field name="FirstUser" type="java.lang.String"><![CDATA[SUPERVISOR]]></Field>
	<Field name="GlobalId" type="java.lang.String"><![CDATA[4e605428-07e6-4ee2-b87f-4199d396d13a]]></Field>
	<Field name="IconRes" type="java.lang.String"><![CDATA[/markers/taskprior_2.gif]]></Field>
	<Field name="IndChange" type="java.lang.String">null</Field>
	<Field name="IntVersion" type="com.sunopsis.sql.DbInt"><![CDATA[1]]></Field>
	<Field name="InUse" type="java.lang.String"><![CDATA[1]]></Field>
	<Field name="IGrpState" type="com.sunopsis.sql.DbInt"><![CDATA[1]]></Field>
	<Field name="IState" type="com.sunopsis.sql.DbInt"><![CDATA[2]]></Field>
	<Field name="LastDate" type="java.sql.Timestamp"><![CDATA[2019-12-27 16:10:01.0]]></Field>
	<Field name="LastUser" type="java.lang.String"><![CDATA[SUPERVISOR]]></Field>
	<Field name="ShowDesc" type="java.lang.String"><![CDATA[1]]></Field>
	<Field name="StateCode" type="java.lang.String"><![CDATA[PRIORITY_2]]></Field>
	<Field name="StateDatatype" type="java.lang.String"><![CDATA[A]]></Field>
	<Field name="StateName" type="java.lang.String"><![CDATA[Priority 2]]></Field>
	<Field name="StateOrder" type="com.sunopsis.sql.DbInt"><![CDATA[1]]></Field>
</Object>
<Object class="com.sunopsis.dwg.dbobj.SnpState2">
		<Field name="FirstDate" type="java.sql.Timestamp"><![CDATA[2019-12-27 16:10:01.0]]></Field>
	<Field name="FirstUser" type="java.lang.String"><![CDATA[SUPERVISOR]]></Field>
	<Field name="GlobalId" type="java.lang.String"><![CDATA[b1987f26-f4d9-48ed-b18a-d2073bde946c]]></Field>
	<Field name="IconRes" type="java.lang.String"><![CDATA[/markers/taskprior_3.gif]]></Field>
	<Field name="IndChange" type="java.lang.String">null</Field>
	<Field name="IntVersion" type="com.sunopsis.sql.DbInt"><![CDATA[1]]></Field>
	<Field name="InUse" type="java.lang.String"><![CDATA[1]]></Field>
	<Field name="IGrpState" type="com.sunopsis.sql.DbInt"><![CDATA[1]]></Field>
	<Field name="IState" type="com.sunopsis.sql.DbInt"><![CDATA[3]]></Field>
	<Field name="LastDate" type="java.sql.Timestamp"><![CDATA[2019-12-27 16:10:01.0]]></Field>
	<Field name="LastUser" type="java.lang.String"><![CDATA[SUPERVISOR]]></Field>
	<Field name="ShowDesc" type="java.lang.String"><![CDATA[1]]></Field>
	<Field name="StateCode" type="java.lang.String"><![CDATA[PRIORITY_3]]></Field>
	<Field name="StateDatatype" type="java.lang.String"><![CDATA[A]]></Field>
	<Field name="StateName" type="java.lang.String"><![CDATA[Priority 3]]></Field>
	<Field name="StateOrder" type="com.sunopsis.sql.DbInt"><![CDATA[2]]></Field>
</Object>
<Object class="com.sunopsis.dwg.dbobj.SnpState2">
		<Field name="FirstDate" type="java.sql.Timestamp"><![CDATA[2019-12-27 16:10:01.0]]></Field>
	<Field name="FirstUser" type="java.lang.String"><![CDATA[SUPERVISOR]]></Field>
	<Field name="GlobalId" type="java.lang.String"><![CDATA[b1af0cb2-058f-41ca-b567-903308b3269d]]></Field>
	<Field name="IconRes" type="java.lang.String"><![CDATA[/markers/taskprior_4.gif]]></Field>
	<Field name="IndChange" type="java.lang.String">null</Field>
	<Field name="IntVersion" type="com.sunopsis.sql.DbInt"><![CDATA[1]]></Field>
	<Field name="InUse" type="java.lang.String"><![CDATA[1]]></Field>
	<Field name="IGrpState" type="com.sunopsis.sql.DbInt"><![CDATA[1]]></Field>
	<Field name="IState" type="com.sunopsis.sql.DbInt"><![CDATA[4]]></Field>
	<Field name="LastDate" type="java.sql.Timestamp"><![CDATA[2019-12-27 16:10:01.0]]></Field>
	<Field name="LastUser" type="java.lang.String"><![CDATA[SUPERVISOR]]></Field>
	<Field name="ShowDesc" type="java.lang.String"><![CDATA[1]]></Field>
	<Field name="StateCode" type="java.lang.String"><![CDATA[PRIORITY_4]]></Field>
	<Field name="StateDatatype" type="java.lang.String"><![CDATA[A]]></Field>
	<Field name="StateName" type="java.lang.String"><![CDATA[Priority 4]]></Field>
	<Field name="StateOrder" type="com.sunopsis.sql.DbInt"><![CDATA[3]]></Field>
</Object>
<Object class="com.sunopsis.dwg.dbobj.SnpState2">
		<Field name="FirstDate" type="java.sql.Timestamp"><![CDATA[2019-12-27 16:10:01.0]]></Field>
	<Field name="FirstUser" type="java.lang.String"><![CDATA[SUPERVISOR]]></Field>
	<Field name="GlobalId" type="java.lang.String"><![CDATA[08d99841-3263-4efc-9d96-c4752f988363]]></Field>
	<Field name="IconRes" type="java.lang.String"><![CDATA[/markers/taskprior_5.gif]]></Field>
	<Field name="IndChange" type="java.lang.String">null</Field>
	<Field name="IntVersion" type="com.sunopsis.sql.DbInt"><![CDATA[1]]></Field>
	<Field name="InUse" type="java.lang.String"><![CDATA[1]]></Field>
	<Field name="IGrpState" type="com.sunopsis.sql.DbInt"><![CDATA[1]]></Field>
	<Field name="IState" type="com.sunopsis.sql.DbInt"><![CDATA[5]]></Field>
	<Field name="LastDate" type="java.sql.Timestamp"><![CDATA[2019-12-27 16:10:01.0]]></Field>
	<Field name="LastUser" type="java.lang.String"><![CDATA[SUPERVISOR]]></Field>
	<Field name="ShowDesc" type="java.lang.String"><![CDATA[1]]></Field>
	<Field name="StateCode" type="java.lang.String"><![CDATA[PRIORITY_5]]></Field>
	<Field name="StateDatatype" type="java.lang.String"><![CDATA[A]]></Field>
	<Field name="StateName" type="java.lang.String"><![CDATA[Priority 5]]></Field>
	<Field name="StateOrder" type="com.sunopsis.sql.DbInt"><![CDATA[4]]></Field>
</Object>
<Object class="com.sunopsis.dwg.dbobj.SnpFKXRef">
		<Field name="RefKey" type="java.lang.String"><![CDATA[SNP_PROJECT.1]]></Field>
	<Field name="RefObjGlobalId" type="java.lang.String"><![CDATA[86ecc399-fe63-49b9-bacb-2a343efd378f]]></Field>
 <Field name="RefObjFQName" type="java.lang.String"><![CDATA[Git_Demo]]></Field>
 <Field name="RefObjFQType" type="java.lang.String"><![CDATA[SNP_PROJECT]]></Field>
 <Field name="RefObjFQNameLengths" type="java.lang.String"><![CDATA[8]]></Field>
</Object>
<Object class="com.sunopsis.dwg.dbobj.SnpFKXRef">
		<Field name="RefKey" type="java.lang.String"><![CDATA[SNP_GRPSTATE.1]]></Field>
	<Field name="RefObjGlobalId" type="java.lang.String"><![CDATA[c70c3ff3-8ab0-422e-bcb9-006686f491a7]]></Field>
 <Field name="RefObjFQName" type="java.lang.String"><![CDATA[Git_Demo.Priorities]]></Field>
 <Field name="RefObjFQType" type="java.lang.String"><![CDATA[SNP_PROJECT.SNP_GRPSTATE]]></Field>
 <Field name="RefObjFQNameLengths" type="java.lang.String"><![CDATA[8.10]]></Field>
</Object>
<Object class="com.sunopsis.dwg.DwgExportSummary">
		<Field name="ExpTxtNb" type="com.sunopsis.sql.DbInt"><![CDATA[0]]></Field>
	<Field name="InstObjNb" type="com.sunopsis.sql.DbInt"><![CDATA[0]]></Field>
	<Field name="JoinColNb" type="com.sunopsis.sql.DbInt"><![CDATA[0]]></Field>
	<Field name="JoinNb" type="com.sunopsis.sql.DbInt"><![CDATA[0]]></Field>
	<Field name="KeyColNb" type="com.sunopsis.sql.DbInt"><![CDATA[0]]></Field>
	<Field name="KeyNb" type="com.sunopsis.sql.DbInt"><![CDATA[0]]></Field>
	<Field name="LinkDiagNb" type="com.sunopsis.sql.DbInt"><![CDATA[0]]></Field>
	<Field name="MorigTxtNb" type="com.sunopsis.sql.DbInt"><![CDATA[0]]></Field>
	<Field name="MtxtNb" type="com.sunopsis.sql.DbInt"><![CDATA[0]]></Field>
	<Field name="OrigTxtNb" type="com.sunopsis.sql.DbInt"><![CDATA[0]]></Field>
	<Field name="OtherObjectsNb" type="com.sunopsis.sql.DbInt"><![CDATA[6]]></Field>
	<Field name="PlanAgentNb" type="com.sunopsis.sql.DbInt"><![CDATA[0]]></Field>
	<Field name="StepNb" type="com.sunopsis.sql.DbInt"><![CDATA[0]]></Field>
	<Field name="TxtNb" type="com.sunopsis.sql.DbInt"><![CDATA[0]]></Field>
	<Field name="UeOrigNb" type="com.sunopsis.sql.DbInt"><![CDATA[0]]></Field>
	<Field name="UeUsedNb" type="com.sunopsis.sql.DbInt"><![CDATA[0]]></Field>
	<Field name="VarPlanAgentNb" type="com.sunopsis.sql.DbInt"><![CDATA[0]]></Field>
	<Field name="ScenTxtNb" type="com.sunopsis.sql.DbInt"><![CDATA[0]]></Field>
	<Field name="OdiVersion" type="java.lang.String"><![CDATA[12.2.1]]></Field>
	<Field name="OriginRepositoryID" type="com.sunopsis.sql.DbInt"><![CDATA[1]]></Field>
	<Field name="RepositoryVersion" type="java.lang.String"><![CDATA[05.02.02.07]]></Field>
</Object>
</SunopsisExport>
