<?xml version="1.0" encoding="UTF-8"?>
<SunopsisExport>
<Admin RepositoryVersion="05.02.02.07" IsLegacyIdCompatible="false" />
<Encryption algorithm="AES" keyLength="128" exportKeyHash="DfJ968YRIzNBnBHat19hrBCAiMi1jRdzziPL9AGrri8=" keyVect="djKTBm9Wk44mtaf4VZzMZQ==" exportKeySalt="87baee12-690d-4781-8cb6-762811277c76" containsCipherText="false"/>
<Object class="com.sunopsis.dwg.dbobj.SnpUfunc">
		<Field name="ExtVersion" type="java.lang.String">null</Field>
	<Field name="FirstDate" type="java.sql.Timestamp"><![CDATA[2019-12-27 16:08:57.0]]></Field>
	<Field name="FirstUser" type="java.lang.String"><![CDATA[SUNOPSIS_INSTALL]]></Field>
	<Field name="GlobalId" type="java.lang.String"><![CDATA[53ea39fb-6c6f-418d-a91a-ffabdd90fd0d]]></Field>
	<Field name="GroupName" type="java.lang.String"><![CDATA[Cube]]></Field>
	<Field name="IndChange" type="java.lang.String"><![CDATA[I]]></Field>
	<Field name="IntVersion" type="com.sunopsis.sql.DbInt"><![CDATA[1]]></Field>
	<Field name="IProject" type="com.sunopsis.sql.DbInt"><![CDATA[null]]></Field>
	<Field name="ITxtDef" type="com.sunopsis.sql.DbInt"><![CDATA[816]]></Field>
	<Field name="ITxtDesc" type="com.sunopsis.sql.DbInt"><![CDATA[null]]></Field>
	<Field name="IUfunc" type="com.sunopsis.sql.DbInt"><![CDATA[8]]></Field>
	<Field name="LastDate" type="java.sql.Timestamp"><![CDATA[2019-12-27 16:08:57.0]]></Field>
	<Field name="LastUser" type="java.lang.String"><![CDATA[SUNOPSIS_INSTALL]]></Field>
	<Field name="SyntaxHash" type="java.lang.String"><![CDATA[26c4578176b0f4f7e4fa3037b5a44db3bf8cd18e]]></Field>
	<Field name="UfuncName" type="java.lang.String"><![CDATA[FUNC_CONCAT_KEY_VALUE]]></Field>
	<Field name="UfuncVersion" type="java.lang.String">null</Field>
	<Field name="VLastDate" type="java.sql.Timestamp">null</Field>
</Object>
<Object class="com.sunopsis.dwg.dbobj.SnpUfuncImpl">
		<Field name="GlobalId" type="java.lang.String"><![CDATA[cbd8f897-05fe-4400-8dff-cda4b38e8a35]]></Field>
	<Field name="ITxtImpl" type="com.sunopsis.sql.DbInt"><![CDATA[836]]></Field>
	<Field name="IUfunc" type="com.sunopsis.sql.DbInt"><![CDATA[8]]></Field>
	<Field name="IUfuncImpl" type="com.sunopsis.sql.DbInt"><![CDATA[19]]></Field>
</Object>
<Object class="com.sunopsis.dwg.dbobj.SnpUfuncTechno">
		<Field name="GlobalId" type="java.lang.String"><![CDATA[7b388947-0e58-4a45-b70f-5eb7fc907521]]></Field>
	<Field name="IUfuncImpl" type="com.sunopsis.sql.DbInt"><![CDATA[19]]></Field>
	<Field name="TechIntName" type="java.lang.String"><![CDATA[ORACLE]]></Field>
</Object>
<Object class="com.sunopsis.dwg.dbobj.SnpReferencedObject">
		<Field name="IObject" type="com.sunopsis.sql.DbInt"><![CDATA[1200]]></Field>
	<Field name="ObjectPKasString" type="java.lang.String"><![CDATA[90]]></Field>
	<Field name="ObjectAKasString" type="java.lang.String"><![CDATA[ORACLE]]></Field>
	<Field name="Description" type="java.lang.String"><![CDATA[SNP_TECHNO : Oracle]]></Field>
 <Field name="GlobalId" type="java.lang.String"><![CDATA[e9120718-5b1e-3e9c-b3b9-28317b288494]]></Field>
</Object>
<Object class="com.sunopsis.dwg.dbobj.SnpTxtHeader">
		<Field name="Enc" type="java.lang.String"><![CDATA[0]]></Field>
	<Field name="EncKey" type="java.lang.String">null</Field>
 <Field name="EncKeyVect" type="java.lang.String">null</Field>
	<Field name="GlobalId" type="java.lang.String"><![CDATA[c0b25bea-39f9-4c91-b6a4-6c2429a10d3a]]></Field>
	<Field name="ITxt" type="com.sunopsis.sql.DbInt"><![CDATA[836]]></Field>
	<Field name="ITxtOrig" type="com.sunopsis.sql.DbInt"><![CDATA[125]]></Field>
	<Field name="SqlIndGrp" type="java.lang.String"><![CDATA[2]]></Field>
 <Field name="Txt" type="java.lang.String"><![CDATA[$(PARAM1) || '=' || $(PARAM2)]]></Field>
</Object>
<Object class="com.sunopsis.dwg.dbobj.SnpOrigTxt">
		<Field name="GlobalId" type="java.lang.String">null</Field>
	<Field name="ITxtOrig" type="com.sunopsis.sql.DbInt"><![CDATA[125]]></Field>
	<Field name="OrigineName" type="java.lang.String"><![CDATA[Function impl.]]></Field>
	<Field name="SnpsCol" type="java.lang.String"><![CDATA[I_TXT_IMPL]]></Field>
	<Field name="SnpsTable" type="java.lang.String"><![CDATA[SNP_UFUNC_IMPL]]></Field>
</Object>
<Object class="com.sunopsis.dwg.dbobj.SnpUfuncImpl">
		<Field name="GlobalId" type="java.lang.String"><![CDATA[ce6602d7-262c-4d3a-be90-cf68fffb8bda]]></Field>
	<Field name="ITxtImpl" type="com.sunopsis.sql.DbInt"><![CDATA[837]]></Field>
	<Field name="IUfunc" type="com.sunopsis.sql.DbInt"><![CDATA[8]]></Field>
	<Field name="IUfuncImpl" type="com.sunopsis.sql.DbInt"><![CDATA[20]]></Field>
</Object>
<Object class="com.sunopsis.dwg.dbobj.SnpUfuncTechno">
		<Field name="GlobalId" type="java.lang.String"><![CDATA[520b7fa7-b402-4015-b7cf-f3880d829465]]></Field>
	<Field name="IUfuncImpl" type="com.sunopsis.sql.DbInt"><![CDATA[20]]></Field>
	<Field name="TechIntName" type="java.lang.String"><![CDATA[MYSQL]]></Field>
</Object>
<Object class="com.sunopsis.dwg.dbobj.SnpReferencedObject">
		<Field name="IObject" type="com.sunopsis.sql.DbInt"><![CDATA[1200]]></Field>
	<Field name="ObjectPKasString" type="java.lang.String"><![CDATA[80]]></Field>
	<Field name="ObjectAKasString" type="java.lang.String"><![CDATA[MYSQL]]></Field>
	<Field name="Description" type="java.lang.String"><![CDATA[SNP_TECHNO : MySQL]]></Field>
 <Field name="GlobalId" type="java.lang.String"><![CDATA[c937df56-8e23-336a-9805-0e1576d17653]]></Field>
</Object>
<Object class="com.sunopsis.dwg.dbobj.SnpTxtHeader">
		<Field name="Enc" type="java.lang.String"><![CDATA[0]]></Field>
	<Field name="EncKey" type="java.lang.String">null</Field>
 <Field name="EncKeyVect" type="java.lang.String">null</Field>
	<Field name="GlobalId" type="java.lang.String"><![CDATA[80da1594-1afc-4467-8f86-54f64a056f70]]></Field>
	<Field name="ITxt" type="com.sunopsis.sql.DbInt"><![CDATA[837]]></Field>
	<Field name="ITxtOrig" type="com.sunopsis.sql.DbInt"><![CDATA[125]]></Field>
	<Field name="SqlIndGrp" type="java.lang.String"><![CDATA[2]]></Field>
 <Field name="Txt" type="java.lang.String"><![CDATA[CONCAT($(PARAM1),'=',$(PARAM2)]]></Field>
</Object>
<Object class="com.sunopsis.dwg.dbobj.SnpUfuncImpl">
		<Field name="GlobalId" type="java.lang.String"><![CDATA[e2f12334-01df-4127-a3a2-25aa82931263]]></Field>
	<Field name="ITxtImpl" type="com.sunopsis.sql.DbInt"><![CDATA[838]]></Field>
	<Field name="IUfunc" type="com.sunopsis.sql.DbInt"><![CDATA[8]]></Field>
	<Field name="IUfuncImpl" type="com.sunopsis.sql.DbInt"><![CDATA[21]]></Field>
</Object>
<Object class="com.sunopsis.dwg.dbobj.SnpUfuncTechno">
		<Field name="GlobalId" type="java.lang.String"><![CDATA[b580c692-8b8d-4b09-8a24-07de415f885f]]></Field>
	<Field name="IUfuncImpl" type="com.sunopsis.sql.DbInt"><![CDATA[21]]></Field>
	<Field name="TechIntName" type="java.lang.String"><![CDATA[IBM_DB2_UDB]]></Field>
</Object>
<Object class="com.sunopsis.dwg.dbobj.SnpReferencedObject">
		<Field name="IObject" type="com.sunopsis.sql.DbInt"><![CDATA[1200]]></Field>
	<Field name="ObjectPKasString" type="java.lang.String"><![CDATA[42]]></Field>
	<Field name="ObjectAKasString" type="java.lang.String"><![CDATA[IBM_DB2_UDB]]></Field>
	<Field name="Description" type="java.lang.String"><![CDATA[SNP_TECHNO : IBM DB2 UDB]]></Field>
 <Field name="GlobalId" type="java.lang.String"><![CDATA[b3583113-3cbd-3f3c-84c9-f030cbd57662]]></Field>
</Object>
<Object class="com.sunopsis.dwg.dbobj.SnpTxtHeader">
		<Field name="Enc" type="java.lang.String"><![CDATA[0]]></Field>
	<Field name="EncKey" type="java.lang.String">null</Field>
 <Field name="EncKeyVect" type="java.lang.String">null</Field>
	<Field name="GlobalId" type="java.lang.String"><![CDATA[2fe132f3-a0dc-4001-8cba-4c5303a722c2]]></Field>
	<Field name="ITxt" type="com.sunopsis.sql.DbInt"><![CDATA[838]]></Field>
	<Field name="ITxtOrig" type="com.sunopsis.sql.DbInt"><![CDATA[125]]></Field>
	<Field name="SqlIndGrp" type="java.lang.String"><![CDATA[2]]></Field>
 <Field name="Txt" type="java.lang.String"><![CDATA[$(PARAM1) || '=' || $(PARAM2)]]></Field>
</Object>
<Object class="com.sunopsis.dwg.dbobj.SnpTxtHeader">
		<Field name="Enc" type="java.lang.String"><![CDATA[0]]></Field>
	<Field name="EncKey" type="java.lang.String">null</Field>
 <Field name="EncKeyVect" type="java.lang.String">null</Field>
	<Field name="GlobalId" type="java.lang.String"><![CDATA[1162f715-a299-4402-a3cb-f595131d3f9e]]></Field>
	<Field name="ITxt" type="com.sunopsis.sql.DbInt"><![CDATA[816]]></Field>
	<Field name="ITxtOrig" type="com.sunopsis.sql.DbInt"><![CDATA[126]]></Field>
	<Field name="SqlIndGrp" type="java.lang.String"><![CDATA[0]]></Field>
 <Field name="Txt" type="java.lang.String"><![CDATA[FUNC_CONCAT_KEY_VALUE($(PARAM1), $(PARAM2))]]></Field>
</Object>
<Object class="com.sunopsis.dwg.dbobj.SnpOrigTxt">
		<Field name="GlobalId" type="java.lang.String">null</Field>
	<Field name="ITxtOrig" type="com.sunopsis.sql.DbInt"><![CDATA[126]]></Field>
	<Field name="OrigineName" type="java.lang.String"><![CDATA[UFUNC_TXT_DEF]]></Field>
	<Field name="SnpsCol" type="java.lang.String"><![CDATA[I_TXT_DEF]]></Field>
	<Field name="SnpsTable" type="java.lang.String"><![CDATA[SNP_UFUNC]]></Field>
</Object>
<Object class="com.sunopsis.dwg.dbobj.SnpFKXRef">
		<Field name="RefKey" type="java.lang.String"><![CDATA[SNP_TXTHEADER.816]]></Field>
	<Field name="RefObjGlobalId" type="java.lang.String"><![CDATA[1162f715-a299-4402-a3cb-f595131d3f9e]]></Field>
 <Field name="RefObjFQName" type="java.lang.String">null</Field>
 <Field name="RefObjFQType" type="java.lang.String">null</Field>
 <Field name="RefObjFQNameLengths" type="java.lang.String">null</Field>
</Object>
<Object class="com.sunopsis.dwg.dbobj.SnpFKXRef">
		<Field name="RefKey" type="java.lang.String"><![CDATA[SNP_UFUNC.8]]></Field>
	<Field name="RefObjGlobalId" type="java.lang.String"><![CDATA[53ea39fb-6c6f-418d-a91a-ffabdd90fd0d]]></Field>
 <Field name="RefObjFQName" type="java.lang.String"><![CDATA[FUNC_CONCAT_KEY_VALUE]]></Field>
 <Field name="RefObjFQType" type="java.lang.String"><![CDATA[SNP_UFUNC]]></Field>
 <Field name="RefObjFQNameLengths" type="java.lang.String"><![CDATA[21]]></Field>
</Object>
<Object class="com.sunopsis.dwg.dbobj.SnpFKXRef">
		<Field name="RefKey" type="java.lang.String"><![CDATA[SNP_TXTHEADER.836]]></Field>
	<Field name="RefObjGlobalId" type="java.lang.String"><![CDATA[c0b25bea-39f9-4c91-b6a4-6c2429a10d3a]]></Field>
 <Field name="RefObjFQName" type="java.lang.String">null</Field>
 <Field name="RefObjFQType" type="java.lang.String">null</Field>
 <Field name="RefObjFQNameLengths" type="java.lang.String">null</Field>
</Object>
<Object class="com.sunopsis.dwg.dbobj.SnpFKXRef">
		<Field name="RefKey" type="java.lang.String"><![CDATA[SNP_UFUNCIMPL.19]]></Field>
	<Field name="RefObjGlobalId" type="java.lang.String"><![CDATA[cbd8f897-05fe-4400-8dff-cda4b38e8a35]]></Field>
 <Field name="RefObjFQName" type="java.lang.String">null</Field>
 <Field name="RefObjFQType" type="java.lang.String">null</Field>
 <Field name="RefObjFQNameLengths" type="java.lang.String">null</Field>
</Object>
<Object class="com.sunopsis.dwg.dbobj.SnpFKXRef">
		<Field name="RefKey" type="java.lang.String"><![CDATA[SNP_TXTHEADER.837]]></Field>
	<Field name="RefObjGlobalId" type="java.lang.String"><![CDATA[80da1594-1afc-4467-8f86-54f64a056f70]]></Field>
 <Field name="RefObjFQName" type="java.lang.String">null</Field>
 <Field name="RefObjFQType" type="java.lang.String">null</Field>
 <Field name="RefObjFQNameLengths" type="java.lang.String">null</Field>
</Object>
<Object class="com.sunopsis.dwg.dbobj.SnpFKXRef">
		<Field name="RefKey" type="java.lang.String"><![CDATA[SNP_UFUNCIMPL.20]]></Field>
	<Field name="RefObjGlobalId" type="java.lang.String"><![CDATA[ce6602d7-262c-4d3a-be90-cf68fffb8bda]]></Field>
 <Field name="RefObjFQName" type="java.lang.String">null</Field>
 <Field name="RefObjFQType" type="java.lang.String">null</Field>
 <Field name="RefObjFQNameLengths" type="java.lang.String">null</Field>
</Object>
<Object class="com.sunopsis.dwg.dbobj.SnpFKXRef">
		<Field name="RefKey" type="java.lang.String"><![CDATA[SNP_ORIGTXT.125]]></Field>
	<Field name="RefObjGlobalId" type="java.lang.String">null</Field>
 <Field name="RefObjFQName" type="java.lang.String">null</Field>
 <Field name="RefObjFQType" type="java.lang.String">null</Field>
 <Field name="RefObjFQNameLengths" type="java.lang.String">null</Field>
</Object>
<Object class="com.sunopsis.dwg.dbobj.SnpFKXRef">
		<Field name="RefKey" type="java.lang.String"><![CDATA[SNP_TXTHEADER.838]]></Field>
	<Field name="RefObjGlobalId" type="java.lang.String"><![CDATA[2fe132f3-a0dc-4001-8cba-4c5303a722c2]]></Field>
 <Field name="RefObjFQName" type="java.lang.String">null</Field>
 <Field name="RefObjFQType" type="java.lang.String">null</Field>
 <Field name="RefObjFQNameLengths" type="java.lang.String">null</Field>
</Object>
<Object class="com.sunopsis.dwg.dbobj.SnpFKXRef">
		<Field name="RefKey" type="java.lang.String"><![CDATA[SNP_UFUNCIMPL.21]]></Field>
	<Field name="RefObjGlobalId" type="java.lang.String"><![CDATA[e2f12334-01df-4127-a3a2-25aa82931263]]></Field>
 <Field name="RefObjFQName" type="java.lang.String">null</Field>
 <Field name="RefObjFQType" type="java.lang.String">null</Field>
 <Field name="RefObjFQNameLengths" type="java.lang.String">null</Field>
</Object>
<Object class="com.sunopsis.dwg.DwgExportSummary">
		<Field name="ExpTxtNb" type="com.sunopsis.sql.DbInt"><![CDATA[0]]></Field>
	<Field name="InstObjNb" type="com.sunopsis.sql.DbInt"><![CDATA[0]]></Field>
	<Field name="JoinColNb" type="com.sunopsis.sql.DbInt"><![CDATA[0]]></Field>
	<Field name="JoinNb" type="com.sunopsis.sql.DbInt"><![CDATA[0]]></Field>
	<Field name="KeyColNb" type="com.sunopsis.sql.DbInt"><![CDATA[0]]></Field>
	<Field name="KeyNb" type="com.sunopsis.sql.DbInt"><![CDATA[0]]></Field>
	<Field name="LinkDiagNb" type="com.sunopsis.sql.DbInt"><![CDATA[0]]></Field>
	<Field name="MorigTxtNb" type="com.sunopsis.sql.DbInt"><![CDATA[0]]></Field>
	<Field name="MtxtNb" type="com.sunopsis.sql.DbInt"><![CDATA[0]]></Field>
	<Field name="OrigTxtNb" type="com.sunopsis.sql.DbInt"><![CDATA[4]]></Field>
	<Field name="OtherObjectsNb" type="com.sunopsis.sql.DbInt"><![CDATA[7]]></Field>
	<Field name="PlanAgentNb" type="com.sunopsis.sql.DbInt"><![CDATA[0]]></Field>
	<Field name="StepNb" type="com.sunopsis.sql.DbInt"><![CDATA[0]]></Field>
	<Field name="TxtNb" type="com.sunopsis.sql.DbInt"><![CDATA[4]]></Field>
	<Field name="UeOrigNb" type="com.sunopsis.sql.DbInt"><![CDATA[0]]></Field>
	<Field name="UeUsedNb" type="com.sunopsis.sql.DbInt"><![CDATA[0]]></Field>
	<Field name="VarPlanAgentNb" type="com.sunopsis.sql.DbInt"><![CDATA[0]]></Field>
	<Field name="ScenTxtNb" type="com.sunopsis.sql.DbInt"><![CDATA[0]]></Field>
	<Field name="OdiVersion" type="java.lang.String"><![CDATA[12.2.1]]></Field>
	<Field name="OriginRepositoryID" type="com.sunopsis.sql.DbInt"><![CDATA[1]]></Field>
	<Field name="RepositoryVersion" type="java.lang.String"><![CDATA[05.02.02.07]]></Field>
</Object>
</SunopsisExport>
