<?xml version="1.0" encoding="UTF-8"?>
<SunopsisExport>
<Admin RepositoryVersion="05.02.02.07" IsLegacyIdCompatible="false" />
<Encryption algorithm="AES" keyLength="128" exportKeyHash="U76uNkSKGlhs79WGX+BC4YVY14mjHcMnZyGEnRQkYww=" keyVect="NmtZsHDRND3TS0l67kiqvQ==" exportKeySalt="e03a0d1d-08d6-4e4e-a063-d8eb08dae78f" containsCipherText="false"/>
<Object class="com.sunopsis.dwg.dbobj.SnpKmTemplate">
		<Field name="FirstDate" type="java.sql.Timestamp"><![CDATA[2019-12-27 16:08:10.0]]></Field>
	<Field name="FirstUser" type="java.lang.String"><![CDATA[SUNOPSIS_INSTALL]]></Field>
	<Field name="GlobalId" type="java.lang.String"><![CDATA[0519558e-4d77-490a-bacb-69b2a2b2fad5]]></Field>
	<Field name="IndChange" type="java.lang.String"><![CDATA[I]]></Field>
	<Field name="IndIsSeeded" type="java.lang.String"><![CDATA[1]]></Field>
	<Field name="IndLangTrans" type="java.lang.String"><![CDATA[1]]></Field>
	<Field name="IndReplNl" type="java.lang.String"><![CDATA[1]]></Field>
	<Field name="IntVersion" type="com.sunopsis.sql.DbInt"><![CDATA[1]]></Field>
	<Field name="IKmTemplate" type="com.sunopsis.sql.DbInt"><![CDATA[168]]></Field>
	<Field name="LangName" type="java.lang.String"><![CDATA[PYTHON]]></Field>
	<Field name="LastDate" type="java.sql.Timestamp"><![CDATA[2019-12-27 16:08:10.0]]></Field>
	<Field name="LastUser" type="java.lang.String"><![CDATA[SUNOPSIS_INSTALL]]></Field>
	<Field name="Name" type="java.lang.String"><![CDATA[SparkPartitionRedistributeAndSortDF]]></Field>
	<Field name="TechnoName" type="java.lang.String"><![CDATA[SPARK_PYTHON]]></Field>
	<Field name="TemplateText" type="java.lang.String"><![CDATA[
{# IF ($[REPARTITION] == 'true') #}
levelOfParallelism = {# IF ($[LEVEL_PARALLELISM] > '0')#}$[LEVEL_PARALLELISM]{# ELSE #}sc.defaultParallelism{# ENDIF #}
$[TGT_ALIAS] = $[TGT_ALIAS].repartition(levelOfParallelism{# FOR ($[PARTITION_KEY_FUNC_DF]) IN ($[KEY]) SEP = '' #},"$[KEY]"{# ENDFOR #})
{# ENDIF #}
{# IF ($[CACHE_DATA] == 'true') #}
$[TGT_ALIAS] = $[TGT_ALIAS].{# IF ($[CACHE_LEVEL] == 'Default') #}cache(){# ELSE #}persist(StorageLevel.$[CACHE_LEVEL]){# ENDIF #}
{# ENDIF #}
]]></Field>
	<Field name="TemplateVersion" type="java.lang.String">null</Field>
</Object>
<Object class="com.sunopsis.dwg.dbobj.SnpTemplateJoin">
		<Field name="GlobalId" type="java.lang.String"><![CDATA[b1f2f78b-6d62-4306-a4d2-540541babb60]]></Field>
	<Field name="IKmTemplate" type="com.sunopsis.sql.DbInt"><![CDATA[150]]></Field>
	<Field name="IKmTemplateRef" type="com.sunopsis.sql.DbInt"><![CDATA[168]]></Field>
</Object>
<Object class="com.sunopsis.dwg.dbobj.SnpTemplateJoin">
		<Field name="GlobalId" type="java.lang.String"><![CDATA[57ec7ce2-d9d3-4ca4-a295-1b7a7dab0ba6]]></Field>
	<Field name="IKmTemplate" type="com.sunopsis.sql.DbInt"><![CDATA[124]]></Field>
	<Field name="IKmTemplateRef" type="com.sunopsis.sql.DbInt"><![CDATA[168]]></Field>
</Object>
<Object class="com.sunopsis.dwg.dbobj.SnpTemplateJoin">
		<Field name="GlobalId" type="java.lang.String"><![CDATA[3b684102-7b30-486d-a2d4-ce4e71db229b]]></Field>
	<Field name="IKmTemplate" type="com.sunopsis.sql.DbInt"><![CDATA[147]]></Field>
	<Field name="IKmTemplateRef" type="com.sunopsis.sql.DbInt"><![CDATA[168]]></Field>
</Object>
<Object class="com.sunopsis.dwg.dbobj.SnpTemplateJoin">
		<Field name="GlobalId" type="java.lang.String"><![CDATA[5f46dc15-041e-4c00-a5cd-9bc7a1c89148]]></Field>
	<Field name="IKmTemplate" type="com.sunopsis.sql.DbInt"><![CDATA[115]]></Field>
	<Field name="IKmTemplateRef" type="com.sunopsis.sql.DbInt"><![CDATA[168]]></Field>
</Object>
<Object class="com.sunopsis.dwg.dbobj.SnpTemplateJoin">
		<Field name="GlobalId" type="java.lang.String"><![CDATA[30bffc93-c6af-42eb-948f-c5604abcc1f7]]></Field>
	<Field name="IKmTemplate" type="com.sunopsis.sql.DbInt"><![CDATA[113]]></Field>
	<Field name="IKmTemplateRef" type="com.sunopsis.sql.DbInt"><![CDATA[168]]></Field>
</Object>
<Object class="com.sunopsis.dwg.dbobj.SnpTemplateJoin">
		<Field name="GlobalId" type="java.lang.String"><![CDATA[abdd3786-543a-4c3e-994a-595d0b23a810]]></Field>
	<Field name="IKmTemplate" type="com.sunopsis.sql.DbInt"><![CDATA[109]]></Field>
	<Field name="IKmTemplateRef" type="com.sunopsis.sql.DbInt"><![CDATA[168]]></Field>
</Object>
<Object class="com.sunopsis.dwg.dbobj.SnpTemplateJoin">
		<Field name="GlobalId" type="java.lang.String"><![CDATA[ae6c4028-685e-47ea-9114-635b8e5032f3]]></Field>
	<Field name="IKmTemplate" type="com.sunopsis.sql.DbInt"><![CDATA[169]]></Field>
	<Field name="IKmTemplateRef" type="com.sunopsis.sql.DbInt"><![CDATA[168]]></Field>
</Object>
<Object class="com.sunopsis.dwg.dbobj.SnpTemplateJoin">
		<Field name="GlobalId" type="java.lang.String"><![CDATA[5e05bed9-96d1-4b15-82d2-36ebc49734f6]]></Field>
	<Field name="IKmTemplate" type="com.sunopsis.sql.DbInt"><![CDATA[162]]></Field>
	<Field name="IKmTemplateRef" type="com.sunopsis.sql.DbInt"><![CDATA[168]]></Field>
</Object>
<Object class="com.sunopsis.dwg.dbobj.SnpTemplateJoin">
		<Field name="GlobalId" type="java.lang.String"><![CDATA[36d4dc61-281c-4d3c-b954-d37d6f4002eb]]></Field>
	<Field name="IKmTemplate" type="com.sunopsis.sql.DbInt"><![CDATA[127]]></Field>
	<Field name="IKmTemplateRef" type="com.sunopsis.sql.DbInt"><![CDATA[168]]></Field>
</Object>
<Object class="com.sunopsis.dwg.dbobj.SnpTemplateJoin">
		<Field name="GlobalId" type="java.lang.String"><![CDATA[343696b1-e954-458f-970c-e2dcb86ed421]]></Field>
	<Field name="IKmTemplate" type="com.sunopsis.sql.DbInt"><![CDATA[110]]></Field>
	<Field name="IKmTemplateRef" type="com.sunopsis.sql.DbInt"><![CDATA[168]]></Field>
</Object>
<Object class="com.sunopsis.dwg.dbobj.SnpTemplateJoin">
		<Field name="GlobalId" type="java.lang.String"><![CDATA[c369d313-3704-424d-9931-8413c3110d4b]]></Field>
	<Field name="IKmTemplate" type="com.sunopsis.sql.DbInt"><![CDATA[114]]></Field>
	<Field name="IKmTemplateRef" type="com.sunopsis.sql.DbInt"><![CDATA[168]]></Field>
</Object>
<Object class="com.sunopsis.dwg.dbobj.SnpTemplateJoin">
		<Field name="GlobalId" type="java.lang.String"><![CDATA[1eba131f-7ae6-4e4d-83a7-8d2f6013daef]]></Field>
	<Field name="IKmTemplate" type="com.sunopsis.sql.DbInt"><![CDATA[160]]></Field>
	<Field name="IKmTemplateRef" type="com.sunopsis.sql.DbInt"><![CDATA[168]]></Field>
</Object>
<Object class="com.sunopsis.dwg.dbobj.SnpTemplateJoin">
		<Field name="GlobalId" type="java.lang.String"><![CDATA[c67b0105-a32c-4cac-b61e-4a45c7cab618]]></Field>
	<Field name="IKmTemplate" type="com.sunopsis.sql.DbInt"><![CDATA[105]]></Field>
	<Field name="IKmTemplateRef" type="com.sunopsis.sql.DbInt"><![CDATA[168]]></Field>
</Object>
<Object class="com.sunopsis.dwg.dbobj.SnpTemplateJoin">
		<Field name="GlobalId" type="java.lang.String"><![CDATA[d9517d85-24d9-4359-9564-2b4f572b7803]]></Field>
	<Field name="IKmTemplate" type="com.sunopsis.sql.DbInt"><![CDATA[165]]></Field>
	<Field name="IKmTemplateRef" type="com.sunopsis.sql.DbInt"><![CDATA[168]]></Field>
</Object>
<Object class="com.sunopsis.dwg.dbobj.SnpTemplateJoin">
		<Field name="GlobalId" type="java.lang.String"><![CDATA[9bfeaa14-ece7-4a5b-b9ae-993cfe696218]]></Field>
	<Field name="IKmTemplate" type="com.sunopsis.sql.DbInt"><![CDATA[155]]></Field>
	<Field name="IKmTemplateRef" type="com.sunopsis.sql.DbInt"><![CDATA[168]]></Field>
</Object>
<Object class="com.sunopsis.dwg.dbobj.SnpTemplateJoin">
		<Field name="GlobalId" type="java.lang.String"><![CDATA[d3ad952e-614f-4ed9-91d8-7036913ea1e7]]></Field>
	<Field name="IKmTemplate" type="com.sunopsis.sql.DbInt"><![CDATA[120]]></Field>
	<Field name="IKmTemplateRef" type="com.sunopsis.sql.DbInt"><![CDATA[168]]></Field>
</Object>
<Object class="com.sunopsis.dwg.dbobj.SnpTemplateJoin">
		<Field name="GlobalId" type="java.lang.String"><![CDATA[421dfe1e-0a6c-4f1a-bd61-5034cf307e7b]]></Field>
	<Field name="IKmTemplate" type="com.sunopsis.sql.DbInt"><![CDATA[126]]></Field>
	<Field name="IKmTemplateRef" type="com.sunopsis.sql.DbInt"><![CDATA[168]]></Field>
</Object>
<Object class="com.sunopsis.dwg.dbobj.SnpTemplateJoin">
		<Field name="GlobalId" type="java.lang.String"><![CDATA[4729009f-1b31-4618-8bab-c853e7cc513b]]></Field>
	<Field name="IKmTemplate" type="com.sunopsis.sql.DbInt"><![CDATA[125]]></Field>
	<Field name="IKmTemplateRef" type="com.sunopsis.sql.DbInt"><![CDATA[168]]></Field>
</Object>
<Object class="com.sunopsis.dwg.dbobj.SnpTemplateJoin">
		<Field name="GlobalId" type="java.lang.String"><![CDATA[a359a131-b649-4fea-bc1e-bb334cd0ed63]]></Field>
	<Field name="IKmTemplate" type="com.sunopsis.sql.DbInt"><![CDATA[167]]></Field>
	<Field name="IKmTemplateRef" type="com.sunopsis.sql.DbInt"><![CDATA[168]]></Field>
</Object>
<Object class="com.sunopsis.dwg.dbobj.SnpTemplateJoin">
		<Field name="GlobalId" type="java.lang.String"><![CDATA[79c33843-fd14-4020-9ee4-4bf9e2acfa2c]]></Field>
	<Field name="IKmTemplate" type="com.sunopsis.sql.DbInt"><![CDATA[166]]></Field>
	<Field name="IKmTemplateRef" type="com.sunopsis.sql.DbInt"><![CDATA[168]]></Field>
</Object>
<Object class="com.sunopsis.dwg.dbobj.SnpTemplateJoin">
		<Field name="GlobalId" type="java.lang.String"><![CDATA[bf1e44e9-f316-4b18-93c8-c77b98ed76f4]]></Field>
	<Field name="IKmTemplate" type="com.sunopsis.sql.DbInt"><![CDATA[96]]></Field>
	<Field name="IKmTemplateRef" type="com.sunopsis.sql.DbInt"><![CDATA[168]]></Field>
</Object>
<Object class="com.sunopsis.dwg.dbobj.SnpTemplateJoin">
		<Field name="GlobalId" type="java.lang.String"><![CDATA[219be6ba-9509-4de3-995a-39014ddfe7a6]]></Field>
	<Field name="IKmTemplate" type="com.sunopsis.sql.DbInt"><![CDATA[94]]></Field>
	<Field name="IKmTemplateRef" type="com.sunopsis.sql.DbInt"><![CDATA[168]]></Field>
</Object>
<Object class="com.sunopsis.dwg.dbobj.SnpTemplateJoin">
		<Field name="GlobalId" type="java.lang.String"><![CDATA[ed67994c-5427-433a-a6ef-7b6aebeda2e8]]></Field>
	<Field name="IKmTemplate" type="com.sunopsis.sql.DbInt"><![CDATA[164]]></Field>
	<Field name="IKmTemplateRef" type="com.sunopsis.sql.DbInt"><![CDATA[168]]></Field>
</Object>
<Object class="com.sunopsis.dwg.dbobj.SnpTemplateJoin">
		<Field name="GlobalId" type="java.lang.String"><![CDATA[845845f4-7aac-437e-a2d4-0a39429ee4c9]]></Field>
	<Field name="IKmTemplate" type="com.sunopsis.sql.DbInt"><![CDATA[171]]></Field>
	<Field name="IKmTemplateRef" type="com.sunopsis.sql.DbInt"><![CDATA[168]]></Field>
</Object>
<Object class="com.sunopsis.dwg.dbobj.SnpTemplateJoin">
		<Field name="GlobalId" type="java.lang.String"><![CDATA[20c4f07a-33b5-4acd-b7ee-355348015305]]></Field>
	<Field name="IKmTemplate" type="com.sunopsis.sql.DbInt"><![CDATA[148]]></Field>
	<Field name="IKmTemplateRef" type="com.sunopsis.sql.DbInt"><![CDATA[168]]></Field>
</Object>
<Object class="com.sunopsis.dwg.dbobj.SnpTemplateJoin">
		<Field name="GlobalId" type="java.lang.String"><![CDATA[64fd839b-8117-4f12-857c-6cabe618d8f3]]></Field>
	<Field name="IKmTemplate" type="com.sunopsis.sql.DbInt"><![CDATA[161]]></Field>
	<Field name="IKmTemplateRef" type="com.sunopsis.sql.DbInt"><![CDATA[168]]></Field>
</Object>
<Object class="com.sunopsis.dwg.dbobj.SnpTemplateJoin">
		<Field name="GlobalId" type="java.lang.String"><![CDATA[c1cac215-9f23-4b51-a0ce-995f3aad896f]]></Field>
	<Field name="IKmTemplate" type="com.sunopsis.sql.DbInt"><![CDATA[163]]></Field>
	<Field name="IKmTemplateRef" type="com.sunopsis.sql.DbInt"><![CDATA[168]]></Field>
</Object>
<Object class="com.sunopsis.dwg.dbobj.SnpTemplateJoin">
		<Field name="GlobalId" type="java.lang.String"><![CDATA[c29b9332-1e35-4cd3-9110-dbbe2aeaaf11]]></Field>
	<Field name="IKmTemplate" type="com.sunopsis.sql.DbInt"><![CDATA[159]]></Field>
	<Field name="IKmTemplateRef" type="com.sunopsis.sql.DbInt"><![CDATA[168]]></Field>
</Object>
<Object class="com.sunopsis.dwg.dbobj.SnpTemplateJoin">
		<Field name="GlobalId" type="java.lang.String"><![CDATA[6ea7fab3-8786-476a-86f3-7d49a989ce7a]]></Field>
	<Field name="IKmTemplate" type="com.sunopsis.sql.DbInt"><![CDATA[149]]></Field>
	<Field name="IKmTemplateRef" type="com.sunopsis.sql.DbInt"><![CDATA[168]]></Field>
</Object>
<Object class="com.sunopsis.dwg.dbobj.SnpTemplateJoin">
		<Field name="GlobalId" type="java.lang.String"><![CDATA[6a15eb2f-9d2e-486e-bd38-fb788bc22c3c]]></Field>
	<Field name="IKmTemplate" type="com.sunopsis.sql.DbInt"><![CDATA[154]]></Field>
	<Field name="IKmTemplateRef" type="com.sunopsis.sql.DbInt"><![CDATA[168]]></Field>
</Object>
<Object class="com.sunopsis.dwg.dbobj.SnpTemplateJoin">
		<Field name="GlobalId" type="java.lang.String"><![CDATA[51cd4898-3238-4be2-9f39-2054a536f2ee]]></Field>
	<Field name="IKmTemplate" type="com.sunopsis.sql.DbInt"><![CDATA[98]]></Field>
	<Field name="IKmTemplateRef" type="com.sunopsis.sql.DbInt"><![CDATA[168]]></Field>
</Object>
<Object class="com.sunopsis.dwg.dbobj.SnpTemplateJoin">
		<Field name="GlobalId" type="java.lang.String"><![CDATA[63b20617-8982-4001-a71e-3a607bfa9d19]]></Field>
	<Field name="IKmTemplate" type="com.sunopsis.sql.DbInt"><![CDATA[151]]></Field>
	<Field name="IKmTemplateRef" type="com.sunopsis.sql.DbInt"><![CDATA[168]]></Field>
</Object>
<Object class="com.sunopsis.dwg.dbobj.SnpTemplateJoin">
		<Field name="GlobalId" type="java.lang.String"><![CDATA[c9746207-b281-469f-92e1-17dd9da321d0]]></Field>
	<Field name="IKmTemplate" type="com.sunopsis.sql.DbInt"><![CDATA[131]]></Field>
	<Field name="IKmTemplateRef" type="com.sunopsis.sql.DbInt"><![CDATA[168]]></Field>
</Object>
<Object class="com.sunopsis.dwg.dbobj.SnpTemplateJoin">
		<Field name="GlobalId" type="java.lang.String"><![CDATA[90a30f86-4680-4050-89b3-a1720833541b]]></Field>
	<Field name="IKmTemplate" type="com.sunopsis.sql.DbInt"><![CDATA[93]]></Field>
	<Field name="IKmTemplateRef" type="com.sunopsis.sql.DbInt"><![CDATA[168]]></Field>
</Object>
<Object class="com.sunopsis.dwg.dbobj.SnpTemplateJoin">
		<Field name="GlobalId" type="java.lang.String"><![CDATA[b8cdf950-8610-4ccc-a6e5-9b6300869062]]></Field>
	<Field name="IKmTemplate" type="com.sunopsis.sql.DbInt"><![CDATA[153]]></Field>
	<Field name="IKmTemplateRef" type="com.sunopsis.sql.DbInt"><![CDATA[168]]></Field>
</Object>
<Object class="com.sunopsis.dwg.dbobj.SnpFKXRef">
		<Field name="RefKey" type="java.lang.String"><![CDATA[SNP_KMTEMPLATE.150]]></Field>
	<Field name="RefObjGlobalId" type="java.lang.String"><![CDATA[7c05aef0-32bf-4ad9-aa25-53bdef3d0c83]]></Field>
 <Field name="RefObjFQName" type="java.lang.String"><![CDATA[SparkLoadFileDF]]></Field>
 <Field name="RefObjFQType" type="java.lang.String"><![CDATA[SNP_KMTEMPLATE]]></Field>
 <Field name="RefObjFQNameLengths" type="java.lang.String"><![CDATA[15]]></Field>
</Object>
<Object class="com.sunopsis.dwg.dbobj.SnpFKXRef">
		<Field name="RefKey" type="java.lang.String"><![CDATA[SNP_KMTEMPLATE.168]]></Field>
	<Field name="RefObjGlobalId" type="java.lang.String"><![CDATA[0519558e-4d77-490a-bacb-69b2a2b2fad5]]></Field>
 <Field name="RefObjFQName" type="java.lang.String"><![CDATA[SparkPartitionRedistributeAndSortDF]]></Field>
 <Field name="RefObjFQType" type="java.lang.String"><![CDATA[SNP_KMTEMPLATE]]></Field>
 <Field name="RefObjFQNameLengths" type="java.lang.String"><![CDATA[35]]></Field>
</Object>
<Object class="com.sunopsis.dwg.dbobj.SnpFKXRef">
		<Field name="RefKey" type="java.lang.String"><![CDATA[SNP_KMTEMPLATE.124]]></Field>
	<Field name="RefObjGlobalId" type="java.lang.String"><![CDATA[fa46e640-2d00-11e6-941a-00163e1ffd72]]></Field>
 <Field name="RefObjFQName" type="java.lang.String"><![CDATA[SparkExpressionCmd]]></Field>
 <Field name="RefObjFQType" type="java.lang.String"><![CDATA[SNP_KMTEMPLATE]]></Field>
 <Field name="RefObjFQNameLengths" type="java.lang.String"><![CDATA[18]]></Field>
</Object>
<Object class="com.sunopsis.dwg.dbobj.SnpFKXRef">
		<Field name="RefKey" type="java.lang.String"><![CDATA[SNP_KMTEMPLATE.147]]></Field>
	<Field name="RefObjGlobalId" type="java.lang.String"><![CDATA[874fc13e-a6d6-446e-9dbe-daf5c66a8e1d]]></Field>
 <Field name="RefObjFQName" type="java.lang.String"><![CDATA[SparkSQLCmdDF]]></Field>
 <Field name="RefObjFQType" type="java.lang.String"><![CDATA[SNP_KMTEMPLATE]]></Field>
 <Field name="RefObjFQNameLengths" type="java.lang.String"><![CDATA[13]]></Field>
</Object>
<Object class="com.sunopsis.dwg.dbobj.SnpFKXRef">
		<Field name="RefKey" type="java.lang.String"><![CDATA[SNP_KMTEMPLATE.115]]></Field>
	<Field name="RefObjGlobalId" type="java.lang.String"><![CDATA[fa46eda2-2d00-11e6-9432-00163e1ffd72]]></Field>
 <Field name="RefObjFQName" type="java.lang.String"><![CDATA[SparkJoinCmd]]></Field>
 <Field name="RefObjFQType" type="java.lang.String"><![CDATA[SNP_KMTEMPLATE]]></Field>
 <Field name="RefObjFQNameLengths" type="java.lang.String"><![CDATA[12]]></Field>
</Object>
<Object class="com.sunopsis.dwg.dbobj.SnpFKXRef">
		<Field name="RefKey" type="java.lang.String"><![CDATA[SNP_KMTEMPLATE.113]]></Field>
	<Field name="RefObjGlobalId" type="java.lang.String"><![CDATA[fa46ed34-2d00-11e6-9430-00163e1ffd72]]></Field>
 <Field name="RefObjFQName" type="java.lang.String"><![CDATA[SparkSplitCmd]]></Field>
 <Field name="RefObjFQType" type="java.lang.String"><![CDATA[SNP_KMTEMPLATE]]></Field>
 <Field name="RefObjFQNameLengths" type="java.lang.String"><![CDATA[13]]></Field>
</Object>
<Object class="com.sunopsis.dwg.dbobj.SnpFKXRef">
		<Field name="RefKey" type="java.lang.String"><![CDATA[SNP_KMTEMPLATE.109]]></Field>
	<Field name="RefObjGlobalId" type="java.lang.String"><![CDATA[fa46ec62-2d00-11e6-942c-00163e1ffd72]]></Field>
 <Field name="RefObjFQName" type="java.lang.String"><![CDATA[SparkFilterCmd]]></Field>
 <Field name="RefObjFQType" type="java.lang.String"><![CDATA[SNP_KMTEMPLATE]]></Field>
 <Field name="RefObjFQNameLengths" type="java.lang.String"><![CDATA[14]]></Field>
</Object>
<Object class="com.sunopsis.dwg.dbobj.SnpFKXRef">
		<Field name="RefKey" type="java.lang.String"><![CDATA[SNP_KMTEMPLATE.169]]></Field>
	<Field name="RefObjGlobalId" type="java.lang.String"><![CDATA[470587C8-007C-0FC4-E053-CEC0E40A4A45]]></Field>
 <Field name="RefObjFQName" type="java.lang.String"><![CDATA[SparkSetCmdDF]]></Field>
 <Field name="RefObjFQType" type="java.lang.String"><![CDATA[SNP_KMTEMPLATE]]></Field>
 <Field name="RefObjFQNameLengths" type="java.lang.String"><![CDATA[13]]></Field>
</Object>
<Object class="com.sunopsis.dwg.dbobj.SnpFKXRef">
		<Field name="RefKey" type="java.lang.String"><![CDATA[SNP_KMTEMPLATE.162]]></Field>
	<Field name="RefObjGlobalId" type="java.lang.String"><![CDATA[6a4338dd-7a70-436e-912b-4d44068be2d1]]></Field>
 <Field name="RefObjFQName" type="java.lang.String"><![CDATA[SparkFlattenCmdDF]]></Field>
 <Field name="RefObjFQType" type="java.lang.String"><![CDATA[SNP_KMTEMPLATE]]></Field>
 <Field name="RefObjFQNameLengths" type="java.lang.String"><![CDATA[17]]></Field>
</Object>
<Object class="com.sunopsis.dwg.dbobj.SnpFKXRef">
		<Field name="RefKey" type="java.lang.String"><![CDATA[SNP_KMTEMPLATE.127]]></Field>
	<Field name="RefObjGlobalId" type="java.lang.String"><![CDATA[fa46e5d2-2d00-11e6-9417-00163e1ffd72]]></Field>
 <Field name="RefObjFQName" type="java.lang.String"><![CDATA[SparkOrderByCmd]]></Field>
 <Field name="RefObjFQType" type="java.lang.String"><![CDATA[SNP_KMTEMPLATE]]></Field>
 <Field name="RefObjFQNameLengths" type="java.lang.String"><![CDATA[15]]></Field>
</Object>
<Object class="com.sunopsis.dwg.dbobj.SnpFKXRef">
		<Field name="RefKey" type="java.lang.String"><![CDATA[SNP_KMTEMPLATE.110]]></Field>
	<Field name="RefObjGlobalId" type="java.lang.String"><![CDATA[fa46ec9e-2d00-11e6-942d-00163e1ffd72]]></Field>
 <Field name="RefObjFQName" type="java.lang.String"><![CDATA[SparkLookupCmd]]></Field>
 <Field name="RefObjFQType" type="java.lang.String"><![CDATA[SNP_KMTEMPLATE]]></Field>
 <Field name="RefObjFQNameLengths" type="java.lang.String"><![CDATA[14]]></Field>
</Object>
<Object class="com.sunopsis.dwg.dbobj.SnpFKXRef">
		<Field name="RefKey" type="java.lang.String"><![CDATA[SNP_KMTEMPLATE.114]]></Field>
	<Field name="RefObjGlobalId" type="java.lang.String"><![CDATA[fa46ed66-2d00-11e6-9431-00163e1ffd72]]></Field>
 <Field name="RefObjFQName" type="java.lang.String"><![CDATA[SparkDistinctCmd]]></Field>
 <Field name="RefObjFQType" type="java.lang.String"><![CDATA[SNP_KMTEMPLATE]]></Field>
 <Field name="RefObjFQNameLengths" type="java.lang.String"><![CDATA[16]]></Field>
</Object>
<Object class="com.sunopsis.dwg.dbobj.SnpFKXRef">
		<Field name="RefKey" type="java.lang.String"><![CDATA[SNP_KMTEMPLATE.160]]></Field>
	<Field name="RefObjGlobalId" type="java.lang.String"><![CDATA[48950f96-6367-4e3a-a17a-42daecc1b990]]></Field>
 <Field name="RefObjFQName" type="java.lang.String"><![CDATA[SparkFilterCmdDF]]></Field>
 <Field name="RefObjFQType" type="java.lang.String"><![CDATA[SNP_KMTEMPLATE]]></Field>
 <Field name="RefObjFQNameLengths" type="java.lang.String"><![CDATA[16]]></Field>
</Object>
<Object class="com.sunopsis.dwg.dbobj.SnpFKXRef">
		<Field name="RefKey" type="java.lang.String"><![CDATA[SNP_KMTEMPLATE.105]]></Field>
	<Field name="RefObjGlobalId" type="java.lang.String"><![CDATA[fa46e316-2d00-11e6-940c-00163e1ffd72]]></Field>
 <Field name="RefObjFQName" type="java.lang.String"><![CDATA[SparkStoreCmd]]></Field>
 <Field name="RefObjFQType" type="java.lang.String"><![CDATA[SNP_KMTEMPLATE]]></Field>
 <Field name="RefObjFQNameLengths" type="java.lang.String"><![CDATA[13]]></Field>
</Object>
<Object class="com.sunopsis.dwg.dbobj.SnpFKXRef">
		<Field name="RefKey" type="java.lang.String"><![CDATA[SNP_KMTEMPLATE.165]]></Field>
	<Field name="RefObjGlobalId" type="java.lang.String"><![CDATA[469C3023-2447-1199-E053-CEC0E40A9CFE]]></Field>
 <Field name="RefObjFQName" type="java.lang.String"><![CDATA[SparkSplitCmdDF]]></Field>
 <Field name="RefObjFQType" type="java.lang.String"><![CDATA[SNP_KMTEMPLATE]]></Field>
 <Field name="RefObjFQNameLengths" type="java.lang.String"><![CDATA[15]]></Field>
</Object>
<Object class="com.sunopsis.dwg.dbobj.SnpFKXRef">
		<Field name="RefKey" type="java.lang.String"><![CDATA[SNP_KMTEMPLATE.155]]></Field>
	<Field name="RefObjGlobalId" type="java.lang.String"><![CDATA[14da49d5-11b2-49c1-9ac8-58993de81336]]></Field>
 <Field name="RefObjFQName" type="java.lang.String"><![CDATA[SparkStoreCmdDF]]></Field>
 <Field name="RefObjFQType" type="java.lang.String"><![CDATA[SNP_KMTEMPLATE]]></Field>
 <Field name="RefObjFQNameLengths" type="java.lang.String"><![CDATA[15]]></Field>
</Object>
<Object class="com.sunopsis.dwg.dbobj.SnpFKXRef">
		<Field name="RefKey" type="java.lang.String"><![CDATA[SNP_KMTEMPLATE.120]]></Field>
	<Field name="RefObjGlobalId" type="java.lang.String"><![CDATA[fa46e942-2d00-11e6-941d-00163e1ffd72]]></Field>
 <Field name="RefObjFQName" type="java.lang.String"><![CDATA[SparkCallScriptCmd]]></Field>
 <Field name="RefObjFQType" type="java.lang.String"><![CDATA[SNP_KMTEMPLATE]]></Field>
 <Field name="RefObjFQNameLengths" type="java.lang.String"><![CDATA[18]]></Field>
</Object>
<Object class="com.sunopsis.dwg.dbobj.SnpFKXRef">
		<Field name="RefKey" type="java.lang.String"><![CDATA[SNP_KMTEMPLATE.126]]></Field>
	<Field name="RefObjGlobalId" type="java.lang.String"><![CDATA[fa46e5fa-2d00-11e6-9418-00163e1ffd72]]></Field>
 <Field name="RefObjFQName" type="java.lang.String"><![CDATA[SparkFlattenCmd]]></Field>
 <Field name="RefObjFQType" type="java.lang.String"><![CDATA[SNP_KMTEMPLATE]]></Field>
 <Field name="RefObjFQNameLengths" type="java.lang.String"><![CDATA[15]]></Field>
</Object>
<Object class="com.sunopsis.dwg.dbobj.SnpFKXRef">
		<Field name="RefKey" type="java.lang.String"><![CDATA[SNP_KMTEMPLATE.125]]></Field>
	<Field name="RefObjGlobalId" type="java.lang.String"><![CDATA[fa46e622-2d00-11e6-9419-00163e1ffd72]]></Field>
 <Field name="RefObjFQName" type="java.lang.String"><![CDATA[SparkGroupCmd]]></Field>
 <Field name="RefObjFQType" type="java.lang.String"><![CDATA[SNP_KMTEMPLATE]]></Field>
 <Field name="RefObjFQNameLengths" type="java.lang.String"><![CDATA[13]]></Field>
</Object>
<Object class="com.sunopsis.dwg.dbobj.SnpFKXRef">
		<Field name="RefKey" type="java.lang.String"><![CDATA[SNP_KMTEMPLATE.167]]></Field>
	<Field name="RefObjGlobalId" type="java.lang.String"><![CDATA[a77950f0-a905-4991-98c6-d46e415581d9]]></Field>
 <Field name="RefObjFQName" type="java.lang.String"><![CDATA[SparkGroupCmdDF]]></Field>
 <Field name="RefObjFQType" type="java.lang.String"><![CDATA[SNP_KMTEMPLATE]]></Field>
 <Field name="RefObjFQNameLengths" type="java.lang.String"><![CDATA[15]]></Field>
</Object>
<Object class="com.sunopsis.dwg.dbobj.SnpFKXRef">
		<Field name="RefKey" type="java.lang.String"><![CDATA[SNP_KMTEMPLATE.166]]></Field>
	<Field name="RefObjGlobalId" type="java.lang.String"><![CDATA[4650AA61-79F6-3D3D-E053-CEC0E40AB493]]></Field>
 <Field name="RefObjFQName" type="java.lang.String"><![CDATA[SparkOrderByCmdDF]]></Field>
 <Field name="RefObjFQType" type="java.lang.String"><![CDATA[SNP_KMTEMPLATE]]></Field>
 <Field name="RefObjFQNameLengths" type="java.lang.String"><![CDATA[17]]></Field>
</Object>
<Object class="com.sunopsis.dwg.dbobj.SnpFKXRef">
		<Field name="RefKey" type="java.lang.String"><![CDATA[SNP_KMTEMPLATE.96]]></Field>
	<Field name="RefObjGlobalId" type="java.lang.String"><![CDATA[fa46e1b8-2d00-11e6-9403-00163e1ffd72]]></Field>
 <Field name="RefObjFQName" type="java.lang.String"><![CDATA[SparkHiveStoreCmd]]></Field>
 <Field name="RefObjFQType" type="java.lang.String"><![CDATA[SNP_KMTEMPLATE]]></Field>
 <Field name="RefObjFQNameLengths" type="java.lang.String"><![CDATA[17]]></Field>
</Object>
<Object class="com.sunopsis.dwg.dbobj.SnpFKXRef">
		<Field name="RefKey" type="java.lang.String"><![CDATA[SNP_KMTEMPLATE.94]]></Field>
	<Field name="RefObjGlobalId" type="java.lang.String"><![CDATA[fa46e190-2d00-11e6-9402-00163e1ffd72]]></Field>
 <Field name="RefObjFQName" type="java.lang.String"><![CDATA[SparkSQLCmd]]></Field>
 <Field name="RefObjFQType" type="java.lang.String"><![CDATA[SNP_KMTEMPLATE]]></Field>
 <Field name="RefObjFQNameLengths" type="java.lang.String"><![CDATA[11]]></Field>
</Object>
<Object class="com.sunopsis.dwg.dbobj.SnpFKXRef">
		<Field name="RefKey" type="java.lang.String"><![CDATA[SNP_KMTEMPLATE.164]]></Field>
	<Field name="RefObjGlobalId" type="java.lang.String"><![CDATA[c5f54dca-279c-4de1-a552-1e270cbca8f8]]></Field>
 <Field name="RefObjFQName" type="java.lang.String"><![CDATA[SparkLookupCmdDF]]></Field>
 <Field name="RefObjFQType" type="java.lang.String"><![CDATA[SNP_KMTEMPLATE]]></Field>
 <Field name="RefObjFQNameLengths" type="java.lang.String"><![CDATA[16]]></Field>
</Object>
<Object class="com.sunopsis.dwg.dbobj.SnpFKXRef">
		<Field name="RefKey" type="java.lang.String"><![CDATA[SNP_KMTEMPLATE.171]]></Field>
	<Field name="RefObjGlobalId" type="java.lang.String"><![CDATA[48ABC7A8-80AA-4355-E053-CEC0E40A0ABA]]></Field>
 <Field name="RefObjFQName" type="java.lang.String"><![CDATA[SparkCallScriptCmdDF]]></Field>
 <Field name="RefObjFQType" type="java.lang.String"><![CDATA[SNP_KMTEMPLATE]]></Field>
 <Field name="RefObjFQNameLengths" type="java.lang.String"><![CDATA[20]]></Field>
</Object>
<Object class="com.sunopsis.dwg.dbobj.SnpFKXRef">
		<Field name="RefKey" type="java.lang.String"><![CDATA[SNP_KMTEMPLATE.148]]></Field>
	<Field name="RefObjGlobalId" type="java.lang.String"><![CDATA[130f579f-15ca-497d-88c8-c6c871450caa]]></Field>
 <Field name="RefObjFQName" type="java.lang.String"><![CDATA[SparkHqlCmdDF]]></Field>
 <Field name="RefObjFQType" type="java.lang.String"><![CDATA[SNP_KMTEMPLATE]]></Field>
 <Field name="RefObjFQNameLengths" type="java.lang.String"><![CDATA[13]]></Field>
</Object>
<Object class="com.sunopsis.dwg.dbobj.SnpFKXRef">
		<Field name="RefKey" type="java.lang.String"><![CDATA[SNP_KMTEMPLATE.161]]></Field>
	<Field name="RefObjGlobalId" type="java.lang.String"><![CDATA[71d78523-af7e-4b47-8d47-be3edbc409eb]]></Field>
 <Field name="RefObjFQName" type="java.lang.String"><![CDATA[SparkExpressionCmdDF]]></Field>
 <Field name="RefObjFQType" type="java.lang.String"><![CDATA[SNP_KMTEMPLATE]]></Field>
 <Field name="RefObjFQNameLengths" type="java.lang.String"><![CDATA[20]]></Field>
</Object>
<Object class="com.sunopsis.dwg.dbobj.SnpFKXRef">
		<Field name="RefKey" type="java.lang.String"><![CDATA[SNP_KMTEMPLATE.163]]></Field>
	<Field name="RefObjGlobalId" type="java.lang.String"><![CDATA[4cd5faaa-91ac-4c23-9871-2fb82a610134]]></Field>
 <Field name="RefObjFQName" type="java.lang.String"><![CDATA[SparkJoinCmdDF]]></Field>
 <Field name="RefObjFQType" type="java.lang.String"><![CDATA[SNP_KMTEMPLATE]]></Field>
 <Field name="RefObjFQNameLengths" type="java.lang.String"><![CDATA[14]]></Field>
</Object>
<Object class="com.sunopsis.dwg.dbobj.SnpFKXRef">
		<Field name="RefKey" type="java.lang.String"><![CDATA[SNP_KMTEMPLATE.159]]></Field>
	<Field name="RefObjGlobalId" type="java.lang.String"><![CDATA[4537F066-9408-679B-E053-CEC0E40A7CEB]]></Field>
 <Field name="RefObjFQName" type="java.lang.String"><![CDATA[SparkDistinctCmdDF]]></Field>
 <Field name="RefObjFQType" type="java.lang.String"><![CDATA[SNP_KMTEMPLATE]]></Field>
 <Field name="RefObjFQNameLengths" type="java.lang.String"><![CDATA[18]]></Field>
</Object>
<Object class="com.sunopsis.dwg.dbobj.SnpFKXRef">
		<Field name="RefKey" type="java.lang.String"><![CDATA[SNP_KMTEMPLATE.149]]></Field>
	<Field name="RefObjGlobalId" type="java.lang.String"><![CDATA[644216eb-18b4-42c6-ba70-04cf3bc11482]]></Field>
 <Field name="RefObjFQName" type="java.lang.String"><![CDATA[SparkLoadCmdDF]]></Field>
 <Field name="RefObjFQType" type="java.lang.String"><![CDATA[SNP_KMTEMPLATE]]></Field>
 <Field name="RefObjFQNameLengths" type="java.lang.String"><![CDATA[14]]></Field>
</Object>
<Object class="com.sunopsis.dwg.dbobj.SnpFKXRef">
		<Field name="RefKey" type="java.lang.String"><![CDATA[SNP_KMTEMPLATE.154]]></Field>
	<Field name="RefObjGlobalId" type="java.lang.String"><![CDATA[58809adb-f2d4-4dfd-91f1-4bed4b95bb93]]></Field>
 <Field name="RefObjFQName" type="java.lang.String"><![CDATA[SparkHiveStoreCmdDF]]></Field>
 <Field name="RefObjFQType" type="java.lang.String"><![CDATA[SNP_KMTEMPLATE]]></Field>
 <Field name="RefObjFQNameLengths" type="java.lang.String"><![CDATA[19]]></Field>
</Object>
<Object class="com.sunopsis.dwg.dbobj.SnpFKXRef">
		<Field name="RefKey" type="java.lang.String"><![CDATA[SNP_KMTEMPLATE.98]]></Field>
	<Field name="RefObjGlobalId" type="java.lang.String"><![CDATA[fa46e1fe-2d00-11e6-9405-00163e1ffd72]]></Field>
 <Field name="RefObjFQName" type="java.lang.String"><![CDATA[SparkSQLStoreCmd]]></Field>
 <Field name="RefObjFQType" type="java.lang.String"><![CDATA[SNP_KMTEMPLATE]]></Field>
 <Field name="RefObjFQNameLengths" type="java.lang.String"><![CDATA[16]]></Field>
</Object>
<Object class="com.sunopsis.dwg.dbobj.SnpFKXRef">
		<Field name="RefKey" type="java.lang.String"><![CDATA[SNP_KMTEMPLATE.151]]></Field>
	<Field name="RefObjGlobalId" type="java.lang.String"><![CDATA[e413dd16-83fc-4ed4-b20e-a71363a0f133]]></Field>
 <Field name="RefObjFQName" type="java.lang.String"><![CDATA[SparkLoadHdfsDF]]></Field>
 <Field name="RefObjFQType" type="java.lang.String"><![CDATA[SNP_KMTEMPLATE]]></Field>
 <Field name="RefObjFQNameLengths" type="java.lang.String"><![CDATA[15]]></Field>
</Object>
<Object class="com.sunopsis.dwg.dbobj.SnpFKXRef">
		<Field name="RefKey" type="java.lang.String"><![CDATA[SNP_KMTEMPLATE.131]]></Field>
	<Field name="RefObjGlobalId" type="java.lang.String"><![CDATA[fa46e41a-2d00-11e6-9413-00163e1ffd72]]></Field>
 <Field name="RefObjFQName" type="java.lang.String"><![CDATA[SparkSetCmd]]></Field>
 <Field name="RefObjFQType" type="java.lang.String"><![CDATA[SNP_KMTEMPLATE]]></Field>
 <Field name="RefObjFQNameLengths" type="java.lang.String"><![CDATA[11]]></Field>
</Object>
<Object class="com.sunopsis.dwg.dbobj.SnpFKXRef">
		<Field name="RefKey" type="java.lang.String"><![CDATA[SNP_KMTEMPLATE.93]]></Field>
	<Field name="RefObjGlobalId" type="java.lang.String"><![CDATA[fa46e168-2d00-11e6-9401-00163e1ffd72]]></Field>
 <Field name="RefObjFQName" type="java.lang.String"><![CDATA[SparkHqlCmd]]></Field>
 <Field name="RefObjFQType" type="java.lang.String"><![CDATA[SNP_KMTEMPLATE]]></Field>
 <Field name="RefObjFQNameLengths" type="java.lang.String"><![CDATA[11]]></Field>
</Object>
<Object class="com.sunopsis.dwg.dbobj.SnpFKXRef">
		<Field name="RefKey" type="java.lang.String"><![CDATA[SNP_KMTEMPLATE.153]]></Field>
	<Field name="RefObjGlobalId" type="java.lang.String"><![CDATA[6dac69dd-b569-4295-bb65-a1d592e2abc9]]></Field>
 <Field name="RefObjFQName" type="java.lang.String"><![CDATA[SparkSQLStoreCmdDF]]></Field>
 <Field name="RefObjFQType" type="java.lang.String"><![CDATA[SNP_KMTEMPLATE]]></Field>
 <Field name="RefObjFQNameLengths" type="java.lang.String"><![CDATA[18]]></Field>
</Object>
<Object class="com.sunopsis.dwg.DwgExportSummary">
		<Field name="ExpTxtNb" type="com.sunopsis.sql.DbInt"><![CDATA[0]]></Field>
	<Field name="InstObjNb" type="com.sunopsis.sql.DbInt"><![CDATA[0]]></Field>
	<Field name="JoinColNb" type="com.sunopsis.sql.DbInt"><![CDATA[0]]></Field>
	<Field name="JoinNb" type="com.sunopsis.sql.DbInt"><![CDATA[0]]></Field>
	<Field name="KeyColNb" type="com.sunopsis.sql.DbInt"><![CDATA[0]]></Field>
	<Field name="KeyNb" type="com.sunopsis.sql.DbInt"><![CDATA[0]]></Field>
	<Field name="LinkDiagNb" type="com.sunopsis.sql.DbInt"><![CDATA[0]]></Field>
	<Field name="MorigTxtNb" type="com.sunopsis.sql.DbInt"><![CDATA[0]]></Field>
	<Field name="MtxtNb" type="com.sunopsis.sql.DbInt"><![CDATA[0]]></Field>
	<Field name="OrigTxtNb" type="com.sunopsis.sql.DbInt"><![CDATA[0]]></Field>
	<Field name="OtherObjectsNb" type="com.sunopsis.sql.DbInt"><![CDATA[36]]></Field>
	<Field name="PlanAgentNb" type="com.sunopsis.sql.DbInt"><![CDATA[0]]></Field>
	<Field name="StepNb" type="com.sunopsis.sql.DbInt"><![CDATA[0]]></Field>
	<Field name="TxtNb" type="com.sunopsis.sql.DbInt"><![CDATA[0]]></Field>
	<Field name="UeOrigNb" type="com.sunopsis.sql.DbInt"><![CDATA[0]]></Field>
	<Field name="UeUsedNb" type="com.sunopsis.sql.DbInt"><![CDATA[0]]></Field>
	<Field name="VarPlanAgentNb" type="com.sunopsis.sql.DbInt"><![CDATA[0]]></Field>
	<Field name="ScenTxtNb" type="com.sunopsis.sql.DbInt"><![CDATA[0]]></Field>
	<Field name="OdiVersion" type="java.lang.String"><![CDATA[12.2.1]]></Field>
	<Field name="OriginRepositoryID" type="com.sunopsis.sql.DbInt"><![CDATA[1]]></Field>
	<Field name="RepositoryVersion" type="java.lang.String"><![CDATA[05.02.02.07]]></Field>
</Object>
</SunopsisExport>
