<?xml version="1.0" encoding="UTF-8"?>
<SunopsisExport>
<Admin RepositoryVersion="05.02.02.07" IsLegacyIdCompatible="false" />
<Encryption algorithm="AES" keyLength="128" exportKeyHash="43XcitajA1nvSSXpoauoYM7V3OTWSrP/HxBcWx0mOU8=" keyVect="3NENIOyFJ2cabcvzEbphrw==" exportKeySalt="a98d443f-6115-4262-9c76-bc436187d84d" containsCipherText="false"/>
<Object class="com.sunopsis.dwg.dbobj.SnpKmTemplate">
		<Field name="FirstDate" type="java.sql.Timestamp"><![CDATA[2019-12-27 16:08:10.0]]></Field>
	<Field name="FirstUser" type="java.lang.String"><![CDATA[SUNOPSIS_INSTALL]]></Field>
	<Field name="GlobalId" type="java.lang.String"><![CDATA[fa46f16c-2d00-11e6-9448-00163e1ffd72]]></Field>
	<Field name="IndChange" type="java.lang.String"><![CDATA[I]]></Field>
	<Field name="IndIsSeeded" type="java.lang.String"><![CDATA[1]]></Field>
	<Field name="IndLangTrans" type="java.lang.String"><![CDATA[1]]></Field>
	<Field name="IndReplNl" type="java.lang.String"><![CDATA[1]]></Field>
	<Field name="IntVersion" type="com.sunopsis.sql.DbInt"><![CDATA[1]]></Field>
	<Field name="IKmTemplate" type="com.sunopsis.sql.DbInt"><![CDATA[198]]></Field>
	<Field name="LangName" type="java.lang.String">null</Field>
	<Field name="LastDate" type="java.sql.Timestamp"><![CDATA[2019-12-27 16:08:10.0]]></Field>
	<Field name="LastUser" type="java.lang.String"><![CDATA[SUNOPSIS_INSTALL]]></Field>
	<Field name="Name" type="java.lang.String"><![CDATA[LkmSqlToHive_CreateSqoopOptionFile_Export]]></Field>
	<Field name="TechnoName" type="java.lang.String"><![CDATA[SUNOPSIS_API]]></Field>
	<Field name="TemplateText" type="java.lang.String"><![CDATA[OdiOutFile "-FILE=<$=sqoopOptionFile$>" "-CHARSET_ENCODING=UTF-8"
# 
# SQOOP Option file for export
#
export


#############################################################
# Hadoop generic options
#############################################################

<$=odiSqoopJars$>

{# IF ($[isToTeradata] == 'true' AND ($[useGeneric] == 'true')) #}<?
//==========================================================
//===================== to Teradata ========================
//==========================================================
?>
-Dsqoop.export.records.per.statement=1
{# ENDIF #}

<$=odiSqoopJars$>

$[option_EXTRA_HADOOP_CONF_PROPERTIES]


#############################################################
# SQOOP options
#############################################################

{# IF ($[useGeneric] == 'true') #}
--driver
$[destJavaDriver]
{# ENDIF #}

--connect
$[destJavaUrl]

--username
$[destUserName]

--password
$[destPassword]

--num-mappers
$[option_SQOOP_PARALLELISM]

--table
$[sqoopTargetTable]


{# IF ($[isFromFile] == 'true') #}<?
//==========================================================
//===================== from File ==========================
//==========================================================
?>

--export-dir
<$=sourceDir$>
--input-fields-terminated-by
'$[fieldSeparator]'
--input-lines-terminated-by
'$[rowSeparator]'
#--input-enclosed-by
#--input-escaped-by
#--input-optionally-enclosed-by
{# ENDIF #}

{# IF ($[isFromHive] == 'true' OR $[isFromHBase] == 'true' ) #}<?
//==========================================================
//===================== from Hive/HBase ====================
//==========================================================
?>
--export-dir
<$=sourceDir$>
--input-fields-terminated-by
'\01'
--input-lines-terminated-by
'\n'
#--input-enclosed-by
#--input-escaped-by
#--input-optionally-enclosed-by
--input-null-string
'\\N'
--input-null-non-string
'\\N'

{# ENDIF #}

$[option_EXTRA_SQOOP_CONF_PROPERTIES]

#############################################################
# Extra connector specific options
#############################################################
--

{# IF ($[isToTeradata] == 'true' AND ($[useGeneric] == 'false') #}<?
//==========================================================
//===================== to Teradata ========================
//==========================================================
?>
--staging-database
$[destWorkSchemaName]
--staging-table
$[teradataStageTableShortName]
--output-method
$[option_TERADATA_OUTPUT_METHOD]
{# ENDIF #}

{# IF ($[isToMsSql] == 'true' AND ($[useGeneric] == 'false') #}<?
//==========================================================
//===================== to MSSQL ===========================
//==========================================================
?>
--schema
<$=sqoopTargetSchema$>
{# ENDIF #}


$[option_EXTRA_SQOOP_CONNECTOR_CONF_PROPERTIES]
]]></Field>
	<Field name="TemplateVersion" type="java.lang.String">null</Field>
</Object>
<Object class="com.sunopsis.dwg.dbobj.SnpKmTemplateJoin">
		<Field name="GlobalId" type="java.lang.String"><![CDATA[87643788-3a24-4615-8530-934123f3826d]]></Field>
	<Field name="ISnpKmTemplate" type="com.sunopsis.sql.DbInt"><![CDATA[198]]></Field>
	<Field name="ISnpTrt" type="com.sunopsis.sql.DbInt"><![CDATA[70]]></Field>
</Object>
<Object class="com.sunopsis.dwg.dbobj.SnpKmTemplateJoin">
		<Field name="GlobalId" type="java.lang.String"><![CDATA[7834d0d1-0070-4dcc-a9eb-b237e25e4399]]></Field>
	<Field name="ISnpKmTemplate" type="com.sunopsis.sql.DbInt"><![CDATA[198]]></Field>
	<Field name="ISnpTrt" type="com.sunopsis.sql.DbInt"><![CDATA[69]]></Field>
</Object>
<Object class="com.sunopsis.dwg.dbobj.SnpKmTemplateJoin">
		<Field name="GlobalId" type="java.lang.String"><![CDATA[b22486d5-af43-40b3-9d2b-036993cb342c]]></Field>
	<Field name="ISnpKmTemplate" type="com.sunopsis.sql.DbInt"><![CDATA[198]]></Field>
	<Field name="ISnpTrt" type="com.sunopsis.sql.DbInt"><![CDATA[72]]></Field>
</Object>
<Object class="com.sunopsis.dwg.dbobj.SnpKmTemplateJoin">
		<Field name="GlobalId" type="java.lang.String"><![CDATA[0d813f28-8e32-4fd0-8840-f28cce74df5c]]></Field>
	<Field name="ISnpKmTemplate" type="com.sunopsis.sql.DbInt"><![CDATA[198]]></Field>
	<Field name="ISnpTrt" type="com.sunopsis.sql.DbInt"><![CDATA[71]]></Field>
</Object>
<Object class="com.sunopsis.dwg.dbobj.SnpFKXRef">
		<Field name="RefKey" type="java.lang.String"><![CDATA[SNP_TRT.70]]></Field>
	<Field name="RefObjGlobalId" type="java.lang.String"><![CDATA[FD9B1AAF5D0B780FE04311C1E40A5D9E]]></Field>
 <Field name="RefObjFQName" type="java.lang.String"><![CDATA[LKM File to SQL SQOOP]]></Field>
 <Field name="RefObjFQType" type="java.lang.String"><![CDATA[SNP_TRT]]></Field>
 <Field name="RefObjFQNameLengths" type="java.lang.String"><![CDATA[21]]></Field>
</Object>
<Object class="com.sunopsis.dwg.dbobj.SnpFKXRef">
		<Field name="RefKey" type="java.lang.String"><![CDATA[SNP_KMTEMPLATE.198]]></Field>
	<Field name="RefObjGlobalId" type="java.lang.String"><![CDATA[fa46f16c-2d00-11e6-9448-00163e1ffd72]]></Field>
 <Field name="RefObjFQName" type="java.lang.String"><![CDATA[LkmSqlToHive_CreateSqoopOptionFile_Export]]></Field>
 <Field name="RefObjFQType" type="java.lang.String"><![CDATA[SNP_KMTEMPLATE]]></Field>
 <Field name="RefObjFQNameLengths" type="java.lang.String"><![CDATA[41]]></Field>
</Object>
<Object class="com.sunopsis.dwg.dbobj.SnpFKXRef">
		<Field name="RefKey" type="java.lang.String"><![CDATA[SNP_TRT.69]]></Field>
	<Field name="RefObjGlobalId" type="java.lang.String"><![CDATA[FD9B1AAF5D04780FE04311C1E40A5D9E]]></Field>
 <Field name="RefObjFQName" type="java.lang.String"><![CDATA[HiveSqoopExportBaseLKM]]></Field>
 <Field name="RefObjFQType" type="java.lang.String"><![CDATA[SNP_TRT]]></Field>
 <Field name="RefObjFQNameLengths" type="java.lang.String"><![CDATA[22]]></Field>
</Object>
<Object class="com.sunopsis.dwg.dbobj.SnpFKXRef">
		<Field name="RefKey" type="java.lang.String"><![CDATA[SNP_TRT.72]]></Field>
	<Field name="RefObjGlobalId" type="java.lang.String"><![CDATA[FEAF67D094E32760E04311C1E40A3D29]]></Field>
 <Field name="RefObjFQName" type="java.lang.String"><![CDATA[LKM HBase to SQL SQOOP]]></Field>
 <Field name="RefObjFQType" type="java.lang.String"><![CDATA[SNP_TRT]]></Field>
 <Field name="RefObjFQNameLengths" type="java.lang.String"><![CDATA[22]]></Field>
</Object>
<Object class="com.sunopsis.dwg.dbobj.SnpFKXRef">
		<Field name="RefKey" type="java.lang.String"><![CDATA[SNP_TRT.71]]></Field>
	<Field name="RefObjGlobalId" type="java.lang.String"><![CDATA[FD9B1AAF5D09780FE04311C1E40A5D9E]]></Field>
 <Field name="RefObjFQName" type="java.lang.String"><![CDATA[LKM Hive to SQL SQOOP]]></Field>
 <Field name="RefObjFQType" type="java.lang.String"><![CDATA[SNP_TRT]]></Field>
 <Field name="RefObjFQNameLengths" type="java.lang.String"><![CDATA[21]]></Field>
</Object>
<Object class="com.sunopsis.dwg.DwgExportSummary">
		<Field name="ExpTxtNb" type="com.sunopsis.sql.DbInt"><![CDATA[0]]></Field>
	<Field name="InstObjNb" type="com.sunopsis.sql.DbInt"><![CDATA[0]]></Field>
	<Field name="JoinColNb" type="com.sunopsis.sql.DbInt"><![CDATA[0]]></Field>
	<Field name="JoinNb" type="com.sunopsis.sql.DbInt"><![CDATA[0]]></Field>
	<Field name="KeyColNb" type="com.sunopsis.sql.DbInt"><![CDATA[0]]></Field>
	<Field name="KeyNb" type="com.sunopsis.sql.DbInt"><![CDATA[0]]></Field>
	<Field name="LinkDiagNb" type="com.sunopsis.sql.DbInt"><![CDATA[0]]></Field>
	<Field name="MorigTxtNb" type="com.sunopsis.sql.DbInt"><![CDATA[0]]></Field>
	<Field name="MtxtNb" type="com.sunopsis.sql.DbInt"><![CDATA[0]]></Field>
	<Field name="OrigTxtNb" type="com.sunopsis.sql.DbInt"><![CDATA[0]]></Field>
	<Field name="OtherObjectsNb" type="com.sunopsis.sql.DbInt"><![CDATA[5]]></Field>
	<Field name="PlanAgentNb" type="com.sunopsis.sql.DbInt"><![CDATA[0]]></Field>
	<Field name="StepNb" type="com.sunopsis.sql.DbInt"><![CDATA[0]]></Field>
	<Field name="TxtNb" type="com.sunopsis.sql.DbInt"><![CDATA[0]]></Field>
	<Field name="UeOrigNb" type="com.sunopsis.sql.DbInt"><![CDATA[0]]></Field>
	<Field name="UeUsedNb" type="com.sunopsis.sql.DbInt"><![CDATA[0]]></Field>
	<Field name="VarPlanAgentNb" type="com.sunopsis.sql.DbInt"><![CDATA[0]]></Field>
	<Field name="ScenTxtNb" type="com.sunopsis.sql.DbInt"><![CDATA[0]]></Field>
	<Field name="OdiVersion" type="java.lang.String"><![CDATA[12.2.1]]></Field>
	<Field name="OriginRepositoryID" type="com.sunopsis.sql.DbInt"><![CDATA[1]]></Field>
	<Field name="RepositoryVersion" type="java.lang.String"><![CDATA[05.02.02.07]]></Field>
</Object>
</SunopsisExport>
