<?xml version="1.0" encoding="UTF-8"?>
<SunopsisExport>
<Admin RepositoryVersion="05.02.02.07" IsLegacyIdCompatible="false" />
<Encryption algorithm="AES" keyLength="128" exportKeyHash="IwVPCQzNNNtbUuNusxBZ7/uBvrVz4z9Q+6zFnMzWO/w=" keyVect="fiZAVAX9ym1dgevUCmUgtA==" exportKeySalt="2a4cd759-817d-4eb8-9430-c16b529a7920" containsCipherText="false"/>
<Object class="com.sunopsis.dwg.dbobj.SnpKmTemplate">
		<Field name="FirstDate" type="java.sql.Timestamp"><![CDATA[2019-12-27 16:08:10.0]]></Field>
	<Field name="FirstUser" type="java.lang.String"><![CDATA[SUNOPSIS_INSTALL]]></Field>
	<Field name="GlobalId" type="java.lang.String"><![CDATA[fa46efc8-2d00-11e6-943d-00163e1ffd72]]></Field>
	<Field name="IndChange" type="java.lang.String"><![CDATA[I]]></Field>
	<Field name="IndIsSeeded" type="java.lang.String"><![CDATA[1]]></Field>
	<Field name="IndLangTrans" type="java.lang.String"><![CDATA[1]]></Field>
	<Field name="IndReplNl" type="java.lang.String"><![CDATA[1]]></Field>
	<Field name="IntVersion" type="com.sunopsis.sql.DbInt"><![CDATA[1]]></Field>
	<Field name="IKmTemplate" type="com.sunopsis.sql.DbInt"><![CDATA[186]]></Field>
	<Field name="LangName" type="java.lang.String"><![CDATA[SQL]]></Field>
	<Field name="LastDate" type="java.sql.Timestamp"><![CDATA[2019-12-27 16:08:10.0]]></Field>
	<Field name="LastUser" type="java.lang.String"><![CDATA[SUNOPSIS_INSTALL]]></Field>
	<Field name="Name" type="java.lang.String"><![CDATA[DropTempIndexStage]]></Field>
	<Field name="TechnoName" type="java.lang.String"><![CDATA[HIVE]]></Field>
	<Field name="TemplateText" type="java.lang.String"><![CDATA[
DROP INDEX $[indexName] ON $[generatorContext.getAPNodeCollTableAccessName()]
]]></Field>
	<Field name="TemplateVersion" type="java.lang.String">null</Field>
</Object>
<Object class="com.sunopsis.dwg.dbobj.SnpKmTemplateJoin">
		<Field name="GlobalId" type="java.lang.String"><![CDATA[86b17745-2373-4354-9761-48fa1c7ccf6e]]></Field>
	<Field name="ISnpKmTemplate" type="com.sunopsis.sql.DbInt"><![CDATA[186]]></Field>
	<Field name="ISnpTrt" type="com.sunopsis.sql.DbInt"><![CDATA[64]]></Field>
</Object>
<Object class="com.sunopsis.dwg.dbobj.SnpKmTemplateJoin">
		<Field name="GlobalId" type="java.lang.String"><![CDATA[377f83aa-e831-4e5e-aec8-c7e29d36cbb5]]></Field>
	<Field name="ISnpKmTemplate" type="com.sunopsis.sql.DbInt"><![CDATA[186]]></Field>
	<Field name="ISnpTrt" type="com.sunopsis.sql.DbInt"><![CDATA[71]]></Field>
</Object>
<Object class="com.sunopsis.dwg.dbobj.SnpKmTemplateJoin">
		<Field name="GlobalId" type="java.lang.String"><![CDATA[1e7855bb-42d0-48a2-acc1-6573e64d540e]]></Field>
	<Field name="ISnpKmTemplate" type="com.sunopsis.sql.DbInt"><![CDATA[186]]></Field>
	<Field name="ISnpTrt" type="com.sunopsis.sql.DbInt"><![CDATA[68]]></Field>
</Object>
<Object class="com.sunopsis.dwg.dbobj.SnpKmTemplateJoin">
		<Field name="GlobalId" type="java.lang.String"><![CDATA[b02f3718-d82d-42db-be6f-7420788f9c35]]></Field>
	<Field name="ISnpKmTemplate" type="com.sunopsis.sql.DbInt"><![CDATA[186]]></Field>
	<Field name="ISnpTrt" type="com.sunopsis.sql.DbInt"><![CDATA[73]]></Field>
</Object>
<Object class="com.sunopsis.dwg.dbobj.SnpKmTemplateJoin">
		<Field name="GlobalId" type="java.lang.String"><![CDATA[2f881f01-d7c6-46be-b850-b7cfde9c5cc7]]></Field>
	<Field name="ISnpKmTemplate" type="com.sunopsis.sql.DbInt"><![CDATA[186]]></Field>
	<Field name="ISnpTrt" type="com.sunopsis.sql.DbInt"><![CDATA[65]]></Field>
</Object>
<Object class="com.sunopsis.dwg.dbobj.SnpKmTemplateJoin">
		<Field name="GlobalId" type="java.lang.String"><![CDATA[df8596ac-9687-4ec0-b894-964703d08c8c]]></Field>
	<Field name="ISnpKmTemplate" type="com.sunopsis.sql.DbInt"><![CDATA[186]]></Field>
	<Field name="ISnpTrt" type="com.sunopsis.sql.DbInt"><![CDATA[66]]></Field>
</Object>
<Object class="com.sunopsis.dwg.dbobj.SnpKmTemplateJoin">
		<Field name="GlobalId" type="java.lang.String"><![CDATA[ed4604ca-9cfb-4241-bea0-3809baef61ae]]></Field>
	<Field name="ISnpKmTemplate" type="com.sunopsis.sql.DbInt"><![CDATA[186]]></Field>
	<Field name="ISnpTrt" type="com.sunopsis.sql.DbInt"><![CDATA[69]]></Field>
</Object>
<Object class="com.sunopsis.dwg.dbobj.SnpKmTemplateJoin">
		<Field name="GlobalId" type="java.lang.String"><![CDATA[0535c496-114d-4eaa-b3f2-6919f0828a51]]></Field>
	<Field name="ISnpKmTemplate" type="com.sunopsis.sql.DbInt"><![CDATA[186]]></Field>
	<Field name="ISnpTrt" type="com.sunopsis.sql.DbInt"><![CDATA[53]]></Field>
</Object>
<Object class="com.sunopsis.dwg.dbobj.SnpFKXRef">
		<Field name="RefKey" type="java.lang.String"><![CDATA[SNP_TRT.64]]></Field>
	<Field name="RefObjGlobalId" type="java.lang.String"><![CDATA[FBA00EADFA750AA6E04311C1E40A6B08]]></Field>
 <Field name="RefObjFQName" type="java.lang.String"><![CDATA[HiveSqoopBaseLKM]]></Field>
 <Field name="RefObjFQType" type="java.lang.String"><![CDATA[SNP_TRT]]></Field>
 <Field name="RefObjFQNameLengths" type="java.lang.String"><![CDATA[16]]></Field>
</Object>
<Object class="com.sunopsis.dwg.dbobj.SnpFKXRef">
		<Field name="RefKey" type="java.lang.String"><![CDATA[SNP_KMTEMPLATE.186]]></Field>
	<Field name="RefObjGlobalId" type="java.lang.String"><![CDATA[fa46efc8-2d00-11e6-943d-00163e1ffd72]]></Field>
 <Field name="RefObjFQName" type="java.lang.String"><![CDATA[DropTempIndexStage]]></Field>
 <Field name="RefObjFQType" type="java.lang.String"><![CDATA[SNP_KMTEMPLATE]]></Field>
 <Field name="RefObjFQNameLengths" type="java.lang.String"><![CDATA[18]]></Field>
</Object>
<Object class="com.sunopsis.dwg.dbobj.SnpFKXRef">
		<Field name="RefKey" type="java.lang.String"><![CDATA[SNP_TRT.71]]></Field>
	<Field name="RefObjGlobalId" type="java.lang.String"><![CDATA[FD9B1AAF5D09780FE04311C1E40A5D9E]]></Field>
 <Field name="RefObjFQName" type="java.lang.String"><![CDATA[LKM Hive to SQL SQOOP]]></Field>
 <Field name="RefObjFQType" type="java.lang.String"><![CDATA[SNP_TRT]]></Field>
 <Field name="RefObjFQNameLengths" type="java.lang.String"><![CDATA[21]]></Field>
</Object>
<Object class="com.sunopsis.dwg.dbobj.SnpFKXRef">
		<Field name="RefKey" type="java.lang.String"><![CDATA[SNP_TRT.68]]></Field>
	<Field name="RefObjGlobalId" type="java.lang.String"><![CDATA[FBF0D5B45C9B0ADBE04311C1E40ABBFE]]></Field>
 <Field name="RefObjFQName" type="java.lang.String"><![CDATA[LKM SQL to HBase SQOOP Direct]]></Field>
 <Field name="RefObjFQType" type="java.lang.String"><![CDATA[SNP_TRT]]></Field>
 <Field name="RefObjFQNameLengths" type="java.lang.String"><![CDATA[29]]></Field>
</Object>
<Object class="com.sunopsis.dwg.dbobj.SnpFKXRef">
		<Field name="RefKey" type="java.lang.String"><![CDATA[SNP_TRT.73]]></Field>
	<Field name="RefObjGlobalId" type="java.lang.String"><![CDATA[00E79371AF8345CBE05311C1E40A3FBF]]></Field>
 <Field name="RefObjFQName" type="java.lang.String"><![CDATA[HiveOlhBaseLKM]]></Field>
 <Field name="RefObjFQType" type="java.lang.String"><![CDATA[SNP_TRT]]></Field>
 <Field name="RefObjFQNameLengths" type="java.lang.String"><![CDATA[14]]></Field>
</Object>
<Object class="com.sunopsis.dwg.dbobj.SnpFKXRef">
		<Field name="RefKey" type="java.lang.String"><![CDATA[SNP_TRT.65]]></Field>
	<Field name="RefObjGlobalId" type="java.lang.String"><![CDATA[FBA00EADFA760AA6E04311C1E40A6B08]]></Field>
 <Field name="RefObjFQName" type="java.lang.String"><![CDATA[HiveSqoopImportBaseLKM]]></Field>
 <Field name="RefObjFQType" type="java.lang.String"><![CDATA[SNP_TRT]]></Field>
 <Field name="RefObjFQNameLengths" type="java.lang.String"><![CDATA[22]]></Field>
</Object>
<Object class="com.sunopsis.dwg.dbobj.SnpFKXRef">
		<Field name="RefKey" type="java.lang.String"><![CDATA[SNP_TRT.66]]></Field>
	<Field name="RefObjGlobalId" type="java.lang.String"><![CDATA[FBA00EADFA780AA6E04311C1E40A6B08]]></Field>
 <Field name="RefObjFQName" type="java.lang.String"><![CDATA[LKM SQL to Hive SQOOP]]></Field>
 <Field name="RefObjFQType" type="java.lang.String"><![CDATA[SNP_TRT]]></Field>
 <Field name="RefObjFQNameLengths" type="java.lang.String"><![CDATA[21]]></Field>
</Object>
<Object class="com.sunopsis.dwg.dbobj.SnpFKXRef">
		<Field name="RefKey" type="java.lang.String"><![CDATA[SNP_TRT.69]]></Field>
	<Field name="RefObjGlobalId" type="java.lang.String"><![CDATA[FD9B1AAF5D04780FE04311C1E40A5D9E]]></Field>
 <Field name="RefObjFQName" type="java.lang.String"><![CDATA[HiveSqoopExportBaseLKM]]></Field>
 <Field name="RefObjFQType" type="java.lang.String"><![CDATA[SNP_TRT]]></Field>
 <Field name="RefObjFQNameLengths" type="java.lang.String"><![CDATA[22]]></Field>
</Object>
<Object class="com.sunopsis.dwg.dbobj.SnpFKXRef">
		<Field name="RefKey" type="java.lang.String"><![CDATA[SNP_TRT.53]]></Field>
	<Field name="RefObjGlobalId" type="java.lang.String"><![CDATA[f5a07b3d-e76f-425e-a851-59ebaaaf5853]]></Field>
 <Field name="RefObjFQName" type="java.lang.String"><![CDATA[HiveBaseLKM]]></Field>
 <Field name="RefObjFQType" type="java.lang.String"><![CDATA[SNP_TRT]]></Field>
 <Field name="RefObjFQNameLengths" type="java.lang.String"><![CDATA[11]]></Field>
</Object>
<Object class="com.sunopsis.dwg.DwgExportSummary">
		<Field name="ExpTxtNb" type="com.sunopsis.sql.DbInt"><![CDATA[0]]></Field>
	<Field name="InstObjNb" type="com.sunopsis.sql.DbInt"><![CDATA[0]]></Field>
	<Field name="JoinColNb" type="com.sunopsis.sql.DbInt"><![CDATA[0]]></Field>
	<Field name="JoinNb" type="com.sunopsis.sql.DbInt"><![CDATA[0]]></Field>
	<Field name="KeyColNb" type="com.sunopsis.sql.DbInt"><![CDATA[0]]></Field>
	<Field name="KeyNb" type="com.sunopsis.sql.DbInt"><![CDATA[0]]></Field>
	<Field name="LinkDiagNb" type="com.sunopsis.sql.DbInt"><![CDATA[0]]></Field>
	<Field name="MorigTxtNb" type="com.sunopsis.sql.DbInt"><![CDATA[0]]></Field>
	<Field name="MtxtNb" type="com.sunopsis.sql.DbInt"><![CDATA[0]]></Field>
	<Field name="OrigTxtNb" type="com.sunopsis.sql.DbInt"><![CDATA[0]]></Field>
	<Field name="OtherObjectsNb" type="com.sunopsis.sql.DbInt"><![CDATA[9]]></Field>
	<Field name="PlanAgentNb" type="com.sunopsis.sql.DbInt"><![CDATA[0]]></Field>
	<Field name="StepNb" type="com.sunopsis.sql.DbInt"><![CDATA[0]]></Field>
	<Field name="TxtNb" type="com.sunopsis.sql.DbInt"><![CDATA[0]]></Field>
	<Field name="UeOrigNb" type="com.sunopsis.sql.DbInt"><![CDATA[0]]></Field>
	<Field name="UeUsedNb" type="com.sunopsis.sql.DbInt"><![CDATA[0]]></Field>
	<Field name="VarPlanAgentNb" type="com.sunopsis.sql.DbInt"><![CDATA[0]]></Field>
	<Field name="ScenTxtNb" type="com.sunopsis.sql.DbInt"><![CDATA[0]]></Field>
	<Field name="OdiVersion" type="java.lang.String"><![CDATA[12.2.1]]></Field>
	<Field name="OriginRepositoryID" type="com.sunopsis.sql.DbInt"><![CDATA[1]]></Field>
	<Field name="RepositoryVersion" type="java.lang.String"><![CDATA[05.02.02.07]]></Field>
</Object>
</SunopsisExport>
