<?xml version="1.0" encoding="UTF-8"?>
<SunopsisExport>
<Admin RepositoryVersion="05.02.02.07" IsLegacyIdCompatible="false" />
<Encryption algorithm="AES" keyLength="128" exportKeyHash="3/ZHTkrgn2M+znSQcF6O4ySZ/SacwzQuuA3BbmtUdmU=" keyVect="fgXb3mlpWYG9cH+QpEPYNg==" exportKeySalt="5c0675b6-4022-4c24-84a9-66097f7e6919" containsCipherText="false"/>
<Object class="com.sunopsis.dwg.dbobj.SnpKmTemplate">
		<Field name="FirstDate" type="java.sql.Timestamp"><![CDATA[2019-12-27 16:08:10.0]]></Field>
	<Field name="FirstUser" type="java.lang.String"><![CDATA[SUNOPSIS_INSTALL]]></Field>
	<Field name="GlobalId" type="java.lang.String"><![CDATA[fa46f1bc-2d00-11e6-944a-00163e1ffd72]]></Field>
	<Field name="IndChange" type="java.lang.String"><![CDATA[I]]></Field>
	<Field name="IndIsSeeded" type="java.lang.String"><![CDATA[1]]></Field>
	<Field name="IndLangTrans" type="java.lang.String"><![CDATA[1]]></Field>
	<Field name="IndReplNl" type="java.lang.String"><![CDATA[1]]></Field>
	<Field name="IntVersion" type="com.sunopsis.sql.DbInt"><![CDATA[1]]></Field>
	<Field name="IKmTemplate" type="com.sunopsis.sql.DbInt"><![CDATA[200]]></Field>
	<Field name="LangName" type="java.lang.String"><![CDATA[GROOVY]]></Field>
	<Field name="LastDate" type="java.sql.Timestamp"><![CDATA[2019-12-27 16:08:10.0]]></Field>
	<Field name="LastUser" type="java.lang.String"><![CDATA[SUNOPSIS_INSTALL]]></Field>
	<Field name="Name" type="java.lang.String"><![CDATA[LkmSqlToHive_PrepareHBase]]></Field>
	<Field name="TechnoName" type="java.lang.String"><![CDATA[HBASE]]></Field>
	<Field name="TemplateText" type="java.lang.String"><![CDATA[

<? /* -------- Begin of block ----- Keep this block in sync across all HBase KMs ----------- */ ?>

<? /* Begin of HBase Runtime-API */ ?>

import java.io.IOException;

import org.apache.hadoop.conf.Configuration;
import org.apache.hadoop.hbase.HBaseConfiguration;
import org.apache.hadoop.hbase.HColumnDescriptor;
import org.apache.hadoop.hbase.HTableDescriptor;
import org.apache.hadoop.hbase.MasterNotRunningException;
import org.apache.hadoop.hbase.ZooKeeperConnectionException;
import org.apache.hadoop.hbase.client.HBaseAdmin;
import org.apache.hadoop.hbase.client.HTable;
import org.apache.hadoop.hbase.client.Put;
import org.apache.hadoop.hbase.util.Bytes;


class flexUtilHBase {

	protected static final String HBASE_CONFIGURATION_ZOOKEEPER_QUORUM = "hbase.zookeeper.quorum";

	private Configuration hConf;
	private HBaseAdmin hBase;
	
    public flexUtilHBase( String quorum, java.util.Map props ) throws MasterNotRunningException, ZooKeeperConnectionException {
        hConf = HBaseConfiguration.create()
        hConf.set(HBASE_CONFIGURATION_ZOOKEEPER_QUORUM, quorum)
        def log = ''
        props.findAll { key, value -> key.startsWith("hbase.") }
             .each    { key, value -> hConf.set(key, value); 
                                      log+= """hConf: ${key} = ${value}\n""" }
        //odiRef is not accessible here:
        //odiRef.appendSummaryMessage( log ) 

		// Check HBase availability
		//HBaseAdmin.checkHBaseAvailable( hConf );
		org.apache.hadoop.hbase.client.HBaseAdmin.checkHBaseAvailable( hConf );
		// Create connection
		hBase = new HBaseAdmin( hConf );
	}
        
    /* this signature is kept only for backwards compatibility */
    public flexUtilHBase( String quorum ) throws MasterNotRunningException, ZooKeeperConnectionException {
        def props = new java.util.HashMap();
        props.put( "hbase.client.operation.timeout", "5000" ); 
        props.put( "hbase.rpc.timeout", "5000" );
        flexUtilHBase( quorum, props );
    }
        
        public getHBaseAdmin() { return hBase }
        
        public close() { hBase.close(); hBase=null; hConf=null; } 
}

<? /* End of hive Runtime-API */ ?>

<? /* -------- End of block ----- Keep this block in sync across all Hive KMs ----------- */ ?>

hBase = new flexUtilHBase( $[hBaseQuorumQuoted], odiRef.getDataServerProperties("DEST") )    	

 ]]></Field>
	<Field name="TemplateVersion" type="java.lang.String">null</Field>
</Object>
<Object class="com.sunopsis.dwg.dbobj.SnpKmTemplateJoin">
		<Field name="GlobalId" type="java.lang.String"><![CDATA[ddd364b8-0b00-4993-bad3-5fc6e3491c15]]></Field>
	<Field name="ISnpKmTemplate" type="com.sunopsis.sql.DbInt"><![CDATA[200]]></Field>
	<Field name="ISnpTrt" type="com.sunopsis.sql.DbInt"><![CDATA[68]]></Field>
</Object>
<Object class="com.sunopsis.dwg.dbobj.SnpFKXRef">
		<Field name="RefKey" type="java.lang.String"><![CDATA[SNP_TRT.68]]></Field>
	<Field name="RefObjGlobalId" type="java.lang.String"><![CDATA[FBF0D5B45C9B0ADBE04311C1E40ABBFE]]></Field>
 <Field name="RefObjFQName" type="java.lang.String"><![CDATA[LKM SQL to HBase SQOOP Direct]]></Field>
 <Field name="RefObjFQType" type="java.lang.String"><![CDATA[SNP_TRT]]></Field>
 <Field name="RefObjFQNameLengths" type="java.lang.String"><![CDATA[29]]></Field>
</Object>
<Object class="com.sunopsis.dwg.dbobj.SnpFKXRef">
		<Field name="RefKey" type="java.lang.String"><![CDATA[SNP_KMTEMPLATE.200]]></Field>
	<Field name="RefObjGlobalId" type="java.lang.String"><![CDATA[fa46f1bc-2d00-11e6-944a-00163e1ffd72]]></Field>
 <Field name="RefObjFQName" type="java.lang.String"><![CDATA[LkmSqlToHive_PrepareHBase]]></Field>
 <Field name="RefObjFQType" type="java.lang.String"><![CDATA[SNP_KMTEMPLATE]]></Field>
 <Field name="RefObjFQNameLengths" type="java.lang.String"><![CDATA[25]]></Field>
</Object>
<Object class="com.sunopsis.dwg.DwgExportSummary">
		<Field name="ExpTxtNb" type="com.sunopsis.sql.DbInt"><![CDATA[0]]></Field>
	<Field name="InstObjNb" type="com.sunopsis.sql.DbInt"><![CDATA[0]]></Field>
	<Field name="JoinColNb" type="com.sunopsis.sql.DbInt"><![CDATA[0]]></Field>
	<Field name="JoinNb" type="com.sunopsis.sql.DbInt"><![CDATA[0]]></Field>
	<Field name="KeyColNb" type="com.sunopsis.sql.DbInt"><![CDATA[0]]></Field>
	<Field name="KeyNb" type="com.sunopsis.sql.DbInt"><![CDATA[0]]></Field>
	<Field name="LinkDiagNb" type="com.sunopsis.sql.DbInt"><![CDATA[0]]></Field>
	<Field name="MorigTxtNb" type="com.sunopsis.sql.DbInt"><![CDATA[0]]></Field>
	<Field name="MtxtNb" type="com.sunopsis.sql.DbInt"><![CDATA[0]]></Field>
	<Field name="OrigTxtNb" type="com.sunopsis.sql.DbInt"><![CDATA[0]]></Field>
	<Field name="OtherObjectsNb" type="com.sunopsis.sql.DbInt"><![CDATA[2]]></Field>
	<Field name="PlanAgentNb" type="com.sunopsis.sql.DbInt"><![CDATA[0]]></Field>
	<Field name="StepNb" type="com.sunopsis.sql.DbInt"><![CDATA[0]]></Field>
	<Field name="TxtNb" type="com.sunopsis.sql.DbInt"><![CDATA[0]]></Field>
	<Field name="UeOrigNb" type="com.sunopsis.sql.DbInt"><![CDATA[0]]></Field>
	<Field name="UeUsedNb" type="com.sunopsis.sql.DbInt"><![CDATA[0]]></Field>
	<Field name="VarPlanAgentNb" type="com.sunopsis.sql.DbInt"><![CDATA[0]]></Field>
	<Field name="ScenTxtNb" type="com.sunopsis.sql.DbInt"><![CDATA[0]]></Field>
	<Field name="OdiVersion" type="java.lang.String"><![CDATA[12.2.1]]></Field>
	<Field name="OriginRepositoryID" type="com.sunopsis.sql.DbInt"><![CDATA[1]]></Field>
	<Field name="RepositoryVersion" type="java.lang.String"><![CDATA[05.02.02.07]]></Field>
</Object>
</SunopsisExport>
