<?xml version="1.0" encoding="UTF-8"?>
<SunopsisExport>
<Admin RepositoryVersion="05.02.02.07" IsLegacyIdCompatible="false" />
<Encryption algorithm="AES" keyLength="128" exportKeyHash="GNlpiIfOyrxOFwnA8p5ZlkpkogJ26e4xHJK9kgOlmcE=" keyVect="BJToidBBuzqTUpgzR5q2tg==" exportKeySalt="a3e38d83-b907-418b-b49e-9184c807a2cd" containsCipherText="false"/>
<Object class="com.sunopsis.dwg.dbobj.SnpKmTemplate">
		<Field name="FirstDate" type="java.sql.Timestamp"><![CDATA[2019-12-27 16:08:10.0]]></Field>
	<Field name="FirstUser" type="java.lang.String"><![CDATA[SUNOPSIS_INSTALL]]></Field>
	<Field name="GlobalId" type="java.lang.String"><![CDATA[fa46e622-2d00-11e6-9419-00163e1ffd72]]></Field>
	<Field name="IndChange" type="java.lang.String"><![CDATA[U]]></Field>
	<Field name="IndIsSeeded" type="java.lang.String"><![CDATA[1]]></Field>
	<Field name="IndLangTrans" type="java.lang.String"><![CDATA[1]]></Field>
	<Field name="IndReplNl" type="java.lang.String"><![CDATA[1]]></Field>
	<Field name="IntVersion" type="com.sunopsis.sql.DbInt"><![CDATA[2]]></Field>
	<Field name="IKmTemplate" type="com.sunopsis.sql.DbInt"><![CDATA[125]]></Field>
	<Field name="LangName" type="java.lang.String"><![CDATA[PYTHON]]></Field>
	<Field name="LastDate" type="java.sql.Timestamp"><![CDATA[2019-12-27 16:08:15.0]]></Field>
	<Field name="LastUser" type="java.lang.String"><![CDATA[SUNOPSIS_INSTALL]]></Field>
	<Field name="Name" type="java.lang.String"><![CDATA[SparkGroupCmd]]></Field>
	<Field name="TechnoName" type="java.lang.String"><![CDATA[SPARK_PYTHON]]></Field>
	<Field name="TemplateText" type="java.lang.String"><![CDATA[
{# IF ($[USE_DATAFRAMES] == 'true') #}
{# INCLUDE = 'SparkGroupCmdDF' #}
{# ELSE #}

$[TGT_ALIAS] = $[SRC_ALIAS].map(lambda $[SRC_RDD_SHAPE.get(0)]:Row(**{ {# IF ($[INPUT_FIELD_NAMES] != 'null') #}{# FOR ($[INPUT_FIELD_NAMES],$[INPUT_ATTR_EXPRS]) IN ($[INPUT_FIELD_NAME], $[INPUT_ATTR_EXPR]) SEP = ', ' #}"$[INPUT_ATTR_EXPR]":aggFuncExpr(lambda:$[INPUT_FIELD_NAME],None){# ENDFOR #},{# ENDIF #}  
  {# IF ($[OUTPUT_ATTR_EXPRS] != 'null') #}{# FOR ($[OUTPUT_ATTR_EXPRS],$[OUTPUT_FIELD_NAMES]) IN ($[OUTPUT_ATTR_EXPR],$[OUTPUT_FIELD_NAME]) SEP = ', ' #}"$[OUTPUT_FIELD_NAME]":aggFuncExpr(lambda:$[OUTPUT_ATTR_EXPR],None){# ENDFOR #}{# ENDIF #}}));  

{# IF ($[SPARK_STREAMING_DEBUG] == 'true') #}
print("========= %s   : $[TGT_ALIAS] apply expressions =========" % type($[TGT_ALIAS]).__name__)
{# IF ($[STREAMING_MODE] == 'true')#}
$[TGT_ALIAS].pprint()
{# ELSE #}
for line in $[TGT_ALIAS].collect():
    print line
{# ENDIF #}
{# ENDIF #}

$[TGT_ALIAS] = $[TGT_ALIAS].map($[GROUP_BY_CLAUSE])
       
{# IF ($[SPARK_STREAMING_DEBUG] == 'true') #}
print("========= %s   : $[TGT_ALIAS] group cols =========" % type($[TGT_ALIAS]).__name__)
{# IF ($[STREAMING_MODE] == 'true')#}
$[TGT_ALIAS].pprint()
{# ELSE #}
for line in $[TGT_ALIAS].collect():
    print line
{# ENDIF #}
{# ENDIF #}
       
{# IF ($[STREAMING_MODE] == 'true' AND $[WINDOWING] == 'true')#}   
$[TGT_ALIAS] = $[TGT_ALIAS].groupByKeyAndWindow($[WINDOW_DURATION], $[SLIDE_DURATION]{# IF ($[LEVEL_PARALLELISM] > '0') #}, $[LEVEL_PARALLELISM]{# ENDIF #})     
{# ELSE #}
$[TGT_ALIAS] = $[TGT_ALIAS].groupByKey({# IF ($[LEVEL_PARALLELISM] > '0') #}$[LEVEL_PARALLELISM]{# ENDIF #}) 
{# ENDIF #}
    
{# IF ($[SPARK_STREAMING_DEBUG] == 'true') #}
print("========= %s   : $[TGT_ALIAS] apply group by =========" % type($[TGT_ALIAS]).__name__)
{# IF ($[STREAMING_MODE] == 'true')#}
$[TGT_ALIAS].pprint()
{# ELSE #}
for line in $[TGT_ALIAS].collect():
    print line
{# ENDIF #}
{# ENDIF #}

{# IF ($[HAVING_COND] != 'null') #}
$[TGT_ALIAS] = $[TGT_ALIAS].filter(lambda (K, G): safeExpr(lambda:$[HAVING_COND],False));

{# IF ($[SPARK_STREAMING_DEBUG] == 'true') #}
print("========= %s   : $[TGT_ALIAS] having =========" % type($[TGT_ALIAS]).__name__)
{# IF ($[STREAMING_MODE] == 'true')#}
$[TGT_ALIAS].pprint()
{# ELSE #}
for line in $[TGT_ALIAS].collect():
    print line
{# ENDIF #}
{# ENDIF #}

{# ENDIF #} 

    
{# IF ($[STREAMING_MODE] == 'true' AND $[STATEFUL] == 'true')#}
     	
$[TGT_ALIAS] = $[TGT_ALIAS].map(lambda (K, G):(K, Row(**{{# IF ($[GROUP_BY_ALIASES] != 'null') #}{# IF ($[GROUP_BY_ALIASES.size()] == '1') #}"$[GROUP_BY_ALIASES.get(0)]":K{# ELSE #}{# FOR ($[GROUP_BY_ALIASES], $[GROUP_BY_INDICES]) IN ($[GROUP_BY_ALIAS], $[GROUP_BY_INDEX]) SEP = ', ' #}"$[GROUP_BY_ALIAS]":K[$[GROUP_BY_INDEX]]{# ENDFOR #}{# ENDIF #}{# ENDIF #}
{# IF ($[SIMPLE_AGGR_ALIASES] != 'null') #}{# IF ($[COMMA_1] == 'true') #},{# ENDIF #}{# FOR ($[SIMPLE_AGGR_FUNCS],$[SIMPLE_AGGR_ALIASES]) IN ($[SIMPLE_AGGR_FUNC],$[SIMPLE_AGGR_ALIAS]) SEP = ', ' #}"$[SIMPLE_AGGR_ALIAS]": $[SIMPLE_AGGR_FUNC](map((lambda row: row.$[SIMPLE_AGGR_ALIAS]), G)) {# ENDFOR #}{# ENDIF #}
{# IF ($[COMPLEX_AGGR_ALIASES] != 'null') #}{# IF ($[COMMA_2] == 'true') #},{# ENDIF #}{# FOR ($[COMPLEX_AGGR_FUNCS],$[COMPLEX_AGGR_ALIASES]) IN ($[COMPLEX_AGGR_FUNC],$[COMPLEX_AGGR_ALIAS]) SEP = ', ' #}"$[COMPLEX_AGGR_ALIAS]": $[COMPLEX_AGGR_FUNC]{# ENDFOR #}{# ENDIF #}
{# IF ($[DIRECT_MAP_ALIASES] != 'null') #}{# IF ($[COMMA_3] == 'true') #},{# ENDIF #}"$[SRC_ALIAS]:{({# FOR ($[DIRECT_MAP_ALIASES]) IN ($[DIRECT_MAP_ALIAS]) SEP = ', ' #}$[DIRECT_MAP_ALIAS]{# ENDFOR #})}": map(lambda row: {{# FOR ($[DIRECT_MAP_ALIASES]) IN ($[DIRECT_MAP_ALIAS]) SEP = ', ' #}"$[DIRECT_MAP_ALIAS]": row.$[DIRECT_MAP_ALIAS]{# ENDFOR #}}  ,G) {# ENDIF #}})));

def COUNT_STATE(x): return x[0] + x[1];    

{# IF ($[RETENTION_PERIOD] == '0')#}
        
def updateState (v, s):
  {# IF ($[SPARK_STREAMING_DEBUG] == 'true') #}    
  print "Current value"
  print(v);
  print "State"    	
  print(s);
  {# ENDIF #}    	
  if (s is None) or not s:
    {# IF ($[SPARK_STREAMING_DEBUG] == 'true') #}
    print "State is null"
    {# ENDIF #} 	
    return v[0];
  if (v is None) or not v:
    {# IF ($[SPARK_STREAMING_DEBUG] == 'true') #}
    print "Current value is null"
    {# ENDIF #} 	
    return s;	    
  else:
    {# IF ($[SPARK_STREAMING_DEBUG] == 'true') #}
    print "Merging current value and state"
    {# ENDIF #}
    v = v[0];
    s = s;
    data = Row(**{{# IF ($[GROUP_BY_ALIASES] != 'null') #}{# FOR ($[GROUP_BY_ALIASES]) IN ($[GROUP_BY_ALIAS]) SEP = ', ' #}"$[GROUP_BY_ALIAS]":v.$[GROUP_BY_ALIAS]{# ENDFOR #}{# ENDIF #}
    {# IF ($[SIMPLE_AGGR_ALIASES] != 'null') #}{# IF ($[COMMA_1] == 'true') #},{# ENDIF #}{# FOR ($[SIMPLE_AGGR_FUNCS],$[SIMPLE_AGGR_ALIASES]) IN ($[SIMPLE_AGGR_FUNC],$[SIMPLE_AGGR_ALIAS]) SEP = ', ' #}"$[SIMPLE_AGGR_ALIAS]":{# IF ($[SIMPLE_AGGR_FUNC] == 'COUNT') #}$[SIMPLE_AGGR_FUNC]_STATE{# ELSE #}$[SIMPLE_AGGR_FUNC]{# ENDIF #}([v.$[SIMPLE_AGGR_ALIAS], s.$[SIMPLE_AGGR_ALIAS]]){# ENDFOR #}{# ENDIF #}
    {# IF ($[COMPLEX_AGGR_ALIASES] != 'null') #}{# IF ($[COMMA_2] == 'true') #},{# ENDIF #}{# FOR ($[COMPLEX_AGGR_ALIASES]) IN ($[COMPLEX_AGGR_ALIAS]) SEP = ', ' #}"$[COMPLEX_AGGR_ALIAS]":v.$[COMPLEX_AGGR_ALIAS]{# ENDFOR #}{# ENDIF #}
    {# IF ($[DIRECT_MAP_ALIASES] != 'null') #}{# IF ($[COMMA_3] == 'true') #},{# ENDIF #}{# FOR ($[DIRECT_MAP_ALIASES]) IN ($[DIRECT_MAP_ALIAS]) SEP = ', ' #}"$[DIRECT_MAP_ALIAS]":v.$[DIRECT_MAP_ALIAS]{# ENDFOR #} {# ENDIF #}})
    	    
    return data;
    	
$[TGT_ALIAS]_STATE = $[TGT_ALIAS].updateStateByKey(updateState) 
{# IF ($[UPDATES_ONLY] == 'true'#}
$[TGT_ALIAS]_STATE = $[TGT_ALIAS]_STATE.join($[TGT_ALIAS])
$[TGT_ALIAS] = $[TGT_ALIAS]_STATE.map(lambda (K, G):G[0])    
{# ELSE #}    
$[TGT_ALIAS] = $[TGT_ALIAS]_STATE.map(lambda (K, G):G)
{# ENDIF #}         	    

{# ELSE #} 
    
$[TGT_ALIAS] = $[TGT_ALIAS].map(lambda (K, G):(K,[G, datetime.now()]))
    
def updateState (v, s):
  {# IF ($[SPARK_STREAMING_DEBUG] == 'true') #}  
  print "Current value"
  print(v);
  print "State"    	
  print(s);
  {# ENDIF #}    
  if (s is None) or not s:
    {# IF ($[SPARK_STREAMING_DEBUG] == 'true') #}
    print "State is null"
    {# ENDIF #}
    return v[0];
  current = datetime.now();    
  duration = current - s[1];
  {# IF ($[SPARK_STREAMING_DEBUG] == 'true') #} 
  print "Timestamp" 
  print(duration.seconds)
  {# ENDIF #}  	
  if (v is None) or not v:
    {# IF ($[SPARK_STREAMING_DEBUG] == 'true') #} 
    print "Current value is null" 
    {# ENDIF #} 
    if duration.seconds > $[RETENTION_PERIOD]:
       {# IF ($[SPARK_STREAMING_DEBUG] == 'true') #} 
       print "Retention period exceeded"
       {# ENDIF #} 
       return None
    else:
       return s;
  else:
    {# IF ($[SPARK_STREAMING_DEBUG] == 'true') #} 
    print "Merging current value and state"
    {# ENDIF #}	 
    v = v[0][0];   
    s = s[0];
    data = Row(**{{# IF ($[GROUP_BY_ALIASES] != 'null') #}{# FOR ($[GROUP_BY_ALIASES]) IN ($[GROUP_BY_ALIAS]) SEP = ', ' #}"$[GROUP_BY_ALIAS]":v.$[GROUP_BY_ALIAS]{# ENDFOR #}{# ENDIF #}
    {# IF ($[SIMPLE_AGGR_ALIASES] != 'null') #}{# IF ($[COMMA_1] == 'true') #},{# ENDIF #}{# FOR ($[SIMPLE_AGGR_FUNCS],$[SIMPLE_AGGR_ALIASES]) IN ($[SIMPLE_AGGR_FUNC],$[SIMPLE_AGGR_ALIAS]) SEP = ', ' #}"$[SIMPLE_AGGR_ALIAS]":{# IF ($[SIMPLE_AGGR_FUNC] == 'COUNT') #}$[SIMPLE_AGGR_FUNC]_STATE{# ELSE #}$[SIMPLE_AGGR_FUNC]{# ENDIF #}([v.$[SIMPLE_AGGR_ALIAS], s.$[SIMPLE_AGGR_ALIAS]]){# ENDFOR #}{# ENDIF #}
    {# IF ($[COMPLEX_AGGR_ALIASES] != 'null') #}{# IF ($[COMMA_2] == 'true') #},{# ENDIF #}{# FOR ($[COMPLEX_AGGR_ALIASES]) IN ($[COMPLEX_AGGR_ALIAS]) SEP = ', ' #}"$[COMPLEX_AGGR_ALIAS]":v.$[COMPLEX_AGGR_ALIAS]{# ENDFOR #}{# ENDIF #}
    {# IF ($[DIRECT_MAP_ALIASES] != 'null') #}{# IF ($[COMMA_3] == 'true') #},{# ENDIF #}{# FOR ($[DIRECT_MAP_ALIASES]) IN ($[DIRECT_MAP_ALIAS]) SEP = ', ' #}"$[DIRECT_MAP_ALIAS]":v.$[DIRECT_MAP_ALIAS]{# ENDFOR #} {# ENDIF #}})
     
    return [data, datetime.now()];   
 
$[TGT_ALIAS]_STATE = $[TGT_ALIAS].updateStateByKey(updateState)
{# IF ($[UPDATES_ONLY] == 'true'#}
$[TGT_ALIAS]_STATE = $[TGT_ALIAS]_STATE.join($[TGT_ALIAS])
$[TGT_ALIAS] = $[TGT_ALIAS]_STATE.map(lambda (K, G):G[0][0])
{# ELSE #}     	     
$[TGT_ALIAS] = $[TGT_ALIAS]_STATE.map(lambda (K, G):G[0])
{# ENDIF #}      

{# ENDIF #}
    	           	        
{# ELSE #}
        	 
$[TGT_ALIAS] = $[TGT_ALIAS].map(lambda (K, G):Row(**{{# IF ($[GROUP_BY_ALIASES] != 'null') #}{# IF ($[GROUP_BY_ALIASES.size()] == '1') #}"$[GROUP_BY_ALIASES.get(0)]":K{# ELSE #}{# FOR ($[GROUP_BY_ALIASES], $[GROUP_BY_INDICES]) IN ($[GROUP_BY_ALIAS], $[GROUP_BY_INDEX]) SEP = ', ' #}"$[GROUP_BY_ALIAS]":K[$[GROUP_BY_INDEX]]{# ENDFOR #}{# ENDIF #}{# ENDIF #}
{# IF ($[SIMPLE_AGGR_ALIASES] != 'null') #}{# IF ($[COMMA_1] == 'true') #},{# ENDIF #}{# FOR ($[SIMPLE_AGGR_FUNCS],$[SIMPLE_AGGR_ALIASES]) IN ($[SIMPLE_AGGR_FUNC],$[SIMPLE_AGGR_ALIAS]) SEP = ', ' #}"$[SIMPLE_AGGR_ALIAS]": $[SIMPLE_AGGR_FUNC](map((lambda row: row.$[SIMPLE_AGGR_ALIAS]), G)) {# ENDFOR #}{# ENDIF #}
{# IF ($[COMPLEX_AGGR_ALIASES] != 'null') #}{# IF ($[COMMA_2] == 'true') #},{# ENDIF #}{# FOR ($[COMPLEX_AGGR_FUNCS],$[COMPLEX_AGGR_ALIASES]) IN ($[COMPLEX_AGGR_FUNC],$[COMPLEX_AGGR_ALIAS]) SEP = ', ' #}"$[COMPLEX_AGGR_ALIAS]": $[COMPLEX_AGGR_FUNC]{# ENDFOR #}{# ENDIF #}
{# IF ($[DIRECT_MAP_ALIASES] != 'null') #}{# IF ($[COMMA_3] == 'true') #},{# ENDIF #}{# FOR ($[DIRECT_MAP_ALIASES]) IN ($[DIRECT_MAP_ALIAS]) SEP = ', ' #}"$[DIRECT_MAP_ALIAS]": map((lambda row: row.$[DIRECT_MAP_ALIAS])  ,G){# ENDFOR #} {# ENDIF #}}));

{# IF ($[SPARK_STREAMING_DEBUG] == 'true') #}
print("========= %s   : $[TGT_ALIAS] final map =========" % type($[TGT_ALIAS]).__name__)
{# IF ($[STREAMING_MODE] == 'true')#}
$[TGT_ALIAS].pprint()
{# ELSE #}
for line in $[TGT_ALIAS].collect():
    print line
{# ENDIF #}
{# ENDIF #}

{# ENDIF #}
{# INCLUDE = 'SparkPartitionRedistributeAndSort' #}
{# ENDIF #}
]]></Field>
	<Field name="TemplateVersion" type="java.lang.String">null</Field>
</Object>
<Object class="com.sunopsis.dwg.dbobj.SnpTemplateJoin">
		<Field name="GlobalId" type="java.lang.String"><![CDATA[cf02c5bf-3a20-4190-ab65-b246ec6fd772]]></Field>
	<Field name="IKmTemplate" type="com.sunopsis.sql.DbInt"><![CDATA[125]]></Field>
	<Field name="IKmTemplateRef" type="com.sunopsis.sql.DbInt"><![CDATA[137]]></Field>
</Object>
<Object class="com.sunopsis.dwg.dbobj.SnpTemplateJoin">
		<Field name="GlobalId" type="java.lang.String"><![CDATA[58b23e15-a393-4f8d-8ab1-98c031aab3bc]]></Field>
	<Field name="IKmTemplate" type="com.sunopsis.sql.DbInt"><![CDATA[125]]></Field>
	<Field name="IKmTemplateRef" type="com.sunopsis.sql.DbInt"><![CDATA[167]]></Field>
</Object>
<Object class="com.sunopsis.dwg.dbobj.SnpTemplateJoin">
		<Field name="GlobalId" type="java.lang.String"><![CDATA[4729009f-1b31-4618-8bab-c853e7cc513b]]></Field>
	<Field name="IKmTemplate" type="com.sunopsis.sql.DbInt"><![CDATA[125]]></Field>
	<Field name="IKmTemplateRef" type="com.sunopsis.sql.DbInt"><![CDATA[168]]></Field>
</Object>
<Object class="com.sunopsis.dwg.dbobj.SnpKmTemplateJoin">
		<Field name="GlobalId" type="java.lang.String"><![CDATA[5e25e8a9-12eb-4994-85de-9a7fd04b6b2e]]></Field>
	<Field name="ISnpKmTemplate" type="com.sunopsis.sql.DbInt"><![CDATA[125]]></Field>
	<Field name="ISnpTrt" type="com.sunopsis.sql.DbInt"><![CDATA[116]]></Field>
</Object>
<Object class="com.sunopsis.dwg.dbobj.SnpKmTemplateJoin">
		<Field name="GlobalId" type="java.lang.String"><![CDATA[deda3869-886c-477a-9a9f-1c37105cc1bb]]></Field>
	<Field name="ISnpKmTemplate" type="com.sunopsis.sql.DbInt"><![CDATA[125]]></Field>
	<Field name="ISnpTrt" type="com.sunopsis.sql.DbInt"><![CDATA[123]]></Field>
</Object>
<Object class="com.sunopsis.dwg.dbobj.SnpKmTemplateJoin">
		<Field name="GlobalId" type="java.lang.String"><![CDATA[f90170a3-b8e4-4112-9977-03066fc1756a]]></Field>
	<Field name="ISnpKmTemplate" type="com.sunopsis.sql.DbInt"><![CDATA[125]]></Field>
	<Field name="ISnpTrt" type="com.sunopsis.sql.DbInt"><![CDATA[126]]></Field>
</Object>
<Object class="com.sunopsis.dwg.dbobj.SnpKmTemplateJoin">
		<Field name="GlobalId" type="java.lang.String"><![CDATA[a307cce5-5192-4951-b9b9-77d4c288b1f6]]></Field>
	<Field name="ISnpKmTemplate" type="com.sunopsis.sql.DbInt"><![CDATA[125]]></Field>
	<Field name="ISnpTrt" type="com.sunopsis.sql.DbInt"><![CDATA[140]]></Field>
</Object>
<Object class="com.sunopsis.dwg.dbobj.SnpKmTemplateJoin">
		<Field name="GlobalId" type="java.lang.String"><![CDATA[cc0b5e1c-3af2-4bb1-b4de-068071ed3a13]]></Field>
	<Field name="ISnpKmTemplate" type="com.sunopsis.sql.DbInt"><![CDATA[125]]></Field>
	<Field name="ISnpTrt" type="com.sunopsis.sql.DbInt"><![CDATA[121]]></Field>
</Object>
<Object class="com.sunopsis.dwg.dbobj.SnpKmTemplateJoin">
		<Field name="GlobalId" type="java.lang.String"><![CDATA[61c5b274-bb61-4e5f-b8b7-b7e60de4687f]]></Field>
	<Field name="ISnpKmTemplate" type="com.sunopsis.sql.DbInt"><![CDATA[125]]></Field>
	<Field name="ISnpTrt" type="com.sunopsis.sql.DbInt"><![CDATA[125]]></Field>
</Object>
<Object class="com.sunopsis.dwg.dbobj.SnpKmTemplateJoin">
		<Field name="GlobalId" type="java.lang.String"><![CDATA[4b7d8cd7-6d40-4ca6-ac87-a6a93fb67172]]></Field>
	<Field name="ISnpKmTemplate" type="com.sunopsis.sql.DbInt"><![CDATA[125]]></Field>
	<Field name="ISnpTrt" type="com.sunopsis.sql.DbInt"><![CDATA[119]]></Field>
</Object>
<Object class="com.sunopsis.dwg.dbobj.SnpFKXRef">
		<Field name="RefKey" type="java.lang.String"><![CDATA[SNP_KMTEMPLATE.125]]></Field>
	<Field name="RefObjGlobalId" type="java.lang.String"><![CDATA[fa46e622-2d00-11e6-9419-00163e1ffd72]]></Field>
 <Field name="RefObjFQName" type="java.lang.String"><![CDATA[SparkGroupCmd]]></Field>
 <Field name="RefObjFQType" type="java.lang.String"><![CDATA[SNP_KMTEMPLATE]]></Field>
 <Field name="RefObjFQNameLengths" type="java.lang.String"><![CDATA[13]]></Field>
</Object>
<Object class="com.sunopsis.dwg.dbobj.SnpFKXRef">
		<Field name="RefKey" type="java.lang.String"><![CDATA[SNP_KMTEMPLATE.137]]></Field>
	<Field name="RefObjGlobalId" type="java.lang.String"><![CDATA[97fe9946-a4d5-4618-a15a-8d5b13a74326]]></Field>
 <Field name="RefObjFQName" type="java.lang.String"><![CDATA[SparkPartitionRedistributeAndSort]]></Field>
 <Field name="RefObjFQType" type="java.lang.String"><![CDATA[SNP_KMTEMPLATE]]></Field>
 <Field name="RefObjFQNameLengths" type="java.lang.String"><![CDATA[33]]></Field>
</Object>
<Object class="com.sunopsis.dwg.dbobj.SnpFKXRef">
		<Field name="RefKey" type="java.lang.String"><![CDATA[SNP_KMTEMPLATE.167]]></Field>
	<Field name="RefObjGlobalId" type="java.lang.String"><![CDATA[a77950f0-a905-4991-98c6-d46e415581d9]]></Field>
 <Field name="RefObjFQName" type="java.lang.String"><![CDATA[SparkGroupCmdDF]]></Field>
 <Field name="RefObjFQType" type="java.lang.String"><![CDATA[SNP_KMTEMPLATE]]></Field>
 <Field name="RefObjFQNameLengths" type="java.lang.String"><![CDATA[15]]></Field>
</Object>
<Object class="com.sunopsis.dwg.dbobj.SnpFKXRef">
		<Field name="RefKey" type="java.lang.String"><![CDATA[SNP_KMTEMPLATE.168]]></Field>
	<Field name="RefObjGlobalId" type="java.lang.String"><![CDATA[0519558e-4d77-490a-bacb-69b2a2b2fad5]]></Field>
 <Field name="RefObjFQName" type="java.lang.String"><![CDATA[SparkPartitionRedistributeAndSortDF]]></Field>
 <Field name="RefObjFQType" type="java.lang.String"><![CDATA[SNP_KMTEMPLATE]]></Field>
 <Field name="RefObjFQNameLengths" type="java.lang.String"><![CDATA[35]]></Field>
</Object>
<Object class="com.sunopsis.dwg.dbobj.SnpFKXRef">
		<Field name="RefKey" type="java.lang.String"><![CDATA[SNP_TRT.116]]></Field>
	<Field name="RefObjGlobalId" type="java.lang.String"><![CDATA[1986feab-eca2-4f5a-96a8-ecf827ac7cda]]></Field>
 <Field name="RefObjFQName" type="java.lang.String"><![CDATA[LKM Spark to File]]></Field>
 <Field name="RefObjFQType" type="java.lang.String"><![CDATA[SNP_TRT]]></Field>
 <Field name="RefObjFQNameLengths" type="java.lang.String"><![CDATA[17]]></Field>
</Object>
<Object class="com.sunopsis.dwg.dbobj.SnpFKXRef">
		<Field name="RefKey" type="java.lang.String"><![CDATA[SNP_TRT.123]]></Field>
	<Field name="RefObjGlobalId" type="java.lang.String"><![CDATA[dabbcab5-caeb-423c-b6f2-bfb106747464]]></Field>
 <Field name="RefObjFQName" type="java.lang.String"><![CDATA[LKM Spark to Kafka]]></Field>
 <Field name="RefObjFQType" type="java.lang.String"><![CDATA[SNP_TRT]]></Field>
 <Field name="RefObjFQNameLengths" type="java.lang.String"><![CDATA[18]]></Field>
</Object>
<Object class="com.sunopsis.dwg.dbobj.SnpFKXRef">
		<Field name="RefKey" type="java.lang.String"><![CDATA[SNP_TRT.126]]></Field>
	<Field name="RefObjGlobalId" type="java.lang.String"><![CDATA[28C4768839C04BAEE053CCC0E40AAAF7]]></Field>
 <Field name="RefObjFQName" type="java.lang.String"><![CDATA[LKM Spark to Cassandra]]></Field>
 <Field name="RefObjFQType" type="java.lang.String"><![CDATA[SNP_TRT]]></Field>
 <Field name="RefObjFQNameLengths" type="java.lang.String"><![CDATA[22]]></Field>
</Object>
<Object class="com.sunopsis.dwg.dbobj.SnpFKXRef">
		<Field name="RefKey" type="java.lang.String"><![CDATA[SNP_TRT.140]]></Field>
	<Field name="RefObjGlobalId" type="java.lang.String"><![CDATA[310d86cf-27e0-48c0-ae73-82685449bcce]]></Field>
 <Field name="RefObjFQName" type="java.lang.String"><![CDATA[IKM Spark Table Function]]></Field>
 <Field name="RefObjFQType" type="java.lang.String"><![CDATA[SNP_TRT]]></Field>
 <Field name="RefObjFQNameLengths" type="java.lang.String"><![CDATA[24]]></Field>
</Object>
<Object class="com.sunopsis.dwg.dbobj.SnpFKXRef">
		<Field name="RefKey" type="java.lang.String"><![CDATA[SNP_TRT.121]]></Field>
	<Field name="RefObjGlobalId" type="java.lang.String"><![CDATA[c2f113d5-e22b-4237-b25c-545872875536]]></Field>
 <Field name="RefObjFQName" type="java.lang.String"><![CDATA[LKM Spark to Hive]]></Field>
 <Field name="RefObjFQType" type="java.lang.String"><![CDATA[SNP_TRT]]></Field>
 <Field name="RefObjFQNameLengths" type="java.lang.String"><![CDATA[17]]></Field>
</Object>
<Object class="com.sunopsis.dwg.dbobj.SnpFKXRef">
		<Field name="RefKey" type="java.lang.String"><![CDATA[SNP_TRT.125]]></Field>
	<Field name="RefObjGlobalId" type="java.lang.String"><![CDATA[1FD1D82B9F005A53E053CCC0E40AC733]]></Field>
 <Field name="RefObjFQName" type="java.lang.String"><![CDATA[LKM Spark to SQL]]></Field>
 <Field name="RefObjFQType" type="java.lang.String"><![CDATA[SNP_TRT]]></Field>
 <Field name="RefObjFQNameLengths" type="java.lang.String"><![CDATA[16]]></Field>
</Object>
<Object class="com.sunopsis.dwg.dbobj.SnpFKXRef">
		<Field name="RefKey" type="java.lang.String"><![CDATA[SNP_TRT.119]]></Field>
	<Field name="RefObjGlobalId" type="java.lang.String"><![CDATA[2B7D95B0B8A32C45E053E603C40A5DCB]]></Field>
 <Field name="RefObjFQName" type="java.lang.String"><![CDATA[LKM Spark to HDFS]]></Field>
 <Field name="RefObjFQType" type="java.lang.String"><![CDATA[SNP_TRT]]></Field>
 <Field name="RefObjFQNameLengths" type="java.lang.String"><![CDATA[17]]></Field>
</Object>
<Object class="com.sunopsis.dwg.DwgExportSummary">
		<Field name="ExpTxtNb" type="com.sunopsis.sql.DbInt"><![CDATA[0]]></Field>
	<Field name="InstObjNb" type="com.sunopsis.sql.DbInt"><![CDATA[0]]></Field>
	<Field name="JoinColNb" type="com.sunopsis.sql.DbInt"><![CDATA[0]]></Field>
	<Field name="JoinNb" type="com.sunopsis.sql.DbInt"><![CDATA[0]]></Field>
	<Field name="KeyColNb" type="com.sunopsis.sql.DbInt"><![CDATA[0]]></Field>
	<Field name="KeyNb" type="com.sunopsis.sql.DbInt"><![CDATA[0]]></Field>
	<Field name="LinkDiagNb" type="com.sunopsis.sql.DbInt"><![CDATA[0]]></Field>
	<Field name="MorigTxtNb" type="com.sunopsis.sql.DbInt"><![CDATA[0]]></Field>
	<Field name="MtxtNb" type="com.sunopsis.sql.DbInt"><![CDATA[0]]></Field>
	<Field name="OrigTxtNb" type="com.sunopsis.sql.DbInt"><![CDATA[0]]></Field>
	<Field name="OtherObjectsNb" type="com.sunopsis.sql.DbInt"><![CDATA[11]]></Field>
	<Field name="PlanAgentNb" type="com.sunopsis.sql.DbInt"><![CDATA[0]]></Field>
	<Field name="StepNb" type="com.sunopsis.sql.DbInt"><![CDATA[0]]></Field>
	<Field name="TxtNb" type="com.sunopsis.sql.DbInt"><![CDATA[0]]></Field>
	<Field name="UeOrigNb" type="com.sunopsis.sql.DbInt"><![CDATA[0]]></Field>
	<Field name="UeUsedNb" type="com.sunopsis.sql.DbInt"><![CDATA[0]]></Field>
	<Field name="VarPlanAgentNb" type="com.sunopsis.sql.DbInt"><![CDATA[0]]></Field>
	<Field name="ScenTxtNb" type="com.sunopsis.sql.DbInt"><![CDATA[0]]></Field>
	<Field name="OdiVersion" type="java.lang.String"><![CDATA[12.2.1]]></Field>
	<Field name="OriginRepositoryID" type="com.sunopsis.sql.DbInt"><![CDATA[1]]></Field>
	<Field name="RepositoryVersion" type="java.lang.String"><![CDATA[05.02.02.07]]></Field>
</Object>
</SunopsisExport>
