<?xml version="1.0" encoding="UTF-8"?>
<SunopsisExport>
<Admin RepositoryVersion="05.02.02.07" IsLegacyIdCompatible="false" />
<Encryption algorithm="AES" keyLength="128" exportKeyHash="od7hr1bP4BFN1EAt/svJ1C0S3LGBRHDPHy4LhDM/3RI=" keyVect="ZbP0uuJhMjYz1oAfFH5/1A==" exportKeySalt="3ea8ac31-cbc0-437a-953d-06cd5fbc80bc" containsCipherText="false"/>
<Object class="com.sunopsis.dwg.dbobj.SnpKmTemplate">
		<Field name="FirstDate" type="java.sql.Timestamp"><![CDATA[2019-12-27 16:08:10.0]]></Field>
	<Field name="FirstUser" type="java.lang.String"><![CDATA[SUNOPSIS_INSTALL]]></Field>
	<Field name="GlobalId" type="java.lang.String"><![CDATA[fa46d9ca-2d00-11e6-93ce-00163e1ffd72]]></Field>
	<Field name="IndChange" type="java.lang.String"><![CDATA[I]]></Field>
	<Field name="IndIsSeeded" type="java.lang.String"><![CDATA[1]]></Field>
	<Field name="IndLangTrans" type="java.lang.String"><![CDATA[1]]></Field>
	<Field name="IndReplNl" type="java.lang.String"><![CDATA[1]]></Field>
	<Field name="IntVersion" type="com.sunopsis.sql.DbInt"><![CDATA[1]]></Field>
	<Field name="IKmTemplate" type="com.sunopsis.sql.DbInt"><![CDATA[44]]></Field>
	<Field name="LangName" type="java.lang.String"><![CDATA[SQL]]></Field>
	<Field name="LastDate" type="java.sql.Timestamp"><![CDATA[2019-12-27 16:08:10.0]]></Field>
	<Field name="LastUser" type="java.lang.String"><![CDATA[SUNOPSIS_INSTALL]]></Field>
	<Field name="Name" type="java.lang.String"><![CDATA[SqlUpdateStatement]]></Field>
	<Field name="TechnoName" type="java.lang.String"><![CDATA[MYSQL]]></Field>
	<Field name="TemplateText" type="java.lang.String"><![CDATA[
UPDATE {# INCLUDE = 'PreUpdateList' #}
  $[UPDATE.getTable().getCreationName()] $[UPDATE.getTableAlias()]
INNER JOIN 
    ({# INCLUDE = 'SqlQuery' #} 
    ) $[UPDATE.getQueryAlias()] {# IF ($[UPDATE.getTargetExpressionMatchList()] != 'null' AND $[UPDATE.getTargetExpressionMatchList().size()] > '0') #}
  ON
{# FOR ($[UPDATE.getTargetExpressionMatchList()],$[UPDATE.getSourceExpressionMatchList()]) IN ($[TMCL],$[SMCL]) SEP = 'AND  ' #}    $[TMCL] = $[SMCL] {# ENDFOR #}{# ENDIF #} 
SET
{# FOR ($[UPDATE.getColumnList()],$[UPDATE.getTopLevelSelectList()]) IN ($[CL],$[TLSL]) SEP = ',0x000A' #}  $[UPDATE.getTableAlias()].$[CL.getText()] = $[TLSL] {# ENDFOR #}
  WHERE EXISTS
  (
    SELECT 1 FROM
    (
{# INCLUDE = 'SqlQuery' #}
    ) $[UPDATE.getQueryAlias()]
{# IF ($[UPDATE.getTargetExpressionMatchList()] != 'null' AND $[UPDATE.getTargetExpressionMatchList().size()] > '0') #}
    WHERE
{# FOR ($[UPDATE.getTargetExpressionMatchList()],$[UPDATE.getSourceExpressionMatchList()]) IN ($[TMCL],$[SMCL]) SEP = 'AND  ' #}      $[TMCL] = $[SMCL] {# ENDFOR #}{# ENDIF #}  
  )
{# INCLUDE = 'PostQuery' #}]]></Field>
	<Field name="TemplateVersion" type="java.lang.String">null</Field>
</Object>
<Object class="com.sunopsis.dwg.DwgExportSummary">
		<Field name="ExpTxtNb" type="com.sunopsis.sql.DbInt"><![CDATA[0]]></Field>
	<Field name="InstObjNb" type="com.sunopsis.sql.DbInt"><![CDATA[0]]></Field>
	<Field name="JoinColNb" type="com.sunopsis.sql.DbInt"><![CDATA[0]]></Field>
	<Field name="JoinNb" type="com.sunopsis.sql.DbInt"><![CDATA[0]]></Field>
	<Field name="KeyColNb" type="com.sunopsis.sql.DbInt"><![CDATA[0]]></Field>
	<Field name="KeyNb" type="com.sunopsis.sql.DbInt"><![CDATA[0]]></Field>
	<Field name="LinkDiagNb" type="com.sunopsis.sql.DbInt"><![CDATA[0]]></Field>
	<Field name="MorigTxtNb" type="com.sunopsis.sql.DbInt"><![CDATA[0]]></Field>
	<Field name="MtxtNb" type="com.sunopsis.sql.DbInt"><![CDATA[0]]></Field>
	<Field name="OrigTxtNb" type="com.sunopsis.sql.DbInt"><![CDATA[0]]></Field>
	<Field name="OtherObjectsNb" type="com.sunopsis.sql.DbInt"><![CDATA[1]]></Field>
	<Field name="PlanAgentNb" type="com.sunopsis.sql.DbInt"><![CDATA[0]]></Field>
	<Field name="StepNb" type="com.sunopsis.sql.DbInt"><![CDATA[0]]></Field>
	<Field name="TxtNb" type="com.sunopsis.sql.DbInt"><![CDATA[0]]></Field>
	<Field name="UeOrigNb" type="com.sunopsis.sql.DbInt"><![CDATA[0]]></Field>
	<Field name="UeUsedNb" type="com.sunopsis.sql.DbInt"><![CDATA[0]]></Field>
	<Field name="VarPlanAgentNb" type="com.sunopsis.sql.DbInt"><![CDATA[0]]></Field>
	<Field name="ScenTxtNb" type="com.sunopsis.sql.DbInt"><![CDATA[0]]></Field>
	<Field name="OdiVersion" type="java.lang.String"><![CDATA[12.2.1]]></Field>
	<Field name="OriginRepositoryID" type="com.sunopsis.sql.DbInt"><![CDATA[1]]></Field>
	<Field name="RepositoryVersion" type="java.lang.String"><![CDATA[05.02.02.07]]></Field>
</Object>
</SunopsisExport>
