<?xml version="1.0" encoding="UTF-8"?>
<SunopsisExport>
<Admin RepositoryVersion="05.02.02.07" IsLegacyIdCompatible="false" />
<Encryption algorithm="AES" keyLength="128" exportKeyHash="If6WRQyHQBIQAmAV4ozxxZevjFJqJLu2CZllW2lVYvI=" keyVect="yczl/Kp1ZI7g9kJsjE042w==" exportKeySalt="7f6092f5-1769-4f7f-b22d-898e2cea8e36" containsCipherText="false"/>
<Object class="com.sunopsis.dwg.dbobj.SnpObject">
		<Field name="ExtVersion" type="java.lang.String">null</Field>
	<Field name="FirstDate" type="java.sql.Timestamp"><![CDATA[2019-12-27 13:07:33.0]]></Field>
	<Field name="FirstUser" type="java.lang.String"><![CDATA[SUNOPSIS_INSTALL]]></Field>
	<Field name="GlobalId" type="java.lang.String"><![CDATA[4cb9d052-06ab-3abe-8ec6-b6a79e940bdb]]></Field>
	<Field name="IndChange" type="java.lang.String"><![CDATA[I]]></Field>
	<Field name="IntJavaName" type="java.lang.String"><![CDATA[com.sunopsis.dwg.dbobj.SnpDt]]></Field>
	<Field name="IObjects" type="com.sunopsis.sql.DbInt"><![CDATA[1300]]></Field>
	<Field name="LastDate" type="java.sql.Timestamp"><![CDATA[2019-12-27 13:07:33.0]]></Field>
	<Field name="LastUser" type="java.lang.String"><![CDATA[SUNOPSIS_INSTALL]]></Field>
	<Field name="ObjName" type="java.lang.String"><![CDATA[OBJ_SNPDT_1300]]></Field>
	<Field name="SecuPos" type="com.sunopsis.sql.DbInt"><![CDATA[200]]></Field>
</Object>
<Object class="com.sunopsis.dwg.dbobj.SnpMethod">
		<Field name="DispPopUp" type="java.lang.String"><![CDATA[1]]></Field>
	<Field name="FirstDate" type="java.sql.Timestamp"><![CDATA[2019-12-27 13:07:33.0]]></Field>
	<Field name="FirstUser" type="java.lang.String"><![CDATA[SUNOPSIS_INSTALL]]></Field>
	<Field name="GlobalId" type="java.lang.String"><![CDATA[5f3a6564-9139-3459-aa16-f261798495d4]]></Field>
	<Field name="GrantCreator" type="java.lang.String"><![CDATA[1]]></Field>
	<Field name="IndImp" type="java.lang.String">null</Field>
	<Field name="IndNew" type="java.lang.String"><![CDATA[0]]></Field>
	<Field name="IntJavaName" type="java.lang.String"><![CDATA[edit]]></Field>
	<Field name="IMeth" type="com.sunopsis.sql.DbInt"><![CDATA[4200]]></Field>
	<Field name="IObjects" type="com.sunopsis.sql.DbInt"><![CDATA[1300]]></Field>
	<Field name="LastDate" type="java.sql.Timestamp"><![CDATA[2019-12-27 13:07:33.0]]></Field>
	<Field name="LastUser" type="java.lang.String"><![CDATA[SUNOPSIS_INSTALL]]></Field>
	<Field name="Position" type="com.sunopsis.sql.DbInt"><![CDATA[10]]></Field>
	<Field name="ShortName" type="java.lang.String"><![CDATA[METH_EDIT_4200]]></Field>
</Object>
<Object class="com.sunopsis.dwg.dbobj.SnpMethod">
		<Field name="DispPopUp" type="java.lang.String"><![CDATA[1]]></Field>
	<Field name="FirstDate" type="java.sql.Timestamp"><![CDATA[2019-12-27 13:07:33.0]]></Field>
	<Field name="FirstUser" type="java.lang.String"><![CDATA[SUNOPSIS_INSTALL]]></Field>
	<Field name="GlobalId" type="java.lang.String"><![CDATA[f0e5e849-b178-30bb-84d8-4a24ba84da5e]]></Field>
	<Field name="GrantCreator" type="java.lang.String"><![CDATA[1]]></Field>
	<Field name="IndImp" type="java.lang.String">null</Field>
	<Field name="IndNew" type="java.lang.String"><![CDATA[0]]></Field>
	<Field name="IntJavaName" type="java.lang.String"><![CDATA[consult]]></Field>
	<Field name="IMeth" type="com.sunopsis.sql.DbInt"><![CDATA[7700]]></Field>
	<Field name="IObjects" type="com.sunopsis.sql.DbInt"><![CDATA[1300]]></Field>
	<Field name="LastDate" type="java.sql.Timestamp"><![CDATA[2019-12-27 13:07:33.0]]></Field>
	<Field name="LastUser" type="java.lang.String"><![CDATA[SUNOPSIS_INSTALL]]></Field>
	<Field name="Position" type="com.sunopsis.sql.DbInt"><![CDATA[30]]></Field>
	<Field name="ShortName" type="java.lang.String"><![CDATA[METH_CONSULT_7700]]></Field>
</Object>
<Object class="com.sunopsis.dwg.dbobj.SnpMethod">
		<Field name="DispPopUp" type="java.lang.String"><![CDATA[1]]></Field>
	<Field name="FirstDate" type="java.sql.Timestamp"><![CDATA[2019-12-27 13:07:33.0]]></Field>
	<Field name="FirstUser" type="java.lang.String"><![CDATA[SUNOPSIS_INSTALL]]></Field>
	<Field name="GlobalId" type="java.lang.String"><![CDATA[133f002b-c847-3b69-80f6-ef7fd2c8f94a]]></Field>
	<Field name="GrantCreator" type="java.lang.String"><![CDATA[1]]></Field>
	<Field name="IndImp" type="java.lang.String">null</Field>
	<Field name="IndNew" type="java.lang.String"><![CDATA[1]]></Field>
	<Field name="IntJavaName" type="java.lang.String"><![CDATA[insert]]></Field>
	<Field name="IMeth" type="com.sunopsis.sql.DbInt"><![CDATA[4400]]></Field>
	<Field name="IObjects" type="com.sunopsis.sql.DbInt"><![CDATA[1300]]></Field>
	<Field name="LastDate" type="java.sql.Timestamp"><![CDATA[2019-12-27 13:07:33.0]]></Field>
	<Field name="LastUser" type="java.lang.String"><![CDATA[SUNOPSIS_INSTALL]]></Field>
	<Field name="Position" type="com.sunopsis.sql.DbInt"><![CDATA[40]]></Field>
	<Field name="ShortName" type="java.lang.String"><![CDATA[METH_INSERT_4400]]></Field>
</Object>
<Object class="com.sunopsis.dwg.dbobj.SnpMethod">
		<Field name="DispPopUp" type="java.lang.String"><![CDATA[1]]></Field>
	<Field name="FirstDate" type="java.sql.Timestamp"><![CDATA[2019-12-27 13:07:33.0]]></Field>
	<Field name="FirstUser" type="java.lang.String"><![CDATA[SUNOPSIS_INSTALL]]></Field>
	<Field name="GlobalId" type="java.lang.String"><![CDATA[1a03ecc1-1c75-38e9-ac20-8211e3cf7e61]]></Field>
	<Field name="GrantCreator" type="java.lang.String"><![CDATA[1]]></Field>
	<Field name="IndImp" type="java.lang.String">null</Field>
	<Field name="IndNew" type="java.lang.String"><![CDATA[0]]></Field>
	<Field name="IntJavaName" type="java.lang.String"><![CDATA[duplicate]]></Field>
	<Field name="IMeth" type="com.sunopsis.sql.DbInt"><![CDATA[23700]]></Field>
	<Field name="IObjects" type="com.sunopsis.sql.DbInt"><![CDATA[1300]]></Field>
	<Field name="LastDate" type="java.sql.Timestamp"><![CDATA[2019-12-27 13:07:33.0]]></Field>
	<Field name="LastUser" type="java.lang.String"><![CDATA[SUNOPSIS_INSTALL]]></Field>
	<Field name="Position" type="com.sunopsis.sql.DbInt"><![CDATA[50]]></Field>
	<Field name="ShortName" type="java.lang.String"><![CDATA[METH_DUPLICATE_23700]]></Field>
</Object>
<Object class="com.sunopsis.dwg.dbobj.SnpMethod">
		<Field name="DispPopUp" type="java.lang.String"><![CDATA[1]]></Field>
	<Field name="FirstDate" type="java.sql.Timestamp"><![CDATA[2019-12-27 13:07:33.0]]></Field>
	<Field name="FirstUser" type="java.lang.String"><![CDATA[SUNOPSIS_INSTALL]]></Field>
	<Field name="GlobalId" type="java.lang.String"><![CDATA[11b302aa-57be-3555-9fa0-fd7adb893067]]></Field>
	<Field name="GrantCreator" type="java.lang.String"><![CDATA[1]]></Field>
	<Field name="IndImp" type="java.lang.String">null</Field>
	<Field name="IndNew" type="java.lang.String"><![CDATA[0]]></Field>
	<Field name="IntJavaName" type="java.lang.String"><![CDATA[delete]]></Field>
	<Field name="IMeth" type="com.sunopsis.sql.DbInt"><![CDATA[4300]]></Field>
	<Field name="IObjects" type="com.sunopsis.sql.DbInt"><![CDATA[1300]]></Field>
	<Field name="LastDate" type="java.sql.Timestamp"><![CDATA[2019-12-27 13:07:33.0]]></Field>
	<Field name="LastUser" type="java.lang.String"><![CDATA[SUNOPSIS_INSTALL]]></Field>
	<Field name="Position" type="com.sunopsis.sql.DbInt"><![CDATA[60]]></Field>
	<Field name="ShortName" type="java.lang.String"><![CDATA[METH_DELETE_4300]]></Field>
</Object>
<Object class="com.sunopsis.dwg.dbobj.SnpMethod">
		<Field name="DispPopUp" type="java.lang.String"><![CDATA[1]]></Field>
	<Field name="FirstDate" type="java.sql.Timestamp"><![CDATA[2019-12-27 13:07:33.0]]></Field>
	<Field name="FirstUser" type="java.lang.String"><![CDATA[SUNOPSIS_INSTALL]]></Field>
	<Field name="GlobalId" type="java.lang.String"><![CDATA[32a6fb8f-d447-45de-acd8-7d5783e70cc5]]></Field>
	<Field name="GrantCreator" type="java.lang.String"><![CDATA[1]]></Field>
	<Field name="IndImp" type="java.lang.String"><![CDATA[1]]></Field>
	<Field name="IndNew" type="java.lang.String"><![CDATA[0]]></Field>
	<Field name="IntJavaName" type="java.lang.String"><![CDATA[ImportFromXmlDataType]]></Field>
	<Field name="IMeth" type="com.sunopsis.sql.DbInt"><![CDATA[83300]]></Field>
	<Field name="IObjects" type="com.sunopsis.sql.DbInt"><![CDATA[1300]]></Field>
	<Field name="LastDate" type="java.sql.Timestamp"><![CDATA[2019-12-27 13:07:33.0]]></Field>
	<Field name="LastUser" type="java.lang.String"><![CDATA[SUNOPSIS_INSTALL]]></Field>
	<Field name="Position" type="com.sunopsis.sql.DbInt"><![CDATA[70]]></Field>
	<Field name="ShortName" type="java.lang.String"><![CDATA[METH_IMPORTFROMXMLDATATYPE_83300]]></Field>
</Object>
<Object class="com.sunopsis.dwg.dbobj.SnpMethod">
		<Field name="DispPopUp" type="java.lang.String"><![CDATA[1]]></Field>
	<Field name="FirstDate" type="java.sql.Timestamp"><![CDATA[2019-12-27 13:07:33.0]]></Field>
	<Field name="FirstUser" type="java.lang.String"><![CDATA[SUNOPSIS_INSTALL]]></Field>
	<Field name="GlobalId" type="java.lang.String"><![CDATA[7b767d34-463a-4a37-a111-69882a272397]]></Field>
	<Field name="GrantCreator" type="java.lang.String"><![CDATA[1]]></Field>
	<Field name="IndImp" type="java.lang.String">null</Field>
	<Field name="IndNew" type="java.lang.String"><![CDATA[0]]></Field>
	<Field name="IntJavaName" type="java.lang.String"><![CDATA[ExportToXml]]></Field>
	<Field name="IMeth" type="com.sunopsis.sql.DbInt"><![CDATA[83700]]></Field>
	<Field name="IObjects" type="com.sunopsis.sql.DbInt"><![CDATA[1300]]></Field>
	<Field name="LastDate" type="java.sql.Timestamp"><![CDATA[2019-12-27 13:07:33.0]]></Field>
	<Field name="LastUser" type="java.lang.String"><![CDATA[SUNOPSIS_INSTALL]]></Field>
	<Field name="Position" type="com.sunopsis.sql.DbInt"><![CDATA[80]]></Field>
	<Field name="ShortName" type="java.lang.String"><![CDATA[METH_EXPORTTOXML_83700]]></Field>
</Object>
<Object class="com.sunopsis.dwg.dbobj.SnpMethod">
		<Field name="DispPopUp" type="java.lang.String"><![CDATA[1]]></Field>
	<Field name="FirstDate" type="java.sql.Timestamp"><![CDATA[2019-12-27 13:07:33.0]]></Field>
	<Field name="FirstUser" type="java.lang.String"><![CDATA[SUNOPSIS_INSTALL]]></Field>
	<Field name="GlobalId" type="java.lang.String"><![CDATA[77165ff8-db89-41be-ab03-ac38bc987cc3]]></Field>
	<Field name="GrantCreator" type="java.lang.String"><![CDATA[1]]></Field>
	<Field name="IndImp" type="java.lang.String">null</Field>
	<Field name="IndNew" type="java.lang.String"><![CDATA[0]]></Field>
	<Field name="IntJavaName" type="java.lang.String"><![CDATA[CompareWithExpFile]]></Field>
	<Field name="IMeth" type="com.sunopsis.sql.DbInt"><![CDATA[100900]]></Field>
	<Field name="IObjects" type="com.sunopsis.sql.DbInt"><![CDATA[1300]]></Field>
	<Field name="LastDate" type="java.sql.Timestamp"><![CDATA[2019-12-27 13:07:33.0]]></Field>
	<Field name="LastUser" type="java.lang.String"><![CDATA[SUNOPSIS_INSTALL]]></Field>
	<Field name="Position" type="com.sunopsis.sql.DbInt"><![CDATA[83]]></Field>
	<Field name="ShortName" type="java.lang.String"><![CDATA[METH_COMPARE_WITH_EXPORTFILE_100900]]></Field>
</Object>
<Object class="com.sunopsis.dwg.dbobj.SnpMethod">
		<Field name="DispPopUp" type="java.lang.String"><![CDATA[1]]></Field>
	<Field name="FirstDate" type="java.sql.Timestamp"><![CDATA[2019-12-27 13:07:33.0]]></Field>
	<Field name="FirstUser" type="java.lang.String"><![CDATA[SUNOPSIS_INSTALL]]></Field>
	<Field name="GlobalId" type="java.lang.String"><![CDATA[6095ff1f-f85c-44e3-b545-fe6eba9fa0ea]]></Field>
	<Field name="GrantCreator" type="java.lang.String"><![CDATA[1]]></Field>
	<Field name="IndImp" type="java.lang.String">null</Field>
	<Field name="IndNew" type="java.lang.String"><![CDATA[0]]></Field>
	<Field name="IntJavaName" type="java.lang.String"><![CDATA[MergeConflict]]></Field>
	<Field name="IMeth" type="com.sunopsis.sql.DbInt"><![CDATA[100800]]></Field>
	<Field name="IObjects" type="com.sunopsis.sql.DbInt"><![CDATA[1300]]></Field>
	<Field name="LastDate" type="java.sql.Timestamp"><![CDATA[2019-12-27 13:07:33.0]]></Field>
	<Field name="LastUser" type="java.lang.String"><![CDATA[SUNOPSIS_INSTALL]]></Field>
	<Field name="Position" type="com.sunopsis.sql.DbInt"><![CDATA[85]]></Field>
	<Field name="ShortName" type="java.lang.String"><![CDATA[METH_MERGE_CONFLICT_100800]]></Field>
</Object>
<Object class="com.sunopsis.dwg.dbobj.SnpMethod">
		<Field name="DispPopUp" type="java.lang.String"><![CDATA[1]]></Field>
	<Field name="FirstDate" type="java.sql.Timestamp"><![CDATA[2019-12-27 13:07:33.0]]></Field>
	<Field name="FirstUser" type="java.lang.String"><![CDATA[SUNOPSIS_INSTALL]]></Field>
	<Field name="GlobalId" type="java.lang.String"><![CDATA[8764c45e-fd5a-4a23-97c4-f25b246e1a99]]></Field>
	<Field name="GrantCreator" type="java.lang.String"><![CDATA[1]]></Field>
	<Field name="IndImp" type="java.lang.String">null</Field>
	<Field name="IndNew" type="java.lang.String"><![CDATA[0]]></Field>
	<Field name="IntJavaName" type="java.lang.String"><![CDATA[MergeFixed]]></Field>
	<Field name="IMeth" type="com.sunopsis.sql.DbInt"><![CDATA[103500]]></Field>
	<Field name="IObjects" type="com.sunopsis.sql.DbInt"><![CDATA[1300]]></Field>
	<Field name="LastDate" type="java.sql.Timestamp"><![CDATA[2019-12-27 13:07:33.0]]></Field>
	<Field name="LastUser" type="java.lang.String"><![CDATA[SUNOPSIS_INSTALL]]></Field>
	<Field name="Position" type="com.sunopsis.sql.DbInt"><![CDATA[87]]></Field>
	<Field name="ShortName" type="java.lang.String"><![CDATA[METH_MERGE_FIXED_103500]]></Field>
</Object>
<Object class="com.sunopsis.dwg.dbobj.SnpFKXRef">
		<Field name="RefKey" type="java.lang.String"><![CDATA[SNP_OBJECT.1300]]></Field>
	<Field name="RefObjGlobalId" type="java.lang.String"><![CDATA[4cb9d052-06ab-3abe-8ec6-b6a79e940bdb]]></Field>
 <Field name="RefObjFQName" type="java.lang.String"><![CDATA[Datatype]]></Field>
 <Field name="RefObjFQType" type="java.lang.String"><![CDATA[SNP_OBJECT]]></Field>
 <Field name="RefObjFQNameLengths" type="java.lang.String"><![CDATA[8]]></Field>
</Object>
<Object class="com.sunopsis.dwg.DwgExportSummary">
		<Field name="ExpTxtNb" type="com.sunopsis.sql.DbInt"><![CDATA[0]]></Field>
	<Field name="InstObjNb" type="com.sunopsis.sql.DbInt"><![CDATA[0]]></Field>
	<Field name="JoinColNb" type="com.sunopsis.sql.DbInt"><![CDATA[0]]></Field>
	<Field name="JoinNb" type="com.sunopsis.sql.DbInt"><![CDATA[0]]></Field>
	<Field name="KeyColNb" type="com.sunopsis.sql.DbInt"><![CDATA[0]]></Field>
	<Field name="KeyNb" type="com.sunopsis.sql.DbInt"><![CDATA[0]]></Field>
	<Field name="LinkDiagNb" type="com.sunopsis.sql.DbInt"><![CDATA[0]]></Field>
	<Field name="MorigTxtNb" type="com.sunopsis.sql.DbInt"><![CDATA[0]]></Field>
	<Field name="MtxtNb" type="com.sunopsis.sql.DbInt"><![CDATA[0]]></Field>
	<Field name="OrigTxtNb" type="com.sunopsis.sql.DbInt"><![CDATA[0]]></Field>
	<Field name="OtherObjectsNb" type="com.sunopsis.sql.DbInt"><![CDATA[11]]></Field>
	<Field name="PlanAgentNb" type="com.sunopsis.sql.DbInt"><![CDATA[0]]></Field>
	<Field name="StepNb" type="com.sunopsis.sql.DbInt"><![CDATA[0]]></Field>
	<Field name="TxtNb" type="com.sunopsis.sql.DbInt"><![CDATA[0]]></Field>
	<Field name="UeOrigNb" type="com.sunopsis.sql.DbInt"><![CDATA[0]]></Field>
	<Field name="UeUsedNb" type="com.sunopsis.sql.DbInt"><![CDATA[0]]></Field>
	<Field name="VarPlanAgentNb" type="com.sunopsis.sql.DbInt"><![CDATA[0]]></Field>
	<Field name="ScenTxtNb" type="com.sunopsis.sql.DbInt"><![CDATA[0]]></Field>
	<Field name="OdiVersion" type="java.lang.String"><![CDATA[12.2.1]]></Field>
	<Field name="OriginRepositoryID" type="com.sunopsis.sql.DbInt"><![CDATA[0]]></Field>
	<Field name="RepositoryVersion" type="java.lang.String"><![CDATA[05.02.02.07]]></Field>
</Object>
</SunopsisExport>
