<?xml version="1.0" encoding="UTF-8"?>
<SunopsisExport>
<Admin RepositoryVersion="05.02.02.07" IsLegacyIdCompatible="false" />
<Encryption algorithm="AES" keyLength="128" exportKeyHash="8X8ifywH/1HRI1/SiAFcbDeDwKDpbhopq/4Qv5yLPF8=" keyVect="xn7AToZcdEdt7iL51XnHKg==" exportKeySalt="b7f3f303-35f6-4c32-be22-d31a7027552f" containsCipherText="false"/>
<Object class="com.sunopsis.dwg.dbobj.SnpAction">
		<Field name="ActionName" type="java.lang.String"><![CDATA[Modify Column Attribute]]></Field>
	<Field name="ActionType" type="com.sunopsis.sql.DbInt"><![CDATA[8]]></Field>
	<Field name="FirstDate" type="java.sql.Timestamp"><![CDATA[2019-12-27 13:08:28.0]]></Field>
	<Field name="FirstUser" type="java.lang.String"><![CDATA[SUNOPSIS_INSTALL]]></Field>
	<Field name="GlobalId" type="java.lang.String"><![CDATA[70e4b9a4-ee09-3e75-adb6-33dd04541a82]]></Field>
	<Field name="IAction" type="com.sunopsis.sql.DbInt"><![CDATA[40]]></Field>
	<Field name="IGrpAction" type="com.sunopsis.sql.DbInt"><![CDATA[11]]></Field>
	<Field name="ITxtDesc" type="com.sunopsis.sql.DbInt"><![CDATA[256]]></Field>
	<Field name="LastDate" type="java.sql.Timestamp"><![CDATA[2019-12-27 13:08:28.0]]></Field>
	<Field name="LastUser" type="java.lang.String"><![CDATA[SUNOPSIS_INSTALL]]></Field>
</Object>
<Object class="com.sunopsis.dwg.dbobj.SnpLineAction">
		<Field name="ConnectId" type="java.lang.String">null</Field>
	<Field name="FirstDate" type="java.sql.Timestamp"><![CDATA[2019-12-27 13:08:28.0]]></Field>
	<Field name="FirstUser" type="java.lang.String"><![CDATA[SUNOPSIS_INSTALL]]></Field>
	<Field name="GlobalId" type="java.lang.String"><![CDATA[80051ef7-2e36-315a-b192-b74d0341b18e]]></Field>
	<Field name="IgnoreError" type="java.lang.String"><![CDATA[0]]></Field>
	<Field name="IndCommit" type="java.lang.String"><![CDATA[0]]></Field>
	<Field name="IndLogMethod" type="java.lang.String">null</Field>
	<Field name="IndLogNb" type="java.lang.String"><![CDATA[3]]></Field>
	<Field name="IsolLevel" type="java.lang.String">null</Field>
	<Field name="IAction" type="com.sunopsis.sql.DbInt"><![CDATA[40]]></Field>
	<Field name="ITxtAction" type="com.sunopsis.sql.DbInt"><![CDATA[255]]></Field>
	<Field name="LastDate" type="java.sql.Timestamp"><![CDATA[2019-12-27 13:08:28.0]]></Field>
	<Field name="LastUser" type="java.lang.String"><![CDATA[SUNOPSIS_INSTALL]]></Field>
	<Field name="LineActionName" type="java.lang.String"><![CDATA[Modify Column Attribute]]></Field>
	<Field name="OrdAction" type="com.sunopsis.sql.DbInt"><![CDATA[0]]></Field>
</Object>
<Object class="com.sunopsis.dwg.dbobj.SnpMtxt">
		<Field name="Enc" type="java.lang.String">null</Field>
	<Field name="EncKey" type="java.lang.String">null</Field>
	<Field name="EncKeyVect" type="java.lang.String">null</Field>
	<Field name="FullTxt" type="java.lang.String"><![CDATA[alter table <%= odiRef.getTable("L", "TARG_NAME", "A") %>   add <%= odiRef.getColumn("[COL_NAME] [DEST_CRE_DT] [DEFAULT_CLAUSE]","NEW") %>
]]></Field>
	<Field name="GlobalId" type="java.lang.String"><![CDATA[0a442086-5b98-3b43-84ce-edf6095d6240]]></Field>
	<Field name="ITxt" type="com.sunopsis.sql.DbInt"><![CDATA[255]]></Field>
	<Field name="ITxtOrig" type="com.sunopsis.sql.DbInt"><![CDATA[2]]></Field>
	<Field name="Txt" type="java.lang.String"><![CDATA[alter table <%= odiRef.getTable("L", "TARG_NAME", "A") %>   add <%= odiRef.getColumn("[COL_NAME] [DEST_CRE_DT] [DEFAULT_CLAUSE]","NEW") %>
]]></Field>
</Object>
<Object class="com.sunopsis.dwg.dbobj.SnpMtxt">
		<Field name="Enc" type="java.lang.String">null</Field>
	<Field name="EncKey" type="java.lang.String">null</Field>
	<Field name="EncKeyVect" type="java.lang.String">null</Field>
	<Field name="FullTxt" type="java.lang.String"><![CDATA[COMPONENT NAME: Modify Column Attribute
COMPONENT VERSION: 11.1.1.1.0
AUTHOR: Oracle
COMPATIBILITY: 11.1.1 and above

DESCRIPTION

	Modify a column attribute

LIMITATIONS
	Teradata allows only extension of a column, no reduction.
]]></Field>
	<Field name="GlobalId" type="java.lang.String"><![CDATA[9e767c03-0a60-3b37-a96e-c451536fb664]]></Field>
	<Field name="ITxt" type="com.sunopsis.sql.DbInt"><![CDATA[256]]></Field>
	<Field name="ITxtOrig" type="com.sunopsis.sql.DbInt"><![CDATA[1]]></Field>
	<Field name="Txt" type="java.lang.String"><![CDATA[COMPONENT NAME: Modify Column Attribute
COMPONENT VERSION: 11.1.1.1.0
AUTHOR: Oracle
COMPATIBILITY: 11.1.1 and above

DESCRIPTION

	Modify a column attribute

LIMITATIONS
	Teradata allows only extension of a column, no reduction.
]]></Field>
</Object>
<Object class="com.sunopsis.dwg.dbobj.SnpFKXRef">
		<Field name="RefKey" type="java.lang.String"><![CDATA[SNP_GRPACTION.11]]></Field>
	<Field name="RefObjGlobalId" type="java.lang.String"><![CDATA[c519abcb-99ad-335e-af75-3c0e058e1326]]></Field>
 <Field name="RefObjFQName" type="java.lang.String"><![CDATA[Teradata.Teradata Default]]></Field>
 <Field name="RefObjFQType" type="java.lang.String"><![CDATA[SNP_TECHNO.SNP_GRPACTION]]></Field>
 <Field name="RefObjFQNameLengths" type="java.lang.String"><![CDATA[8.16]]></Field>
</Object>
<Object class="com.sunopsis.dwg.dbobj.SnpFKXRef">
		<Field name="RefKey" type="java.lang.String"><![CDATA[SNP_MTXT.256]]></Field>
	<Field name="RefObjGlobalId" type="java.lang.String"><![CDATA[9e767c03-0a60-3b37-a96e-c451536fb664]]></Field>
 <Field name="RefObjFQName" type="java.lang.String">null</Field>
 <Field name="RefObjFQType" type="java.lang.String">null</Field>
 <Field name="RefObjFQNameLengths" type="java.lang.String">null</Field>
</Object>
<Object class="com.sunopsis.dwg.dbobj.SnpFKXRef">
		<Field name="RefKey" type="java.lang.String"><![CDATA[SNP_ACTION.40]]></Field>
	<Field name="RefObjGlobalId" type="java.lang.String"><![CDATA[70e4b9a4-ee09-3e75-adb6-33dd04541a82]]></Field>
 <Field name="RefObjFQName" type="java.lang.String"><![CDATA[Teradata.Teradata Default.Modify Column Attribute]]></Field>
 <Field name="RefObjFQType" type="java.lang.String"><![CDATA[SNP_TECHNO.SNP_GRPACTION.SNP_ACTION]]></Field>
 <Field name="RefObjFQNameLengths" type="java.lang.String"><![CDATA[8.16.23]]></Field>
</Object>
<Object class="com.sunopsis.dwg.dbobj.SnpFKXRef">
		<Field name="RefKey" type="java.lang.String"><![CDATA[SNP_MTXT.255]]></Field>
	<Field name="RefObjGlobalId" type="java.lang.String"><![CDATA[0a442086-5b98-3b43-84ce-edf6095d6240]]></Field>
 <Field name="RefObjFQName" type="java.lang.String">null</Field>
 <Field name="RefObjFQType" type="java.lang.String">null</Field>
 <Field name="RefObjFQNameLengths" type="java.lang.String">null</Field>
</Object>
<Object class="com.sunopsis.dwg.DwgExportSummary">
		<Field name="ExpTxtNb" type="com.sunopsis.sql.DbInt"><![CDATA[0]]></Field>
	<Field name="InstObjNb" type="com.sunopsis.sql.DbInt"><![CDATA[0]]></Field>
	<Field name="JoinColNb" type="com.sunopsis.sql.DbInt"><![CDATA[0]]></Field>
	<Field name="JoinNb" type="com.sunopsis.sql.DbInt"><![CDATA[0]]></Field>
	<Field name="KeyColNb" type="com.sunopsis.sql.DbInt"><![CDATA[0]]></Field>
	<Field name="KeyNb" type="com.sunopsis.sql.DbInt"><![CDATA[0]]></Field>
	<Field name="LinkDiagNb" type="com.sunopsis.sql.DbInt"><![CDATA[0]]></Field>
	<Field name="MorigTxtNb" type="com.sunopsis.sql.DbInt"><![CDATA[0]]></Field>
	<Field name="MtxtNb" type="com.sunopsis.sql.DbInt"><![CDATA[2]]></Field>
	<Field name="OrigTxtNb" type="com.sunopsis.sql.DbInt"><![CDATA[0]]></Field>
	<Field name="OtherObjectsNb" type="com.sunopsis.sql.DbInt"><![CDATA[2]]></Field>
	<Field name="PlanAgentNb" type="com.sunopsis.sql.DbInt"><![CDATA[0]]></Field>
	<Field name="StepNb" type="com.sunopsis.sql.DbInt"><![CDATA[0]]></Field>
	<Field name="TxtNb" type="com.sunopsis.sql.DbInt"><![CDATA[0]]></Field>
	<Field name="UeOrigNb" type="com.sunopsis.sql.DbInt"><![CDATA[0]]></Field>
	<Field name="UeUsedNb" type="com.sunopsis.sql.DbInt"><![CDATA[0]]></Field>
	<Field name="VarPlanAgentNb" type="com.sunopsis.sql.DbInt"><![CDATA[0]]></Field>
	<Field name="ScenTxtNb" type="com.sunopsis.sql.DbInt"><![CDATA[0]]></Field>
	<Field name="OdiVersion" type="java.lang.String"><![CDATA[12.2.1]]></Field>
	<Field name="OriginRepositoryID" type="com.sunopsis.sql.DbInt"><![CDATA[0]]></Field>
	<Field name="RepositoryVersion" type="java.lang.String"><![CDATA[05.02.02.07]]></Field>
</Object>
</SunopsisExport>
