<?xml version="1.0" encoding="UTF-8"?>
<OdiDeploymentArchive>
   <Name>EXEC_initial demo</Name>
   <Description>Primer intento de cara inicial en git</Description>
   <DeploymentArchiveType>INITIAL</DeploymentArchiveType>
   <SourceType>ODI</SourceType>
   <SourceInfo>Master:{dburl=jdbc:oracle:thin:@localhost:1521/orclpdb.ar.oracle.com; dbuser=DEV_ODI_REPO}; Work:{name=WORKREP}</SourceInfo>
   <GlobalId>e3bac4c1-2f4f-44cc-9431-cd518a1aad0f</GlobalId>
   <CreatedDate>2019-12-30T10:23:22.358-03:00</CreatedDate>
   <CreatedBy>SUPERVISOR</CreatedBy>
   <ObjectsToUpdate>
      <Object class="oracle.odi.domain.topology.OdiContext" globalId="af79390f-548b-3f6e-b5dc-b152c271c701" name="Global" path="\Master Repository\Contexts\CONT_Global.xml" lastupdatedtime="1577462942000" sourcerepositoryid="1b640ba2-51b4-465d-88d2-07579511acc7"/>
      <Object class="oracle.odi.domain.topology.language.OdiLanguage" globalId="3d1747ed-426e-368e-9825-2ce67a4df086" name="GROOVY" path="\Master Repository\Languages\LANG_GROOVY.xml" lastupdatedtime="1577462926000" sourcerepositoryid="1b640ba2-51b4-465d-88d2-07579511acc7"/>
      <Object class="oracle.odi.domain.topology.language.OdiLanguage" globalId="36e52ab9-6d2e-34ad-ae35-95066160af8c" name="JAVA" path="\Master Repository\Languages\LANG_JAVA.xml" lastupdatedtime="1577462926000" sourcerepositoryid="1b640ba2-51b4-465d-88d2-07579511acc7"/>
      <Object class="oracle.odi.domain.topology.language.OdiLanguage" globalId="75bbc075-7f84-30b7-80a9-d626f912eff5" name="JYTHON" path="\Master Repository\Languages\LANG_JYTHON.xml" lastupdatedtime="1577462927000" sourcerepositoryid="1b640ba2-51b4-465d-88d2-07579511acc7"/>
      <Object class="oracle.odi.domain.topology.language.OdiLanguage" globalId="34023c55-533f-4ec8-8454-0ba2bc80e9e8" name="PIGLATIN" path="\Master Repository\Languages\LANG_PIGLATIN.xml" lastupdatedtime="1577462928000" sourcerepositoryid="1b640ba2-51b4-465d-88d2-07579511acc7"/>
      <Object class="oracle.odi.domain.topology.language.OdiLanguage" globalId="9ff7cdd9-ef81-41db-bef2-4c004aaafa1d" name="PYTHON" path="\Master Repository\Languages\LANG_PYTHON.xml" lastupdatedtime="1577462929000" sourcerepositoryid="1b640ba2-51b4-465d-88d2-07579511acc7"/>
      <Object class="oracle.odi.domain.topology.language.OdiLanguage" globalId="afdbdb28-104f-3c34-a369-2f853c06a459" name="SAP" path="\Master Repository\Languages\LANG_SAP.xml" lastupdatedtime="1577462930000" sourcerepositoryid="1b640ba2-51b4-465d-88d2-07579511acc7"/>
      <Object class="oracle.odi.domain.topology.language.OdiLanguage" globalId="6da23a73-568d-3ba9-9491-b44a7eb9ae16" name="SQL" path="\Master Repository\Languages\LANG_SQL.xml" lastupdatedtime="1577462937000" sourcerepositoryid="1b640ba2-51b4-465d-88d2-07579511acc7"/>
      <Object class="oracle.odi.domain.topology.language.OdiLanguage" globalId="bad0704c-67a6-3609-ad92-2bdbbc9a50b8" name="SQL_FILE" path="\Master Repository\Languages\LANG_SQL_FILE.xml" lastupdatedtime="1577462938000" sourcerepositoryid="1b640ba2-51b4-465d-88d2-07579511acc7"/>
      <Object class="oracle.odi.domain.security.OdiProfile" globalId="022c5ecd-c0f6-30b0-b6dd-0e17bcbb95cb" name="CONNECT" path="\Master Repository\Profiles\PROF_CONNECT.xml" lastupdatedtime="1577462881000" sourcerepositoryid="ec4ee7fe-4afb-4141-810e-4dfcb419f1fa"/>
      <Object class="oracle.odi.domain.security.OdiProfile" globalId="83e312b5-a24c-35e9-b245-b44da9de6bea" name="CONSOLE" path="\Master Repository\Profiles\PROF_CONSOLE.xml" lastupdatedtime="1577462881000" sourcerepositoryid="ec4ee7fe-4afb-4141-810e-4dfcb419f1fa"/>
      <Object class="oracle.odi.domain.security.OdiProfile" globalId="9917a574-1cf3-3fcd-8637-a30387a06447" name="DESIGNER" path="\Master Repository\Profiles\PROF_DESIGNER.xml" lastupdatedtime="1577462882000" sourcerepositoryid="ec4ee7fe-4afb-4141-810e-4dfcb419f1fa"/>
      <Object class="oracle.odi.domain.security.OdiProfile" globalId="b5823bb7-85a8-3bba-a8c7-1fcf090f51af" name="METADATA ADMIN" path="\Master Repository\Profiles\PROF_METADATA_ADMIN.xml" lastupdatedtime="1577462882000" sourcerepositoryid="ec4ee7fe-4afb-4141-810e-4dfcb419f1fa"/>
      <Object class="oracle.odi.domain.security.OdiProfile" globalId="6474a877-b44c-3449-ba01-af6f80d5a6bc" name="NG CONSOLE" path="\Master Repository\Profiles\PROF_NG_CONSOLE.xml" lastupdatedtime="1577462883000" sourcerepositoryid="ec4ee7fe-4afb-4141-810e-4dfcb419f1fa"/>
      <Object class="oracle.odi.domain.security.OdiProfile" globalId="8802e35e-22d6-3c84-8072-e28493ebb9dd" name="NG DESIGNER" path="\Master Repository\Profiles\PROF_NG_DESIGNER.xml" lastupdatedtime="1577462883000" sourcerepositoryid="ec4ee7fe-4afb-4141-810e-4dfcb419f1fa"/>
      <Object class="oracle.odi.domain.security.OdiProfile" globalId="4b04c57f-5e11-3fe1-a35d-6b67d95169f4" name="NG METADATA ADMIN" path="\Master Repository\Profiles\PROF_NG_METADATA_ADMIN.xml" lastupdatedtime="1577462884000" sourcerepositoryid="ec4ee7fe-4afb-4141-810e-4dfcb419f1fa"/>
      <Object class="oracle.odi.domain.security.OdiProfile" globalId="1018ccae-c592-324f-b591-52d197fc886b" name="NG VERSION ADMIN" path="\Master Repository\Profiles\PROF_NG_VERSION_ADMIN.xml" lastupdatedtime="1577462884000" sourcerepositoryid="ec4ee7fe-4afb-4141-810e-4dfcb419f1fa"/>
      <Object class="oracle.odi.domain.security.OdiProfile" globalId="ebf1e21b-76d0-3e6e-8d72-a83c03e333ca" name="OPERATOR" path="\Master Repository\Profiles\PROF_OPERATOR.xml" lastupdatedtime="1577462885000" sourcerepositoryid="ec4ee7fe-4afb-4141-810e-4dfcb419f1fa"/>
      <Object class="oracle.odi.domain.security.OdiProfile" globalId="3e0bafe1-4843-4b48-890c-b8413134716e" name="RELEASE MANAGER" path="\Master Repository\Profiles\PROF_RELEASE_MANAGER.xml" lastupdatedtime="1577462885000" sourcerepositoryid="ec4ee7fe-4afb-4141-810e-4dfcb419f1fa"/>
      <Object class="oracle.odi.domain.security.OdiProfile" globalId="2f09fdfd-ad46-33a2-adaf-72afd0e4af83" name="SECURITY ADMIN" path="\Master Repository\Profiles\PROF_SECURITY_ADMIN.xml" lastupdatedtime="1577462886000" sourcerepositoryid="ec4ee7fe-4afb-4141-810e-4dfcb419f1fa"/>
      <Object class="oracle.odi.domain.security.OdiProfile" globalId="5c23a897-9f81-33a0-8e0f-931c72653ef4" name="TOPOLOGY ADMIN" path="\Master Repository\Profiles\PROF_TOPOLOGY_ADMIN.xml" lastupdatedtime="1577462887000" sourcerepositoryid="ec4ee7fe-4afb-4141-810e-4dfcb419f1fa"/>
      <Object class="oracle.odi.domain.security.OdiProfile" globalId="9d6eb15e-61d7-48fe-8aa9-e37a209ddba3" name="VCS VERSION ADMIN" path="\Master Repository\Profiles\PROF_VCS_VERSION_ADMIN.xml" lastupdatedtime="1577462887000" sourcerepositoryid="ec4ee7fe-4afb-4141-810e-4dfcb419f1fa"/>
      <Object class="oracle.odi.domain.security.OdiProfile" globalId="7364ac1b-7524-30fb-86a0-4ccccc957e81" name="VERSION ADMIN" path="\Master Repository\Profiles\PROF_VERSION_ADMIN.xml" lastupdatedtime="1577462888000" sourcerepositoryid="ec4ee7fe-4afb-4141-810e-4dfcb419f1fa"/>
      <Object class="oracle.odi.domain.security.OdiPrincipal" globalId="6e18bd13-f7e3-4474-a962-09ba86b8b7a4" name="SUPERVISOR_ROLE" path="\Master Repository\Roles\USER_SUPERVISOR_ROLE.xml" lastupdatedtime="1577462889000" sourcerepositoryid="ec4ee7fe-4afb-4141-810e-4dfcb419f1fa"/>
      <Object class="oracle.odi.domain.topology.OdiTechnology" globalId="7e02164a-c05a-41b5-a9af-6f721ecd0a28" name="Amazon Redshift" path="\Master Repository\Technologies\Amazon_Redshift\TECH_Amazon_Redshift.xml" lastupdatedtime="1577462889000" sourcerepositoryid="1b640ba2-51b4-465d-88d2-07579511acc7"/>
      <Object class="oracle.odi.domain.topology.OdiTechnology" globalId="a55b25d1-3d8b-349a-9997-cc54046f16f8" name="Attunity" path="\Master Repository\Technologies\Attunity\TECH_Attunity.xml" lastupdatedtime="1577462889000" sourcerepositoryid="1b640ba2-51b4-465d-88d2-07579511acc7"/>
      <Object class="oracle.odi.domain.topology.OdiTechnology" globalId="b334995a-7af5-358d-88c2-af5cd95ca03b" name="BTrieve" path="\Master Repository\Technologies\BTrieve\TECH_BTrieve.xml" lastupdatedtime="1577462890000" sourcerepositoryid="1b640ba2-51b4-465d-88d2-07579511acc7"/>
      <Object class="oracle.odi.domain.topology.OdiTechnology" globalId="0952efce-0b8c-491d-b83b-79f480aba976" name="Cassandra" path="\Master Repository\Technologies\Cassandra\TECH_Cassandra.xml" lastupdatedtime="1577462890000" sourcerepositoryid="1b640ba2-51b4-465d-88d2-07579511acc7"/>
      <Object class="oracle.odi.domain.topology.OdiTechnology" globalId="e425fad6-cd82-3ae5-85e9-d33f5c52decb" name="Complex File" path="\Master Repository\Technologies\Complex_File\TECH_Complex_File.xml" lastupdatedtime="1577462890000" sourcerepositoryid="1b640ba2-51b4-465d-88d2-07579511acc7"/>
      <Object class="oracle.odi.domain.topology.OdiTechnology" globalId="78c9d1e9-ce7e-3938-80fa-5e4d52348814" name="DBase" path="\Master Repository\Technologies\DBase\TECH_DBase.xml" lastupdatedtime="1577462891000" sourcerepositoryid="1b640ba2-51b4-465d-88d2-07579511acc7"/>
      <Object class="oracle.odi.domain.topology.OdiTechnology" globalId="b48faf06-fcb8-38d1-840d-b678da1a5460" name="Derby" path="\Master Repository\Technologies\Derby\TECH_Derby.xml" lastupdatedtime="1577462891000" sourcerepositoryid="1b640ba2-51b4-465d-88d2-07579511acc7"/>
      <Object class="oracle.odi.domain.topology.OdiTechnology" globalId="14d1db64-b833-3400-9ca6-595ffc963a64" name="File" path="\Master Repository\Technologies\File\TECH_File.xml" lastupdatedtime="1577462892000" sourcerepositoryid="1b640ba2-51b4-465d-88d2-07579511acc7"/>
      <Object class="oracle.odi.domain.topology.OdiLogicalSchema" globalId="85e2554e-2771-3636-9209-5536d662c433" name="File Server for SAP ABAP" path="\Master Repository\Technologies\File\Logical Architecture\LSC_File_Server_for_SAP_ABAP.xml" lastupdatedtime="1577462892000" sourcerepositoryid="1b640ba2-51b4-465d-88d2-07579511acc7"/>
      <Object class="oracle.odi.domain.topology.OdiDataServer" globalId="7cf66dba-3493-3ab1-81cc-6c13ebe03a8d" name="FILE_GENERIC" path="\Master Repository\Technologies\File\Physical Architecture\FILE_GENERIC\CONN_FILE_GENERIC.xml" lastupdatedtime="1577462940000" sourcerepositoryid="1b640ba2-51b4-465d-88d2-07579511acc7"/>
      <Object class="oracle.odi.domain.topology.OdiTechnology" globalId="dcd0f64e-d848-449b-9080-e721ab6c52dc" name="Generic File" path="\Master Repository\Technologies\Generic_File\TECH_Generic_File.xml" lastupdatedtime="1577462892000" sourcerepositoryid="1b640ba2-51b4-465d-88d2-07579511acc7"/>
      <Object class="oracle.odi.domain.topology.OdiTechnology" globalId="115686d1-a77b-3df6-8dcf-f81fded88dee" name="Generic SQL" path="\Master Repository\Technologies\Generic_SQL\TECH_Generic_SQL.xml" lastupdatedtime="1577462892000" sourcerepositoryid="1b640ba2-51b4-465d-88d2-07579511acc7"/>
      <Object class="oracle.odi.domain.topology.OdiTechnology" globalId="1201671f-1172-3dd0-a774-d4ee872bcea8" name="Groovy" path="\Master Repository\Technologies\Groovy\TECH_Groovy.xml" lastupdatedtime="1577462893000" sourcerepositoryid="1b640ba2-51b4-465d-88d2-07579511acc7"/>
      <Object class="oracle.odi.domain.topology.OdiTechnology" globalId="e5c65c78-513a-476d-9ae7-c6bd6d6eb599" name="Hadoop" path="\Master Repository\Technologies\Hadoop\TECH_Hadoop.xml" lastupdatedtime="1577462893000" sourcerepositoryid="1b640ba2-51b4-465d-88d2-07579511acc7"/>
      <Object class="oracle.odi.domain.topology.OdiTechnology" globalId="7ad03c3b-8019-3eae-af76-83fa01e7938f" name="HBase" path="\Master Repository\Technologies\HBase\TECH_HBase.xml" lastupdatedtime="1577462893000" sourcerepositoryid="1b640ba2-51b4-465d-88d2-07579511acc7"/>
      <Object class="oracle.odi.domain.topology.OdiTechnology" globalId="483dd189-4347-409d-9840-f73f58ded4ab" name="HDFS" path="\Master Repository\Technologies\HDFS\TECH_HDFS.xml" lastupdatedtime="1577462893000" sourcerepositoryid="1b640ba2-51b4-465d-88d2-07579511acc7"/>
      <Object class="oracle.odi.domain.topology.OdiTechnology" globalId="65943d69-9111-3a27-8cb9-38668d20008f" name="Hive" path="\Master Repository\Technologies\Hive\TECH_Hive.xml" lastupdatedtime="1577462894000" sourcerepositoryid="1b640ba2-51b4-465d-88d2-07579511acc7"/>
      <Object class="oracle.odi.domain.topology.OdiTechnology" globalId="b4b8a992-93c8-36e5-9e6f-3f5be584cb90" name="Hyperion Essbase" path="\Master Repository\Technologies\Hyperion_Essbase\TECH_Hyperion_Essbase.xml" lastupdatedtime="1577462894000" sourcerepositoryid="1b640ba2-51b4-465d-88d2-07579511acc7"/>
      <Object class="oracle.odi.domain.topology.OdiTechnology" globalId="25aba1c1-aea2-377a-aefb-e3ae60c63283" name="Hyperion Financial Management" path="\Master Repository\Technologies\Hyperion_Financial_Management\TECH_Hyperion_Financial_Management.xml" lastupdatedtime="1577462894000" sourcerepositoryid="1b640ba2-51b4-465d-88d2-07579511acc7"/>
      <Object class="oracle.odi.domain.topology.OdiTechnology" globalId="ef6be884-8846-31b5-b08f-1e0a636295c8" name="Hyperion Planning" path="\Master Repository\Technologies\Hyperion_Planning\TECH_Hyperion_Planning.xml" lastupdatedtime="1577462894000" sourcerepositoryid="1b640ba2-51b4-465d-88d2-07579511acc7"/>
      <Object class="oracle.odi.domain.topology.OdiTechnology" globalId="b3b9b4cb-0cf4-3786-a33d-0c96a9fd2716" name="Hypersonic SQL" path="\Master Repository\Technologies\Hypersonic_SQL\TECH_Hypersonic_SQL.xml" lastupdatedtime="1577462895000" sourcerepositoryid="1b640ba2-51b4-465d-88d2-07579511acc7"/>
      <Object class="oracle.odi.domain.topology.OdiTechnology" globalId="a52fb8ec-96c3-34d6-9506-fda36904283c" name="IBM DB2/400" path="\Master Repository\Technologies\IBM_DB2400\TECH_IBM_DB2400.xml" lastupdatedtime="1577462895000" sourcerepositoryid="1b640ba2-51b4-465d-88d2-07579511acc7"/>
      <Object class="oracle.odi.domain.topology.OdiTechnology" globalId="b3583113-3cbd-3f3c-84c9-f030cbd57662" name="IBM DB2 UDB" path="\Master Repository\Technologies\IBM_DB2_UDB\TECH_IBM_DB2_UDB.xml" lastupdatedtime="1577462896000" sourcerepositoryid="1b640ba2-51b4-465d-88d2-07579511acc7"/>
      <Object class="oracle.odi.domain.topology.OdiTechnology" globalId="5bb786db-c370-3595-a6f9-70dbb2acc7a3" name="Informix" path="\Master Repository\Technologies\Informix\TECH_Informix.xml" lastupdatedtime="1577462896000" sourcerepositoryid="1b640ba2-51b4-465d-88d2-07579511acc7"/>
      <Object class="oracle.odi.domain.topology.OdiTechnology" globalId="cc0bcfe6-0770-3e6c-aa22-0302bcc54861" name="Ingres" path="\Master Repository\Technologies\Ingres\TECH_Ingres.xml" lastupdatedtime="1577462896000" sourcerepositoryid="1b640ba2-51b4-465d-88d2-07579511acc7"/>
      <Object class="oracle.odi.domain.topology.OdiTechnology" globalId="87c75ce6-ae01-3501-85d0-06e16c74d3bf" name="Interbase" path="\Master Repository\Technologies\Interbase\TECH_Interbase.xml" lastupdatedtime="1577462897000" sourcerepositoryid="1b640ba2-51b4-465d-88d2-07579511acc7"/>
      <Object class="oracle.odi.domain.topology.OdiTechnology" globalId="e84170c6-66f0-3c4a-8fe7-dbca246e5b24" name="In-Memory Engine" path="\Master Repository\Technologies\In_Memory_Engine\TECH_In_Memory_Engine.xml" lastupdatedtime="1577462897000" sourcerepositoryid="1b640ba2-51b4-465d-88d2-07579511acc7"/>
      <Object class="oracle.odi.domain.topology.OdiLogicalSchema" globalId="67889c61-987f-3566-afcc-9c55d7bd85ae" name=" MEMORY_ENGINE" path="\Master Repository\Technologies\In_Memory_Engine\Logical Architecture\LSC__MEMORY_ENGINE.xml" lastupdatedtime="1577462897000" sourcerepositoryid="1b640ba2-51b4-465d-88d2-07579511acc7"/>
      <Object class="oracle.odi.domain.topology.OdiLogicalSchema" globalId="90a83890-2d1c-358b-99d7-425951dc425d" name=" SUNOPSIS_MEMORY_ENGINE" path="\Master Repository\Technologies\In_Memory_Engine\Logical Architecture\LSC__SUNOPSIS_MEMORY_ENGINE.xml" lastupdatedtime="1577462897000" sourcerepositoryid="1b640ba2-51b4-465d-88d2-07579511acc7"/>
      <Object class="oracle.odi.domain.topology.OdiDataServer" globalId="7289f03e-0ca6-3787-9268-c74d5e8aaea5" name="MEMORY_ENGINE" path="\Master Repository\Technologies\In_Memory_Engine\Physical Architecture\MEMORY_ENGINE\CONN_MEMORY_ENGINE.xml" lastupdatedtime="1577462940000" sourcerepositoryid="1b640ba2-51b4-465d-88d2-07579511acc7"/>
      <Object class="oracle.odi.domain.topology.OdiPhysicalSchema" globalId="61149740-0c29-32c0-92e5-fdb5696142c8" name="MEMORY_ENGINE_Default" path="\Master Repository\Technologies\In_Memory_Engine\Physical Architecture\MEMORY_ENGINE\PSC_MEMORY_ENGINE_Default.xml" lastupdatedtime="1577462940000" sourcerepositoryid="1b640ba2-51b4-465d-88d2-07579511acc7"/>
      <Object class="oracle.odi.domain.topology.OdiDataServer" globalId="18897a5c-bda1-3399-9472-b54c6824e6ad" name="SUNOPSIS_MEMORY_ENGINE" path="\Master Repository\Technologies\In_Memory_Engine\Physical Architecture\SUNOPSIS_MEMORY_ENGINE\CONN_SUNOPSIS_MEMORY_ENGINE.xml" lastupdatedtime="1577462941000" sourcerepositoryid="1b640ba2-51b4-465d-88d2-07579511acc7"/>
      <Object class="oracle.odi.domain.topology.OdiPhysicalSchema" globalId="1c6765c1-b25c-3a70-afbb-e9d05fc3f3a5" name="SUNOPSIS_MEMORY_ENGINE_Default" path="\Master Repository\Technologies\In_Memory_Engine\Physical Architecture\SUNOPSIS_MEMORY_ENGINE\PSC_SUNOPSIS_MEMORY_ENGINE_Default.xml" lastupdatedtime="1577462941000" sourcerepositoryid="1b640ba2-51b4-465d-88d2-07579511acc7"/>
      <Object class="oracle.odi.domain.topology.OdiTechnology" globalId="8e13006f-6157-3957-958a-a42a3391fc06" name="JavaScript" path="\Master Repository\Technologies\JavaScript\TECH_JavaScript.xml" lastupdatedtime="1577462897000" sourcerepositoryid="1b640ba2-51b4-465d-88d2-07579511acc7"/>
      <Object class="oracle.odi.domain.topology.OdiTechnology" globalId="dc500b60-411a-385f-818b-6be104297be8" name="Java BeanShell" path="\Master Repository\Technologies\Java_BeanShell\TECH_Java_BeanShell.xml" lastupdatedtime="1577462897000" sourcerepositoryid="1b640ba2-51b4-465d-88d2-07579511acc7"/>
      <Object class="oracle.odi.domain.topology.OdiTechnology" globalId="0b6e0563-963a-3f17-8c7e-fe1227852036" name="JAX-WS" path="\Master Repository\Technologies\JAX_WS\TECH_JAX_WS.xml" lastupdatedtime="1577462898000" sourcerepositoryid="1b640ba2-51b4-465d-88d2-07579511acc7"/>
      <Object class="oracle.odi.domain.topology.OdiTechnology" globalId="972e500d-1824-3f40-b270-0c327549c81d" name="JMS Queue" path="\Master Repository\Technologies\JMS_Queue\TECH_JMS_Queue.xml" lastupdatedtime="1577462898000" sourcerepositoryid="1b640ba2-51b4-465d-88d2-07579511acc7"/>
      <Object class="oracle.odi.domain.topology.OdiTechnology" globalId="7ec7241a-ca49-3cfe-bded-1b1759ad56ca" name="JMS Queue XML" path="\Master Repository\Technologies\JMS_Queue_XML\TECH_JMS_Queue_XML.xml" lastupdatedtime="1577462898000" sourcerepositoryid="1b640ba2-51b4-465d-88d2-07579511acc7"/>
      <Object class="oracle.odi.domain.topology.OdiTechnology" globalId="afab6669-e3b4-3c33-b24d-a7e4ad703e4c" name="JMS Topic" path="\Master Repository\Technologies\JMS_Topic\TECH_JMS_Topic.xml" lastupdatedtime="1577462898000" sourcerepositoryid="1b640ba2-51b4-465d-88d2-07579511acc7"/>
      <Object class="oracle.odi.domain.topology.OdiTechnology" globalId="4adeca9d-ef12-3e37-9c7a-dc12af3b6f0b" name="JMS Topic XML" path="\Master Repository\Technologies\JMS_Topic_XML\TECH_JMS_Topic_XML.xml" lastupdatedtime="1577462899000" sourcerepositoryid="1b640ba2-51b4-465d-88d2-07579511acc7"/>
      <Object class="oracle.odi.domain.topology.OdiTechnology" globalId="1136cdab-d1c4-34e1-88b8-7c9d62171304" name="Jython" path="\Master Repository\Technologies\Jython\TECH_Jython.xml" lastupdatedtime="1577462899000" sourcerepositoryid="1b640ba2-51b4-465d-88d2-07579511acc7"/>
      <Object class="oracle.odi.domain.topology.OdiTechnology" globalId="9f4c57f6-56a6-42a2-a746-d70ea2e6e16f" name="Kafka" path="\Master Repository\Technologies\Kafka\TECH_Kafka.xml" lastupdatedtime="1577462899000" sourcerepositoryid="1b640ba2-51b4-465d-88d2-07579511acc7"/>
      <Object class="oracle.odi.domain.topology.OdiTechnology" globalId="f0da6d21-e422-3ca4-a4cb-f549c3b37bfc" name="LDAP" path="\Master Repository\Technologies\LDAP\TECH_LDAP.xml" lastupdatedtime="1577462899000" sourcerepositoryid="1b640ba2-51b4-465d-88d2-07579511acc7"/>
      <Object class="oracle.odi.domain.topology.OdiTechnology" globalId="7848fae6-6b4e-3f98-91e3-6a852066cfeb" name="Microsoft Access" path="\Master Repository\Technologies\Microsoft_Access\TECH_Microsoft_Access.xml" lastupdatedtime="1577462900000" sourcerepositoryid="1b640ba2-51b4-465d-88d2-07579511acc7"/>
      <Object class="oracle.odi.domain.topology.OdiTechnology" globalId="d2b57ca4-523a-3c5c-b758-3e46255113a8" name="Microsoft Excel" path="\Master Repository\Technologies\Microsoft_Excel\TECH_Microsoft_Excel.xml" lastupdatedtime="1577462900000" sourcerepositoryid="1b640ba2-51b4-465d-88d2-07579511acc7"/>
      <Object class="oracle.odi.domain.topology.OdiTechnology" globalId="f6e107a3-aef1-3869-b7ad-b4f9b70c9d65" name="Microsoft SQL Server" path="\Master Repository\Technologies\Microsoft_SQL_Server\TECH_Microsoft_SQL_Server.xml" lastupdatedtime="1577462900000" sourcerepositoryid="1b640ba2-51b4-465d-88d2-07579511acc7"/>
      <Object class="oracle.odi.domain.topology.OdiTechnology" globalId="8d37fb72-5b0f-4667-9fb6-f43b2a951559" name="MongoDB" path="\Master Repository\Technologies\MongoDB\TECH_MongoDB.xml" lastupdatedtime="1577462900000" sourcerepositoryid="1b640ba2-51b4-465d-88d2-07579511acc7"/>
      <Object class="oracle.odi.domain.topology.OdiTechnology" globalId="c937df56-8e23-336a-9805-0e1576d17653" name="MySQL" path="\Master Repository\Technologies\MySQL\TECH_MySQL.xml" lastupdatedtime="1577462901000" sourcerepositoryid="1b640ba2-51b4-465d-88d2-07579511acc7"/>
      <Object class="oracle.odi.domain.topology.OdiTechnology" globalId="09d38233-f2e0-3065-8414-3e418edcfae5" name="Netezza" path="\Master Repository\Technologies\Netezza\TECH_Netezza.xml" lastupdatedtime="1577462901000" sourcerepositoryid="1b640ba2-51b4-465d-88d2-07579511acc7"/>
      <Object class="oracle.odi.domain.topology.OdiTechnology" globalId="31f4994b-0217-3e6a-ae47-5f2992e74fc9" name="NetRexx" path="\Master Repository\Technologies\NetRexx\TECH_NetRexx.xml" lastupdatedtime="1577462901000" sourcerepositoryid="1b640ba2-51b4-465d-88d2-07579511acc7"/>
      <Object class="oracle.odi.domain.topology.OdiTechnology" globalId="b39d38cf-f047-3bb0-b4c8-1fce741021d2" name="ODI Tools" path="\Master Repository\Technologies\ODI_Tools\TECH_ODI_Tools.xml" lastupdatedtime="1577462901000" sourcerepositoryid="1b640ba2-51b4-465d-88d2-07579511acc7"/>
      <Object class="oracle.odi.domain.topology.OdiTechnology" globalId="155382d2-8449-3ec0-83e0-50034b06b55a" name="Operating System" path="\Master Repository\Technologies\Operating_System\TECH_Operating_System.xml" lastupdatedtime="1577462902000" sourcerepositoryid="1b640ba2-51b4-465d-88d2-07579511acc7"/>
      <Object class="oracle.odi.domain.topology.OdiTechnology" globalId="e9120718-5b1e-3e9c-b3b9-28317b288494" name="Oracle" path="\Master Repository\Technologies\Oracle\TECH_Oracle.xml" lastupdatedtime="1577462902000" sourcerepositoryid="1b640ba2-51b4-465d-88d2-07579511acc7"/>
      <Object class="oracle.odi.domain.topology.OdiTechnology" globalId="34cdfe33-acbf-3137-bde7-62593213615a" name="Oracle BAM" path="\Master Repository\Technologies\Oracle_BAM\TECH_Oracle_BAM.xml" lastupdatedtime="1577462902000" sourcerepositoryid="1b640ba2-51b4-465d-88d2-07579511acc7"/>
      <Object class="oracle.odi.domain.topology.OdiTechnology" globalId="f127b695-aefe-3810-8cab-20e11413acae" name="Oracle BI" path="\Master Repository\Technologies\Oracle_BI\TECH_Oracle_BI.xml" lastupdatedtime="1577462903000" sourcerepositoryid="1b640ba2-51b4-465d-88d2-07579511acc7"/>
      <Object class="oracle.odi.domain.topology.OdiTechnology" globalId="6cb468c1-195e-41b2-b201-dbcafc346128" name="Oracle BI Cloud Service" path="\Master Repository\Technologies\Oracle_BI_Cloud_Service\TECH_Oracle_BI_Cloud_Service.xml" lastupdatedtime="1577462903000" sourcerepositoryid="1b640ba2-51b4-465d-88d2-07579511acc7"/>
      <Object class="oracle.odi.domain.topology.OdiTechnology" globalId="690d132d-f191-4189-8d9c-711102d77b83" name="Oracle Enterprise Data Quality" path="\Master Repository\Technologies\Oracle_Enterprise_Data_Quality\TECH_Oracle_Enterprise_Data_Quality.xml" lastupdatedtime="1577462903000" sourcerepositoryid="1b640ba2-51b4-465d-88d2-07579511acc7"/>
      <Object class="oracle.odi.domain.topology.OdiTechnology" globalId="4fcf276a-a73a-404b-8ca6-ffc9d0be34ec" name="Oracle GoldenGate" path="\Master Repository\Technologies\Oracle_GoldenGate\TECH_Oracle_GoldenGate.xml" lastupdatedtime="1577462903000" sourcerepositoryid="1b640ba2-51b4-465d-88d2-07579511acc7"/>
      <Object class="oracle.odi.domain.topology.OdiTechnology" globalId="f6c4e02c-bd62-4bf4-a1fd-f18ec814dd14" name="OWB Runtime Repository" path="\Master Repository\Technologies\OWB_Runtime_Repository\TECH_OWB_Runtime_Repository.xml" lastupdatedtime="1577462904000" sourcerepositoryid="1b640ba2-51b4-465d-88d2-07579511acc7"/>
      <Object class="oracle.odi.domain.topology.OdiTechnology" globalId="d641070d-e8dd-3806-a9dc-caf4da01839b" name="Paradox" path="\Master Repository\Technologies\Paradox\TECH_Paradox.xml" lastupdatedtime="1577462904000" sourcerepositoryid="1b640ba2-51b4-465d-88d2-07579511acc7"/>
      <Object class="oracle.odi.domain.topology.OdiTechnology" globalId="2958c969-3fbe-4c2e-8bd4-e4c721cc02a2" name="Pig" path="\Master Repository\Technologies\Pig\TECH_Pig.xml" lastupdatedtime="1577462904000" sourcerepositoryid="1b640ba2-51b4-465d-88d2-07579511acc7"/>
      <Object class="oracle.odi.domain.topology.OdiTechnology" globalId="dfe7fce5-fec6-30af-a181-2026dbf6e6b3" name="PostgreSQL" path="\Master Repository\Technologies\PostgreSQL\TECH_PostgreSQL.xml" lastupdatedtime="1577462904000" sourcerepositoryid="1b640ba2-51b4-465d-88d2-07579511acc7"/>
      <Object class="oracle.odi.domain.topology.OdiTechnology" globalId="984d8804-982e-3afb-8f3a-bf52b582453e" name="Progress" path="\Master Repository\Technologies\Progress\TECH_Progress.xml" lastupdatedtime="1577462905000" sourcerepositoryid="1b640ba2-51b4-465d-88d2-07579511acc7"/>
      <Object class="oracle.odi.domain.topology.OdiTechnology" globalId="d7a8b121-6567-4d5c-85bc-7059bf9fbee5" name="RESTful Service" path="\Master Repository\Technologies\RESTful_Service\TECH_RESTful_Service.xml" lastupdatedtime="1577462905000" sourcerepositoryid="1b640ba2-51b4-465d-88d2-07579511acc7"/>
      <Object class="oracle.odi.domain.topology.OdiTechnology" globalId="3344d747-4ffe-4e4b-81bb-d5033a1c3bea" name="Salesforce.com" path="\Master Repository\Technologies\Salesforce_com\TECH_Salesforce_com.xml" lastupdatedtime="1577462905000" sourcerepositoryid="1b640ba2-51b4-465d-88d2-07579511acc7"/>
      <Object class="oracle.odi.domain.topology.OdiTechnology" globalId="0fa87d0e-ac82-386a-b0e4-a289139f8c93" name="Salesforce.com (Old)" path="\Master Repository\Technologies\Salesforce_com__Old_\TECH_Salesforce_com__Old_.xml" lastupdatedtime="1577462905000" sourcerepositoryid="1b640ba2-51b4-465d-88d2-07579511acc7"/>
      <Object class="oracle.odi.domain.topology.OdiTechnology" globalId="b4aec7b4-81c9-3e71-8644-f86e50f07b67" name="SAP ABAP" path="\Master Repository\Technologies\SAP_ABAP\TECH_SAP_ABAP.xml" lastupdatedtime="1577462906000" sourcerepositoryid="1b640ba2-51b4-465d-88d2-07579511acc7"/>
      <Object class="oracle.odi.domain.topology.OdiTechnology" globalId="2f445152-fda9-3a4c-bb25-73c7f1532b75" name="SAP Java Connector" path="\Master Repository\Technologies\SAP_Java_Connector\TECH_SAP_Java_Connector.xml" lastupdatedtime="1577462906000" sourcerepositoryid="1b640ba2-51b4-465d-88d2-07579511acc7"/>
      <Object class="oracle.odi.domain.topology.OdiTechnology" globalId="f80b410a-dc37-3995-926a-b948e73e7908" name="SAS (deprecated)" path="\Master Repository\Technologies\SAS__deprecated_\TECH_SAS__deprecated_.xml" lastupdatedtime="1577462906000" sourcerepositoryid="1b640ba2-51b4-465d-88d2-07579511acc7"/>
      <Object class="oracle.odi.domain.topology.OdiTechnology" globalId="c3399fab-f55e-4536-a62f-487aeb7a48c8" name="SOAP Web Service" path="\Master Repository\Technologies\SOAP_Web_Service\TECH_SOAP_Web_Service.xml" lastupdatedtime="1577462906000" sourcerepositoryid="1b640ba2-51b4-465d-88d2-07579511acc7"/>
      <Object class="oracle.odi.domain.topology.OdiTechnology" globalId="864f5b6d-93b1-4679-95fe-c4976fcda29b" name="Spark Python" path="\Master Repository\Technologies\Spark_Python\TECH_Spark_Python.xml" lastupdatedtime="1577462907000" sourcerepositoryid="1b640ba2-51b4-465d-88d2-07579511acc7"/>
      <Object class="oracle.odi.domain.topology.OdiTechnology" globalId="ca3bcb78-6142-3ef9-afd1-7ab5dcdde9e1" name="Sybase AS Anywhere" path="\Master Repository\Technologies\Sybase_AS_Anywhere\TECH_Sybase_AS_Anywhere.xml" lastupdatedtime="1577462907000" sourcerepositoryid="1b640ba2-51b4-465d-88d2-07579511acc7"/>
      <Object class="oracle.odi.domain.topology.OdiTechnology" globalId="75b7d545-5848-3f38-998e-2967291f9808" name="Sybase AS Enterprise" path="\Master Repository\Technologies\Sybase_AS_Enterprise\TECH_Sybase_AS_Enterprise.xml" lastupdatedtime="1577462907000" sourcerepositoryid="1b640ba2-51b4-465d-88d2-07579511acc7"/>
      <Object class="oracle.odi.domain.topology.OdiTechnology" globalId="5c34b7c5-1844-3930-b14b-f668ce7320dd" name="Sybase AS IQ" path="\Master Repository\Technologies\Sybase_AS_IQ\TECH_Sybase_AS_IQ.xml" lastupdatedtime="1577462907000" sourcerepositoryid="1b640ba2-51b4-465d-88d2-07579511acc7"/>
      <Object class="oracle.odi.domain.topology.OdiTechnology" globalId="e93fa3dd-6d95-34ec-9f0c-50970a617260" name="Teradata" path="\Master Repository\Technologies\Teradata\TECH_Teradata.xml" lastupdatedtime="1577462908000" sourcerepositoryid="1b640ba2-51b4-465d-88d2-07579511acc7"/>
      <Object class="oracle.odi.domain.topology.OdiTechnology" globalId="bc3c435c-ee7a-322c-9d24-09e5c685060c" name="TimesTen" path="\Master Repository\Technologies\TimesTen\TECH_TimesTen.xml" lastupdatedtime="1577462908000" sourcerepositoryid="1b640ba2-51b4-465d-88d2-07579511acc7"/>
      <Object class="oracle.odi.domain.topology.OdiTechnology" globalId="45e39dc8-3d94-3d78-bf4a-354595cef9f1" name="Universe" path="\Master Repository\Technologies\Universe\TECH_Universe.xml" lastupdatedtime="1577462908000" sourcerepositoryid="1b640ba2-51b4-465d-88d2-07579511acc7"/>
      <Object class="oracle.odi.domain.topology.OdiTechnology" globalId="7ffd3917-2b27-35a3-96a7-3bde26098531" name="XML" path="\Master Repository\Technologies\XML\TECH_XML.xml" lastupdatedtime="1577462909000" sourcerepositoryid="1b640ba2-51b4-465d-88d2-07579511acc7"/>
      <Object class="oracle.odi.domain.security.OdiPrincipal" globalId="c34e89cf-9195-3bf5-b0c9-e744c3cf4fa5" name="SUPERVISOR" path="\Master Repository\Users\USER_SUPERVISOR.xml" lastupdatedtime="1577462950000" sourcerepositoryid="ec4ee7fe-4afb-4141-810e-4dfcb419f1fa"/>
      <Object class="oracle.odi.domain.runtime.scenario.OdiScenario" globalId="f066b98c-83ec-4ea9-b5e8-f89f72686599" name="DEMO_PACKAGE Version 001" path="\Work Repository\Projects\Git_Demo\First_Folder\Packages\Scenarios\SCEN_DEMO_PACKAGE_Version_001.xml" lastupdatedtime="1577479814000" sourcerepositoryid="ec4ee7fe-4afb-4141-810e-4dfcb419f1fa"/>
   </ObjectsToUpdate>
   <ObjectsToDelete/>
</OdiDeploymentArchive>
