<?xml version="1.0" encoding="UTF-8"?>
<SunopsisExport>
<Admin RepositoryVersion="05.02.02.07" IsLegacyIdCompatible="false" />
<Encryption algorithm="AES" keyLength="128" exportKeyHash="SL7vILuPNTTqjynv5KfZxcprqkIDcW0WWFhRfiAKvoM=" keyVect="X1YT3SsBDr8Nq6A6RGwMpQ==" exportKeySalt="ced22355-f077-4fb9-ad5f-454bd1b86059" containsCipherText="false"/>
<Object class="com.sunopsis.dwg.dbobj.SnpProfile">
		<Field name="ExtVersion" type="java.lang.String">null</Field>
	<Field name="FirstDate" type="java.sql.Timestamp"><![CDATA[2019-12-27 13:08:04.0]]></Field>
	<Field name="FirstUser" type="java.lang.String"><![CDATA[SUNOPSIS_INSTALL]]></Field>
	<Field name="GlobalId" type="java.lang.String"><![CDATA[1018ccae-c592-324f-b591-52d197fc886b]]></Field>
	<Field name="IndChange" type="java.lang.String"><![CDATA[I]]></Field>
	<Field name="IProf" type="com.sunopsis.sql.DbInt"><![CDATA[16]]></Field>
	<Field name="LastDate" type="java.sql.Timestamp"><![CDATA[2019-12-27 13:08:04.0]]></Field>
	<Field name="LastUser" type="java.lang.String"><![CDATA[SUNOPSIS_INSTALL]]></Field>
	<Field name="ProfName" type="java.lang.String"><![CDATA[NG VERSION ADMIN]]></Field>
</Object>
<Object class="com.sunopsis.dwg.dbobj.SnpProfMeth">
		<Field name="FirstDate" type="java.sql.Timestamp"><![CDATA[2019-12-27 13:08:04.0]]></Field>
	<Field name="FirstUser" type="java.lang.String"><![CDATA[SUNOPSIS_INSTALL]]></Field>
	<Field name="GenericPriv" type="java.lang.String"><![CDATA[0]]></Field>
	<Field name="GlobalId" type="java.lang.String"><![CDATA[43f34b62-aa07-3930-a4a3-4310d36b421c]]></Field>
	<Field name="IMeth" type="com.sunopsis.sql.DbInt"><![CDATA[49700]]></Field>
	<Field name="IProf" type="com.sunopsis.sql.DbInt"><![CDATA[16]]></Field>
	<Field name="LastDate" type="java.sql.Timestamp"><![CDATA[2019-12-27 13:08:04.0]]></Field>
	<Field name="LastUser" type="java.lang.String"><![CDATA[SUNOPSIS_INSTALL]]></Field>
</Object>
<Object class="com.sunopsis.dwg.dbobj.SnpProfMeth">
		<Field name="FirstDate" type="java.sql.Timestamp"><![CDATA[2019-12-27 13:08:04.0]]></Field>
	<Field name="FirstUser" type="java.lang.String"><![CDATA[SUNOPSIS_INSTALL]]></Field>
	<Field name="GenericPriv" type="java.lang.String"><![CDATA[0]]></Field>
	<Field name="GlobalId" type="java.lang.String"><![CDATA[6e2005db-9cf9-3bcd-9d02-b43d49c04e85]]></Field>
	<Field name="IMeth" type="com.sunopsis.sql.DbInt"><![CDATA[51700]]></Field>
	<Field name="IProf" type="com.sunopsis.sql.DbInt"><![CDATA[16]]></Field>
	<Field name="LastDate" type="java.sql.Timestamp"><![CDATA[2019-12-27 13:08:04.0]]></Field>
	<Field name="LastUser" type="java.lang.String"><![CDATA[SUNOPSIS_INSTALL]]></Field>
</Object>
<Object class="com.sunopsis.dwg.dbobj.SnpProfMeth">
		<Field name="FirstDate" type="java.sql.Timestamp"><![CDATA[2019-12-27 13:08:04.0]]></Field>
	<Field name="FirstUser" type="java.lang.String"><![CDATA[SUNOPSIS_INSTALL]]></Field>
	<Field name="GenericPriv" type="java.lang.String"><![CDATA[0]]></Field>
	<Field name="GlobalId" type="java.lang.String"><![CDATA[4251b6de-a609-3b93-a74c-798d0f83744d]]></Field>
	<Field name="IMeth" type="com.sunopsis.sql.DbInt"><![CDATA[43100]]></Field>
	<Field name="IProf" type="com.sunopsis.sql.DbInt"><![CDATA[16]]></Field>
	<Field name="LastDate" type="java.sql.Timestamp"><![CDATA[2019-12-27 13:08:04.0]]></Field>
	<Field name="LastUser" type="java.lang.String"><![CDATA[SUNOPSIS_INSTALL]]></Field>
</Object>
<Object class="com.sunopsis.dwg.dbobj.SnpProfMeth">
		<Field name="FirstDate" type="java.sql.Timestamp"><![CDATA[2019-12-27 13:08:04.0]]></Field>
	<Field name="FirstUser" type="java.lang.String"><![CDATA[SUNOPSIS_INSTALL]]></Field>
	<Field name="GenericPriv" type="java.lang.String"><![CDATA[0]]></Field>
	<Field name="GlobalId" type="java.lang.String"><![CDATA[aec9539b-d802-3fc0-a3f9-510c179eea84]]></Field>
	<Field name="IMeth" type="com.sunopsis.sql.DbInt"><![CDATA[43200]]></Field>
	<Field name="IProf" type="com.sunopsis.sql.DbInt"><![CDATA[16]]></Field>
	<Field name="LastDate" type="java.sql.Timestamp"><![CDATA[2019-12-27 13:08:04.0]]></Field>
	<Field name="LastUser" type="java.lang.String"><![CDATA[SUNOPSIS_INSTALL]]></Field>
</Object>
<Object class="com.sunopsis.dwg.dbobj.SnpProfMeth">
		<Field name="FirstDate" type="java.sql.Timestamp"><![CDATA[2019-12-27 13:08:04.0]]></Field>
	<Field name="FirstUser" type="java.lang.String"><![CDATA[SUNOPSIS_INSTALL]]></Field>
	<Field name="GenericPriv" type="java.lang.String"><![CDATA[0]]></Field>
	<Field name="GlobalId" type="java.lang.String"><![CDATA[82b5bea3-955b-3be8-91ec-2a8780e7799d]]></Field>
	<Field name="IMeth" type="com.sunopsis.sql.DbInt"><![CDATA[42900]]></Field>
	<Field name="IProf" type="com.sunopsis.sql.DbInt"><![CDATA[16]]></Field>
	<Field name="LastDate" type="java.sql.Timestamp"><![CDATA[2019-12-27 13:08:04.0]]></Field>
	<Field name="LastUser" type="java.lang.String"><![CDATA[SUNOPSIS_INSTALL]]></Field>
</Object>
<Object class="com.sunopsis.dwg.dbobj.SnpProfMeth">
		<Field name="FirstDate" type="java.sql.Timestamp"><![CDATA[2019-12-27 13:08:04.0]]></Field>
	<Field name="FirstUser" type="java.lang.String"><![CDATA[SUNOPSIS_INSTALL]]></Field>
	<Field name="GenericPriv" type="java.lang.String"><![CDATA[0]]></Field>
	<Field name="GlobalId" type="java.lang.String"><![CDATA[a7d72bb8-cf7d-30cb-8d43-9ee66a0e0be9]]></Field>
	<Field name="IMeth" type="com.sunopsis.sql.DbInt"><![CDATA[43000]]></Field>
	<Field name="IProf" type="com.sunopsis.sql.DbInt"><![CDATA[16]]></Field>
	<Field name="LastDate" type="java.sql.Timestamp"><![CDATA[2019-12-27 13:08:04.0]]></Field>
	<Field name="LastUser" type="java.lang.String"><![CDATA[SUNOPSIS_INSTALL]]></Field>
</Object>
<Object class="com.sunopsis.dwg.dbobj.SnpProfMeth">
		<Field name="FirstDate" type="java.sql.Timestamp"><![CDATA[2019-12-27 13:08:04.0]]></Field>
	<Field name="FirstUser" type="java.lang.String"><![CDATA[SUNOPSIS_INSTALL]]></Field>
	<Field name="GenericPriv" type="java.lang.String"><![CDATA[0]]></Field>
	<Field name="GlobalId" type="java.lang.String"><![CDATA[203b4cf1-95db-3dbf-a4d1-dc8938f84782]]></Field>
	<Field name="IMeth" type="com.sunopsis.sql.DbInt"><![CDATA[44000]]></Field>
	<Field name="IProf" type="com.sunopsis.sql.DbInt"><![CDATA[16]]></Field>
	<Field name="LastDate" type="java.sql.Timestamp"><![CDATA[2019-12-27 13:08:04.0]]></Field>
	<Field name="LastUser" type="java.lang.String"><![CDATA[SUNOPSIS_INSTALL]]></Field>
</Object>
<Object class="com.sunopsis.dwg.dbobj.SnpProfMeth">
		<Field name="FirstDate" type="java.sql.Timestamp"><![CDATA[2019-12-27 13:08:04.0]]></Field>
	<Field name="FirstUser" type="java.lang.String"><![CDATA[SUNOPSIS_INSTALL]]></Field>
	<Field name="GenericPriv" type="java.lang.String"><![CDATA[0]]></Field>
	<Field name="GlobalId" type="java.lang.String"><![CDATA[21f7acfe-c18c-39e6-8d6e-304a652d3a0c]]></Field>
	<Field name="IMeth" type="com.sunopsis.sql.DbInt"><![CDATA[42300]]></Field>
	<Field name="IProf" type="com.sunopsis.sql.DbInt"><![CDATA[16]]></Field>
	<Field name="LastDate" type="java.sql.Timestamp"><![CDATA[2019-12-27 13:08:04.0]]></Field>
	<Field name="LastUser" type="java.lang.String"><![CDATA[SUNOPSIS_INSTALL]]></Field>
</Object>
<Object class="com.sunopsis.dwg.dbobj.SnpProfMeth">
		<Field name="FirstDate" type="java.sql.Timestamp"><![CDATA[2019-12-27 13:08:04.0]]></Field>
	<Field name="FirstUser" type="java.lang.String"><![CDATA[SUNOPSIS_INSTALL]]></Field>
	<Field name="GenericPriv" type="java.lang.String"><![CDATA[0]]></Field>
	<Field name="GlobalId" type="java.lang.String"><![CDATA[590e6359-13f8-3132-880a-29b520d005f7]]></Field>
	<Field name="IMeth" type="com.sunopsis.sql.DbInt"><![CDATA[42400]]></Field>
	<Field name="IProf" type="com.sunopsis.sql.DbInt"><![CDATA[16]]></Field>
	<Field name="LastDate" type="java.sql.Timestamp"><![CDATA[2019-12-27 13:08:04.0]]></Field>
	<Field name="LastUser" type="java.lang.String"><![CDATA[SUNOPSIS_INSTALL]]></Field>
</Object>
<Object class="com.sunopsis.dwg.dbobj.SnpProfMeth">
		<Field name="FirstDate" type="java.sql.Timestamp"><![CDATA[2019-12-27 13:08:04.0]]></Field>
	<Field name="FirstUser" type="java.lang.String"><![CDATA[SUNOPSIS_INSTALL]]></Field>
	<Field name="GenericPriv" type="java.lang.String"><![CDATA[0]]></Field>
	<Field name="GlobalId" type="java.lang.String"><![CDATA[7769aa00-efbf-3a4f-b6a5-0a156494786f]]></Field>
	<Field name="IMeth" type="com.sunopsis.sql.DbInt"><![CDATA[42500]]></Field>
	<Field name="IProf" type="com.sunopsis.sql.DbInt"><![CDATA[16]]></Field>
	<Field name="LastDate" type="java.sql.Timestamp"><![CDATA[2019-12-27 13:08:04.0]]></Field>
	<Field name="LastUser" type="java.lang.String"><![CDATA[SUNOPSIS_INSTALL]]></Field>
</Object>
<Object class="com.sunopsis.dwg.dbobj.SnpProfMeth">
		<Field name="FirstDate" type="java.sql.Timestamp"><![CDATA[2019-12-27 13:08:04.0]]></Field>
	<Field name="FirstUser" type="java.lang.String"><![CDATA[SUNOPSIS_INSTALL]]></Field>
	<Field name="GenericPriv" type="java.lang.String"><![CDATA[0]]></Field>
	<Field name="GlobalId" type="java.lang.String"><![CDATA[8c0248fc-1145-3f0e-ada9-7e0a075e98e6]]></Field>
	<Field name="IMeth" type="com.sunopsis.sql.DbInt"><![CDATA[42600]]></Field>
	<Field name="IProf" type="com.sunopsis.sql.DbInt"><![CDATA[16]]></Field>
	<Field name="LastDate" type="java.sql.Timestamp"><![CDATA[2019-12-27 13:08:04.0]]></Field>
	<Field name="LastUser" type="java.lang.String"><![CDATA[SUNOPSIS_INSTALL]]></Field>
</Object>
<Object class="com.sunopsis.dwg.dbobj.SnpProfMeth">
		<Field name="FirstDate" type="java.sql.Timestamp"><![CDATA[2019-12-27 13:08:04.0]]></Field>
	<Field name="FirstUser" type="java.lang.String"><![CDATA[SUNOPSIS_INSTALL]]></Field>
	<Field name="GenericPriv" type="java.lang.String"><![CDATA[0]]></Field>
	<Field name="GlobalId" type="java.lang.String"><![CDATA[4987074c-d57b-33be-bf6a-fe7aecc58493]]></Field>
	<Field name="IMeth" type="com.sunopsis.sql.DbInt"><![CDATA[43600]]></Field>
	<Field name="IProf" type="com.sunopsis.sql.DbInt"><![CDATA[16]]></Field>
	<Field name="LastDate" type="java.sql.Timestamp"><![CDATA[2019-12-27 13:08:04.0]]></Field>
	<Field name="LastUser" type="java.lang.String"><![CDATA[SUNOPSIS_INSTALL]]></Field>
</Object>
<Object class="com.sunopsis.dwg.dbobj.SnpProfMeth">
		<Field name="FirstDate" type="java.sql.Timestamp"><![CDATA[2019-12-27 13:08:04.0]]></Field>
	<Field name="FirstUser" type="java.lang.String"><![CDATA[SUNOPSIS_INSTALL]]></Field>
	<Field name="GenericPriv" type="java.lang.String"><![CDATA[0]]></Field>
	<Field name="GlobalId" type="java.lang.String"><![CDATA[45441b12-ba36-3dbe-9166-e8e7ebf1882a]]></Field>
	<Field name="IMeth" type="com.sunopsis.sql.DbInt"><![CDATA[43300]]></Field>
	<Field name="IProf" type="com.sunopsis.sql.DbInt"><![CDATA[16]]></Field>
	<Field name="LastDate" type="java.sql.Timestamp"><![CDATA[2019-12-27 13:08:04.0]]></Field>
	<Field name="LastUser" type="java.lang.String"><![CDATA[SUNOPSIS_INSTALL]]></Field>
</Object>
<Object class="com.sunopsis.dwg.dbobj.SnpProfMeth">
		<Field name="FirstDate" type="java.sql.Timestamp"><![CDATA[2019-12-27 13:08:04.0]]></Field>
	<Field name="FirstUser" type="java.lang.String"><![CDATA[SUNOPSIS_INSTALL]]></Field>
	<Field name="GenericPriv" type="java.lang.String"><![CDATA[0]]></Field>
	<Field name="GlobalId" type="java.lang.String"><![CDATA[5970674c-b06a-32e1-bdd6-48b3aff63450]]></Field>
	<Field name="IMeth" type="com.sunopsis.sql.DbInt"><![CDATA[43400]]></Field>
	<Field name="IProf" type="com.sunopsis.sql.DbInt"><![CDATA[16]]></Field>
	<Field name="LastDate" type="java.sql.Timestamp"><![CDATA[2019-12-27 13:08:04.0]]></Field>
	<Field name="LastUser" type="java.lang.String"><![CDATA[SUNOPSIS_INSTALL]]></Field>
</Object>
<Object class="com.sunopsis.dwg.dbobj.SnpProfMeth">
		<Field name="FirstDate" type="java.sql.Timestamp"><![CDATA[2019-12-27 13:08:04.0]]></Field>
	<Field name="FirstUser" type="java.lang.String"><![CDATA[SUNOPSIS_INSTALL]]></Field>
	<Field name="GenericPriv" type="java.lang.String"><![CDATA[0]]></Field>
	<Field name="GlobalId" type="java.lang.String"><![CDATA[c20405d5-74ff-3f6d-bccf-d980552fb75e]]></Field>
	<Field name="IMeth" type="com.sunopsis.sql.DbInt"><![CDATA[42700]]></Field>
	<Field name="IProf" type="com.sunopsis.sql.DbInt"><![CDATA[16]]></Field>
	<Field name="LastDate" type="java.sql.Timestamp"><![CDATA[2019-12-27 13:08:04.0]]></Field>
	<Field name="LastUser" type="java.lang.String"><![CDATA[SUNOPSIS_INSTALL]]></Field>
</Object>
<Object class="com.sunopsis.dwg.dbobj.SnpProfMeth">
		<Field name="FirstDate" type="java.sql.Timestamp"><![CDATA[2019-12-27 13:08:04.0]]></Field>
	<Field name="FirstUser" type="java.lang.String"><![CDATA[SUNOPSIS_INSTALL]]></Field>
	<Field name="GenericPriv" type="java.lang.String"><![CDATA[0]]></Field>
	<Field name="GlobalId" type="java.lang.String"><![CDATA[e61d4944-8c8e-3ec1-ac7f-1867670e7616]]></Field>
	<Field name="IMeth" type="com.sunopsis.sql.DbInt"><![CDATA[42800]]></Field>
	<Field name="IProf" type="com.sunopsis.sql.DbInt"><![CDATA[16]]></Field>
	<Field name="LastDate" type="java.sql.Timestamp"><![CDATA[2019-12-27 13:08:04.0]]></Field>
	<Field name="LastUser" type="java.lang.String"><![CDATA[SUNOPSIS_INSTALL]]></Field>
</Object>
<Object class="com.sunopsis.dwg.dbobj.SnpProfMeth">
		<Field name="FirstDate" type="java.sql.Timestamp"><![CDATA[2019-12-27 13:08:04.0]]></Field>
	<Field name="FirstUser" type="java.lang.String"><![CDATA[SUNOPSIS_INSTALL]]></Field>
	<Field name="GenericPriv" type="java.lang.String"><![CDATA[0]]></Field>
	<Field name="GlobalId" type="java.lang.String"><![CDATA[c3f5dd32-c36b-3eb0-ada1-ab00aab0650d]]></Field>
	<Field name="IMeth" type="com.sunopsis.sql.DbInt"><![CDATA[44200]]></Field>
	<Field name="IProf" type="com.sunopsis.sql.DbInt"><![CDATA[16]]></Field>
	<Field name="LastDate" type="java.sql.Timestamp"><![CDATA[2019-12-27 13:08:04.0]]></Field>
	<Field name="LastUser" type="java.lang.String"><![CDATA[SUNOPSIS_INSTALL]]></Field>
</Object>
<Object class="com.sunopsis.dwg.dbobj.SnpProfMeth">
		<Field name="FirstDate" type="java.sql.Timestamp"><![CDATA[2019-12-27 13:08:04.0]]></Field>
	<Field name="FirstUser" type="java.lang.String"><![CDATA[SUNOPSIS_INSTALL]]></Field>
	<Field name="GenericPriv" type="java.lang.String"><![CDATA[0]]></Field>
	<Field name="GlobalId" type="java.lang.String"><![CDATA[561d5db2-0d2a-385d-9685-cef735c09280]]></Field>
	<Field name="IMeth" type="com.sunopsis.sql.DbInt"><![CDATA[43700]]></Field>
	<Field name="IProf" type="com.sunopsis.sql.DbInt"><![CDATA[16]]></Field>
	<Field name="LastDate" type="java.sql.Timestamp"><![CDATA[2019-12-27 13:08:04.0]]></Field>
	<Field name="LastUser" type="java.lang.String"><![CDATA[SUNOPSIS_INSTALL]]></Field>
</Object>
<Object class="com.sunopsis.dwg.dbobj.SnpProfMeth">
		<Field name="FirstDate" type="java.sql.Timestamp"><![CDATA[2019-12-27 13:08:04.0]]></Field>
	<Field name="FirstUser" type="java.lang.String"><![CDATA[SUNOPSIS_INSTALL]]></Field>
	<Field name="GenericPriv" type="java.lang.String"><![CDATA[0]]></Field>
	<Field name="GlobalId" type="java.lang.String"><![CDATA[466b61bb-efaa-3e67-b5a1-5715a6d9e1f6]]></Field>
	<Field name="IMeth" type="com.sunopsis.sql.DbInt"><![CDATA[43800]]></Field>
	<Field name="IProf" type="com.sunopsis.sql.DbInt"><![CDATA[16]]></Field>
	<Field name="LastDate" type="java.sql.Timestamp"><![CDATA[2019-12-27 13:08:04.0]]></Field>
	<Field name="LastUser" type="java.lang.String"><![CDATA[SUNOPSIS_INSTALL]]></Field>
</Object>
<Object class="com.sunopsis.dwg.dbobj.SnpProfMeth">
		<Field name="FirstDate" type="java.sql.Timestamp"><![CDATA[2019-12-27 13:08:04.0]]></Field>
	<Field name="FirstUser" type="java.lang.String"><![CDATA[SUNOPSIS_INSTALL]]></Field>
	<Field name="GenericPriv" type="java.lang.String"><![CDATA[0]]></Field>
	<Field name="GlobalId" type="java.lang.String"><![CDATA[ffc24dbe-097e-32bd-8f0a-37adacb73e7d]]></Field>
	<Field name="IMeth" type="com.sunopsis.sql.DbInt"><![CDATA[41100]]></Field>
	<Field name="IProf" type="com.sunopsis.sql.DbInt"><![CDATA[16]]></Field>
	<Field name="LastDate" type="java.sql.Timestamp"><![CDATA[2019-12-27 13:08:04.0]]></Field>
	<Field name="LastUser" type="java.lang.String"><![CDATA[SUNOPSIS_INSTALL]]></Field>
</Object>
<Object class="com.sunopsis.dwg.dbobj.SnpProfMeth">
		<Field name="FirstDate" type="java.sql.Timestamp"><![CDATA[2019-12-27 13:08:04.0]]></Field>
	<Field name="FirstUser" type="java.lang.String"><![CDATA[SUNOPSIS_INSTALL]]></Field>
	<Field name="GenericPriv" type="java.lang.String"><![CDATA[0]]></Field>
	<Field name="GlobalId" type="java.lang.String"><![CDATA[36ed23c7-8c58-3287-a37b-5c767da70e6d]]></Field>
	<Field name="IMeth" type="com.sunopsis.sql.DbInt"><![CDATA[41200]]></Field>
	<Field name="IProf" type="com.sunopsis.sql.DbInt"><![CDATA[16]]></Field>
	<Field name="LastDate" type="java.sql.Timestamp"><![CDATA[2019-12-27 13:08:04.0]]></Field>
	<Field name="LastUser" type="java.lang.String"><![CDATA[SUNOPSIS_INSTALL]]></Field>
</Object>
<Object class="com.sunopsis.dwg.dbobj.SnpProfMeth">
		<Field name="FirstDate" type="java.sql.Timestamp"><![CDATA[2019-12-27 13:08:04.0]]></Field>
	<Field name="FirstUser" type="java.lang.String"><![CDATA[SUNOPSIS_INSTALL]]></Field>
	<Field name="GenericPriv" type="java.lang.String"><![CDATA[0]]></Field>
	<Field name="GlobalId" type="java.lang.String"><![CDATA[1da8bb1b-474f-3005-b3ba-62b589e005b0]]></Field>
	<Field name="IMeth" type="com.sunopsis.sql.DbInt"><![CDATA[41400]]></Field>
	<Field name="IProf" type="com.sunopsis.sql.DbInt"><![CDATA[16]]></Field>
	<Field name="LastDate" type="java.sql.Timestamp"><![CDATA[2019-12-27 13:08:04.0]]></Field>
	<Field name="LastUser" type="java.lang.String"><![CDATA[SUNOPSIS_INSTALL]]></Field>
</Object>
<Object class="com.sunopsis.dwg.dbobj.SnpProfMeth">
		<Field name="FirstDate" type="java.sql.Timestamp"><![CDATA[2019-12-27 13:08:04.0]]></Field>
	<Field name="FirstUser" type="java.lang.String"><![CDATA[SUNOPSIS_INSTALL]]></Field>
	<Field name="GenericPriv" type="java.lang.String"><![CDATA[0]]></Field>
	<Field name="GlobalId" type="java.lang.String"><![CDATA[b9b9844e-17b7-3b57-ae7d-500dbc846a10]]></Field>
	<Field name="IMeth" type="com.sunopsis.sql.DbInt"><![CDATA[41500]]></Field>
	<Field name="IProf" type="com.sunopsis.sql.DbInt"><![CDATA[16]]></Field>
	<Field name="LastDate" type="java.sql.Timestamp"><![CDATA[2019-12-27 13:08:04.0]]></Field>
	<Field name="LastUser" type="java.lang.String"><![CDATA[SUNOPSIS_INSTALL]]></Field>
</Object>
<Object class="com.sunopsis.dwg.dbobj.SnpProfMeth">
		<Field name="FirstDate" type="java.sql.Timestamp"><![CDATA[2019-12-27 13:08:04.0]]></Field>
	<Field name="FirstUser" type="java.lang.String"><![CDATA[SUNOPSIS_INSTALL]]></Field>
	<Field name="GenericPriv" type="java.lang.String"><![CDATA[0]]></Field>
	<Field name="GlobalId" type="java.lang.String"><![CDATA[804a15b3-8ed1-3ff4-81fa-5c7386a5e90d]]></Field>
	<Field name="IMeth" type="com.sunopsis.sql.DbInt"><![CDATA[41600]]></Field>
	<Field name="IProf" type="com.sunopsis.sql.DbInt"><![CDATA[16]]></Field>
	<Field name="LastDate" type="java.sql.Timestamp"><![CDATA[2019-12-27 13:08:04.0]]></Field>
	<Field name="LastUser" type="java.lang.String"><![CDATA[SUNOPSIS_INSTALL]]></Field>
</Object>
<Object class="com.sunopsis.dwg.dbobj.SnpProfMeth">
		<Field name="FirstDate" type="java.sql.Timestamp"><![CDATA[2019-12-27 13:08:04.0]]></Field>
	<Field name="FirstUser" type="java.lang.String"><![CDATA[SUNOPSIS_INSTALL]]></Field>
	<Field name="GenericPriv" type="java.lang.String"><![CDATA[0]]></Field>
	<Field name="GlobalId" type="java.lang.String"><![CDATA[d6c7a2e7-4536-38e5-afa3-9fedd8a85451]]></Field>
	<Field name="IMeth" type="com.sunopsis.sql.DbInt"><![CDATA[46700]]></Field>
	<Field name="IProf" type="com.sunopsis.sql.DbInt"><![CDATA[16]]></Field>
	<Field name="LastDate" type="java.sql.Timestamp"><![CDATA[2019-12-27 13:08:04.0]]></Field>
	<Field name="LastUser" type="java.lang.String"><![CDATA[SUNOPSIS_INSTALL]]></Field>
</Object>
<Object class="com.sunopsis.dwg.dbobj.SnpProfMeth">
		<Field name="FirstDate" type="java.sql.Timestamp"><![CDATA[2019-12-27 13:08:04.0]]></Field>
	<Field name="FirstUser" type="java.lang.String"><![CDATA[SUNOPSIS_INSTALL]]></Field>
	<Field name="GenericPriv" type="java.lang.String"><![CDATA[0]]></Field>
	<Field name="GlobalId" type="java.lang.String"><![CDATA[d0ebefbd-5cdd-3229-9502-2f08e02560ee]]></Field>
	<Field name="IMeth" type="com.sunopsis.sql.DbInt"><![CDATA[46800]]></Field>
	<Field name="IProf" type="com.sunopsis.sql.DbInt"><![CDATA[16]]></Field>
	<Field name="LastDate" type="java.sql.Timestamp"><![CDATA[2019-12-27 13:08:04.0]]></Field>
	<Field name="LastUser" type="java.lang.String"><![CDATA[SUNOPSIS_INSTALL]]></Field>
</Object>
<Object class="com.sunopsis.dwg.dbobj.SnpProfMeth">
		<Field name="FirstDate" type="java.sql.Timestamp"><![CDATA[2019-12-27 13:08:04.0]]></Field>
	<Field name="FirstUser" type="java.lang.String"><![CDATA[SUNOPSIS_INSTALL]]></Field>
	<Field name="GenericPriv" type="java.lang.String"><![CDATA[0]]></Field>
	<Field name="GlobalId" type="java.lang.String"><![CDATA[b6997af9-07ee-38fe-941d-c47b51baec4c]]></Field>
	<Field name="IMeth" type="com.sunopsis.sql.DbInt"><![CDATA[43900]]></Field>
	<Field name="IProf" type="com.sunopsis.sql.DbInt"><![CDATA[16]]></Field>
	<Field name="LastDate" type="java.sql.Timestamp"><![CDATA[2019-12-27 13:08:04.0]]></Field>
	<Field name="LastUser" type="java.lang.String"><![CDATA[SUNOPSIS_INSTALL]]></Field>
</Object>
<Object class="com.sunopsis.dwg.dbobj.SnpProfMeth">
		<Field name="FirstDate" type="java.sql.Timestamp"><![CDATA[2019-12-27 13:08:04.0]]></Field>
	<Field name="FirstUser" type="java.lang.String"><![CDATA[SUNOPSIS_INSTALL]]></Field>
	<Field name="GenericPriv" type="java.lang.String"><![CDATA[0]]></Field>
	<Field name="GlobalId" type="java.lang.String"><![CDATA[99a5975f-fda4-3f7a-927a-0413632c5078]]></Field>
	<Field name="IMeth" type="com.sunopsis.sql.DbInt"><![CDATA[43500]]></Field>
	<Field name="IProf" type="com.sunopsis.sql.DbInt"><![CDATA[16]]></Field>
	<Field name="LastDate" type="java.sql.Timestamp"><![CDATA[2019-12-27 13:08:04.0]]></Field>
	<Field name="LastUser" type="java.lang.String"><![CDATA[SUNOPSIS_INSTALL]]></Field>
</Object>
<Object class="com.sunopsis.dwg.dbobj.SnpProfMeth">
		<Field name="FirstDate" type="java.sql.Timestamp"><![CDATA[2019-12-27 13:08:04.0]]></Field>
	<Field name="FirstUser" type="java.lang.String"><![CDATA[SUNOPSIS_INSTALL]]></Field>
	<Field name="GenericPriv" type="java.lang.String"><![CDATA[0]]></Field>
	<Field name="GlobalId" type="java.lang.String"><![CDATA[e2de33e8-8fd5-32ae-a767-0bb33243fdd4]]></Field>
	<Field name="IMeth" type="com.sunopsis.sql.DbInt"><![CDATA[44100]]></Field>
	<Field name="IProf" type="com.sunopsis.sql.DbInt"><![CDATA[16]]></Field>
	<Field name="LastDate" type="java.sql.Timestamp"><![CDATA[2019-12-27 13:08:04.0]]></Field>
	<Field name="LastUser" type="java.lang.String"><![CDATA[SUNOPSIS_INSTALL]]></Field>
</Object>
<Object class="com.sunopsis.dwg.dbobj.SnpProfMeth">
		<Field name="FirstDate" type="java.sql.Timestamp"><![CDATA[2019-12-27 13:08:04.0]]></Field>
	<Field name="FirstUser" type="java.lang.String"><![CDATA[SUNOPSIS_INSTALL]]></Field>
	<Field name="GenericPriv" type="java.lang.String"><![CDATA[0]]></Field>
	<Field name="GlobalId" type="java.lang.String"><![CDATA[f0b6a896-e61e-3440-b339-4876008c2151]]></Field>
	<Field name="IMeth" type="com.sunopsis.sql.DbInt"><![CDATA[46900]]></Field>
	<Field name="IProf" type="com.sunopsis.sql.DbInt"><![CDATA[16]]></Field>
	<Field name="LastDate" type="java.sql.Timestamp"><![CDATA[2019-12-27 13:08:04.0]]></Field>
	<Field name="LastUser" type="java.lang.String"><![CDATA[SUNOPSIS_INSTALL]]></Field>
</Object>
<Object class="com.sunopsis.dwg.dbobj.SnpProfMeth">
		<Field name="FirstDate" type="java.sql.Timestamp"><![CDATA[2019-12-27 13:08:04.0]]></Field>
	<Field name="FirstUser" type="java.lang.String"><![CDATA[SUNOPSIS_INSTALL]]></Field>
	<Field name="GenericPriv" type="java.lang.String"><![CDATA[0]]></Field>
	<Field name="GlobalId" type="java.lang.String"><![CDATA[b8c5a77c-165d-3638-a8af-352f67bd9fa3]]></Field>
	<Field name="IMeth" type="com.sunopsis.sql.DbInt"><![CDATA[57600]]></Field>
	<Field name="IProf" type="com.sunopsis.sql.DbInt"><![CDATA[16]]></Field>
	<Field name="LastDate" type="java.sql.Timestamp"><![CDATA[2019-12-27 13:08:04.0]]></Field>
	<Field name="LastUser" type="java.lang.String"><![CDATA[SUNOPSIS_INSTALL]]></Field>
</Object>
<Object class="com.sunopsis.dwg.dbobj.SnpProfMeth">
		<Field name="FirstDate" type="java.sql.Timestamp"><![CDATA[2019-12-27 13:08:04.0]]></Field>
	<Field name="FirstUser" type="java.lang.String"><![CDATA[SUNOPSIS_INSTALL]]></Field>
	<Field name="GenericPriv" type="java.lang.String"><![CDATA[0]]></Field>
	<Field name="GlobalId" type="java.lang.String"><![CDATA[8e40e88e-8978-3909-a179-ec91ea18ae4f]]></Field>
	<Field name="IMeth" type="com.sunopsis.sql.DbInt"><![CDATA[49500]]></Field>
	<Field name="IProf" type="com.sunopsis.sql.DbInt"><![CDATA[16]]></Field>
	<Field name="LastDate" type="java.sql.Timestamp"><![CDATA[2019-12-27 13:08:04.0]]></Field>
	<Field name="LastUser" type="java.lang.String"><![CDATA[SUNOPSIS_INSTALL]]></Field>
</Object>
<Object class="com.sunopsis.dwg.dbobj.SnpProfMeth">
		<Field name="FirstDate" type="java.sql.Timestamp"><![CDATA[2019-12-27 13:08:04.0]]></Field>
	<Field name="FirstUser" type="java.lang.String"><![CDATA[SUNOPSIS_INSTALL]]></Field>
	<Field name="GenericPriv" type="java.lang.String"><![CDATA[0]]></Field>
	<Field name="GlobalId" type="java.lang.String"><![CDATA[65b3342e-6ca4-321d-ac1d-5fc0d0a2eeca]]></Field>
	<Field name="IMeth" type="com.sunopsis.sql.DbInt"><![CDATA[49600]]></Field>
	<Field name="IProf" type="com.sunopsis.sql.DbInt"><![CDATA[16]]></Field>
	<Field name="LastDate" type="java.sql.Timestamp"><![CDATA[2019-12-27 13:08:04.0]]></Field>
	<Field name="LastUser" type="java.lang.String"><![CDATA[SUNOPSIS_INSTALL]]></Field>
</Object>
<Object class="com.sunopsis.dwg.dbobj.SnpProfMeth">
		<Field name="FirstDate" type="java.sql.Timestamp"><![CDATA[2019-12-27 13:08:04.0]]></Field>
	<Field name="FirstUser" type="java.lang.String"><![CDATA[SUNOPSIS_INSTALL]]></Field>
	<Field name="GenericPriv" type="java.lang.String"><![CDATA[0]]></Field>
	<Field name="GlobalId" type="java.lang.String"><![CDATA[0a640f56-0385-38d5-892e-daa7703eca74]]></Field>
	<Field name="IMeth" type="com.sunopsis.sql.DbInt"><![CDATA[49800]]></Field>
	<Field name="IProf" type="com.sunopsis.sql.DbInt"><![CDATA[16]]></Field>
	<Field name="LastDate" type="java.sql.Timestamp"><![CDATA[2019-12-27 13:08:04.0]]></Field>
	<Field name="LastUser" type="java.lang.String"><![CDATA[SUNOPSIS_INSTALL]]></Field>
</Object>
<Object class="com.sunopsis.dwg.dbobj.SnpProfMeth">
		<Field name="FirstDate" type="java.sql.Timestamp"><![CDATA[2019-12-27 13:08:04.0]]></Field>
	<Field name="FirstUser" type="java.lang.String"><![CDATA[SUNOPSIS_INSTALL]]></Field>
	<Field name="GenericPriv" type="java.lang.String"><![CDATA[0]]></Field>
	<Field name="GlobalId" type="java.lang.String"><![CDATA[6c15113b-e09f-374a-a8a6-aea3c953f707]]></Field>
	<Field name="IMeth" type="com.sunopsis.sql.DbInt"><![CDATA[49900]]></Field>
	<Field name="IProf" type="com.sunopsis.sql.DbInt"><![CDATA[16]]></Field>
	<Field name="LastDate" type="java.sql.Timestamp"><![CDATA[2019-12-27 13:08:04.0]]></Field>
	<Field name="LastUser" type="java.lang.String"><![CDATA[SUNOPSIS_INSTALL]]></Field>
</Object>
<Object class="com.sunopsis.dwg.dbobj.SnpProfMeth">
		<Field name="FirstDate" type="java.sql.Timestamp"><![CDATA[2019-12-27 13:08:04.0]]></Field>
	<Field name="FirstUser" type="java.lang.String"><![CDATA[SUNOPSIS_INSTALL]]></Field>
	<Field name="GenericPriv" type="java.lang.String"><![CDATA[0]]></Field>
	<Field name="GlobalId" type="java.lang.String"><![CDATA[9e1c8c2d-5efe-38fe-b416-1befbff22ea5]]></Field>
	<Field name="IMeth" type="com.sunopsis.sql.DbInt"><![CDATA[51800]]></Field>
	<Field name="IProf" type="com.sunopsis.sql.DbInt"><![CDATA[16]]></Field>
	<Field name="LastDate" type="java.sql.Timestamp"><![CDATA[2019-12-27 13:08:04.0]]></Field>
	<Field name="LastUser" type="java.lang.String"><![CDATA[SUNOPSIS_INSTALL]]></Field>
</Object>
<Object class="com.sunopsis.dwg.dbobj.SnpProfMeth">
		<Field name="FirstDate" type="java.sql.Timestamp"><![CDATA[2019-12-27 13:08:04.0]]></Field>
	<Field name="FirstUser" type="java.lang.String"><![CDATA[SUNOPSIS_INSTALL]]></Field>
	<Field name="GenericPriv" type="java.lang.String"><![CDATA[0]]></Field>
	<Field name="GlobalId" type="java.lang.String"><![CDATA[2b4a900d-45fa-3d41-8bcf-89f0471f49e1]]></Field>
	<Field name="IMeth" type="com.sunopsis.sql.DbInt"><![CDATA[60600]]></Field>
	<Field name="IProf" type="com.sunopsis.sql.DbInt"><![CDATA[16]]></Field>
	<Field name="LastDate" type="java.sql.Timestamp"><![CDATA[2019-12-27 13:08:04.0]]></Field>
	<Field name="LastUser" type="java.lang.String"><![CDATA[SUNOPSIS_INSTALL]]></Field>
</Object>
<Object class="com.sunopsis.dwg.dbobj.SnpProfMeth">
		<Field name="FirstDate" type="java.sql.Timestamp"><![CDATA[2019-12-27 13:08:04.0]]></Field>
	<Field name="FirstUser" type="java.lang.String"><![CDATA[SUNOPSIS_INSTALL]]></Field>
	<Field name="GenericPriv" type="java.lang.String"><![CDATA[0]]></Field>
	<Field name="GlobalId" type="java.lang.String"><![CDATA[c4570427-f587-3f71-94ef-7b9b7f91fbf7]]></Field>
	<Field name="IMeth" type="com.sunopsis.sql.DbInt"><![CDATA[60800]]></Field>
	<Field name="IProf" type="com.sunopsis.sql.DbInt"><![CDATA[16]]></Field>
	<Field name="LastDate" type="java.sql.Timestamp"><![CDATA[2019-12-27 13:08:04.0]]></Field>
	<Field name="LastUser" type="java.lang.String"><![CDATA[SUNOPSIS_INSTALL]]></Field>
</Object>
<Object class="com.sunopsis.dwg.dbobj.SnpProfMeth">
		<Field name="FirstDate" type="java.sql.Timestamp"><![CDATA[2019-12-27 13:08:04.0]]></Field>
	<Field name="FirstUser" type="java.lang.String"><![CDATA[SUNOPSIS_INSTALL]]></Field>
	<Field name="GenericPriv" type="java.lang.String"><![CDATA[0]]></Field>
	<Field name="GlobalId" type="java.lang.String"><![CDATA[c298a41a-d205-3394-baca-9d00c1610bab]]></Field>
	<Field name="IMeth" type="com.sunopsis.sql.DbInt"><![CDATA[56800]]></Field>
	<Field name="IProf" type="com.sunopsis.sql.DbInt"><![CDATA[16]]></Field>
	<Field name="LastDate" type="java.sql.Timestamp"><![CDATA[2019-12-27 13:08:04.0]]></Field>
	<Field name="LastUser" type="java.lang.String"><![CDATA[SUNOPSIS_INSTALL]]></Field>
</Object>
<Object class="com.sunopsis.dwg.dbobj.SnpProfMeth">
		<Field name="FirstDate" type="java.sql.Timestamp"><![CDATA[2019-12-27 13:08:04.0]]></Field>
	<Field name="FirstUser" type="java.lang.String"><![CDATA[SUNOPSIS_INSTALL]]></Field>
	<Field name="GenericPriv" type="java.lang.String"><![CDATA[0]]></Field>
	<Field name="GlobalId" type="java.lang.String"><![CDATA[f97cb195-356e-3599-8088-e427998530e4]]></Field>
	<Field name="IMeth" type="com.sunopsis.sql.DbInt"><![CDATA[56900]]></Field>
	<Field name="IProf" type="com.sunopsis.sql.DbInt"><![CDATA[16]]></Field>
	<Field name="LastDate" type="java.sql.Timestamp"><![CDATA[2019-12-27 13:08:04.0]]></Field>
	<Field name="LastUser" type="java.lang.String"><![CDATA[SUNOPSIS_INSTALL]]></Field>
</Object>
<Object class="com.sunopsis.dwg.dbobj.SnpProfMeth">
		<Field name="FirstDate" type="java.sql.Timestamp"><![CDATA[2019-12-27 13:08:04.0]]></Field>
	<Field name="FirstUser" type="java.lang.String"><![CDATA[SUNOPSIS_INSTALL]]></Field>
	<Field name="GenericPriv" type="java.lang.String"><![CDATA[0]]></Field>
	<Field name="GlobalId" type="java.lang.String"><![CDATA[cf58dcf7-e9ad-3c99-ba1f-012df016ea1d]]></Field>
	<Field name="IMeth" type="com.sunopsis.sql.DbInt"><![CDATA[57200]]></Field>
	<Field name="IProf" type="com.sunopsis.sql.DbInt"><![CDATA[16]]></Field>
	<Field name="LastDate" type="java.sql.Timestamp"><![CDATA[2019-12-27 13:08:04.0]]></Field>
	<Field name="LastUser" type="java.lang.String"><![CDATA[SUNOPSIS_INSTALL]]></Field>
</Object>
<Object class="com.sunopsis.dwg.dbobj.SnpProfMeth">
		<Field name="FirstDate" type="java.sql.Timestamp"><![CDATA[2019-12-27 13:08:04.0]]></Field>
	<Field name="FirstUser" type="java.lang.String"><![CDATA[SUNOPSIS_INSTALL]]></Field>
	<Field name="GenericPriv" type="java.lang.String"><![CDATA[0]]></Field>
	<Field name="GlobalId" type="java.lang.String"><![CDATA[4f622fc8-48ee-3f24-8042-09ad65187259]]></Field>
	<Field name="IMeth" type="com.sunopsis.sql.DbInt"><![CDATA[57100]]></Field>
	<Field name="IProf" type="com.sunopsis.sql.DbInt"><![CDATA[16]]></Field>
	<Field name="LastDate" type="java.sql.Timestamp"><![CDATA[2019-12-27 13:08:04.0]]></Field>
	<Field name="LastUser" type="java.lang.String"><![CDATA[SUNOPSIS_INSTALL]]></Field>
</Object>
<Object class="com.sunopsis.dwg.dbobj.SnpProfMeth">
		<Field name="FirstDate" type="java.sql.Timestamp"><![CDATA[2019-12-27 13:08:04.0]]></Field>
	<Field name="FirstUser" type="java.lang.String"><![CDATA[SUNOPSIS_INSTALL]]></Field>
	<Field name="GenericPriv" type="java.lang.String"><![CDATA[0]]></Field>
	<Field name="GlobalId" type="java.lang.String"><![CDATA[df62a8e3-7981-3bfe-85b9-dc613beea58c]]></Field>
	<Field name="IMeth" type="com.sunopsis.sql.DbInt"><![CDATA[57500]]></Field>
	<Field name="IProf" type="com.sunopsis.sql.DbInt"><![CDATA[16]]></Field>
	<Field name="LastDate" type="java.sql.Timestamp"><![CDATA[2019-12-27 13:08:04.0]]></Field>
	<Field name="LastUser" type="java.lang.String"><![CDATA[SUNOPSIS_INSTALL]]></Field>
</Object>
<Object class="com.sunopsis.dwg.dbobj.SnpProfMeth">
		<Field name="FirstDate" type="java.sql.Timestamp"><![CDATA[2019-12-27 13:08:04.0]]></Field>
	<Field name="FirstUser" type="java.lang.String"><![CDATA[SUNOPSIS_INSTALL]]></Field>
	<Field name="GenericPriv" type="java.lang.String"><![CDATA[0]]></Field>
	<Field name="GlobalId" type="java.lang.String"><![CDATA[9651b41e-80ae-33b1-848b-ca7a55b10378]]></Field>
	<Field name="IMeth" type="com.sunopsis.sql.DbInt"><![CDATA[57700]]></Field>
	<Field name="IProf" type="com.sunopsis.sql.DbInt"><![CDATA[16]]></Field>
	<Field name="LastDate" type="java.sql.Timestamp"><![CDATA[2019-12-27 13:08:04.0]]></Field>
	<Field name="LastUser" type="java.lang.String"><![CDATA[SUNOPSIS_INSTALL]]></Field>
</Object>
<Object class="com.sunopsis.dwg.dbobj.SnpProfMeth">
		<Field name="FirstDate" type="java.sql.Timestamp"><![CDATA[2019-12-27 13:08:04.0]]></Field>
	<Field name="FirstUser" type="java.lang.String"><![CDATA[SUNOPSIS_INSTALL]]></Field>
	<Field name="GenericPriv" type="java.lang.String"><![CDATA[0]]></Field>
	<Field name="GlobalId" type="java.lang.String"><![CDATA[081d3b98-0c21-384e-a9b9-411cd2dcf47a]]></Field>
	<Field name="IMeth" type="com.sunopsis.sql.DbInt"><![CDATA[57300]]></Field>
	<Field name="IProf" type="com.sunopsis.sql.DbInt"><![CDATA[16]]></Field>
	<Field name="LastDate" type="java.sql.Timestamp"><![CDATA[2019-12-27 13:08:04.0]]></Field>
	<Field name="LastUser" type="java.lang.String"><![CDATA[SUNOPSIS_INSTALL]]></Field>
</Object>
<Object class="com.sunopsis.dwg.dbobj.SnpProfMeth">
		<Field name="FirstDate" type="java.sql.Timestamp"><![CDATA[2019-12-27 13:08:04.0]]></Field>
	<Field name="FirstUser" type="java.lang.String"><![CDATA[SUNOPSIS_INSTALL]]></Field>
	<Field name="GenericPriv" type="java.lang.String"><![CDATA[0]]></Field>
	<Field name="GlobalId" type="java.lang.String"><![CDATA[02ad9167-303f-3996-90a5-f22cb11cba3e]]></Field>
	<Field name="IMeth" type="com.sunopsis.sql.DbInt"><![CDATA[57400]]></Field>
	<Field name="IProf" type="com.sunopsis.sql.DbInt"><![CDATA[16]]></Field>
	<Field name="LastDate" type="java.sql.Timestamp"><![CDATA[2019-12-27 13:08:04.0]]></Field>
	<Field name="LastUser" type="java.lang.String"><![CDATA[SUNOPSIS_INSTALL]]></Field>
</Object>
<Object class="com.sunopsis.dwg.dbobj.SnpProfMeth">
		<Field name="FirstDate" type="java.sql.Timestamp"><![CDATA[2019-12-27 13:08:04.0]]></Field>
	<Field name="FirstUser" type="java.lang.String"><![CDATA[SUNOPSIS_INSTALL]]></Field>
	<Field name="GenericPriv" type="java.lang.String"><![CDATA[0]]></Field>
	<Field name="GlobalId" type="java.lang.String"><![CDATA[00941063-6ef0-3121-b8ba-c8db17211903]]></Field>
	<Field name="IMeth" type="com.sunopsis.sql.DbInt"><![CDATA[57800]]></Field>
	<Field name="IProf" type="com.sunopsis.sql.DbInt"><![CDATA[16]]></Field>
	<Field name="LastDate" type="java.sql.Timestamp"><![CDATA[2019-12-27 13:08:04.0]]></Field>
	<Field name="LastUser" type="java.lang.String"><![CDATA[SUNOPSIS_INSTALL]]></Field>
</Object>
<Object class="com.sunopsis.dwg.dbobj.SnpProfMeth">
		<Field name="FirstDate" type="java.sql.Timestamp"><![CDATA[2019-12-27 13:08:04.0]]></Field>
	<Field name="FirstUser" type="java.lang.String"><![CDATA[SUNOPSIS_INSTALL]]></Field>
	<Field name="GenericPriv" type="java.lang.String"><![CDATA[0]]></Field>
	<Field name="GlobalId" type="java.lang.String"><![CDATA[d69e382e-a449-3de7-867a-cb82203bffc0]]></Field>
	<Field name="IMeth" type="com.sunopsis.sql.DbInt"><![CDATA[58000]]></Field>
	<Field name="IProf" type="com.sunopsis.sql.DbInt"><![CDATA[16]]></Field>
	<Field name="LastDate" type="java.sql.Timestamp"><![CDATA[2019-12-27 13:08:04.0]]></Field>
	<Field name="LastUser" type="java.lang.String"><![CDATA[SUNOPSIS_INSTALL]]></Field>
</Object>
<Object class="com.sunopsis.dwg.dbobj.SnpProfMeth">
		<Field name="FirstDate" type="java.sql.Timestamp"><![CDATA[2019-12-27 13:08:04.0]]></Field>
	<Field name="FirstUser" type="java.lang.String"><![CDATA[SUNOPSIS_INSTALL]]></Field>
	<Field name="GenericPriv" type="java.lang.String"><![CDATA[0]]></Field>
	<Field name="GlobalId" type="java.lang.String"><![CDATA[6db87b26-18b2-38da-9f1c-995de77b9fc7]]></Field>
	<Field name="IMeth" type="com.sunopsis.sql.DbInt"><![CDATA[51300]]></Field>
	<Field name="IProf" type="com.sunopsis.sql.DbInt"><![CDATA[16]]></Field>
	<Field name="LastDate" type="java.sql.Timestamp"><![CDATA[2019-12-27 13:08:04.0]]></Field>
	<Field name="LastUser" type="java.lang.String"><![CDATA[SUNOPSIS_INSTALL]]></Field>
</Object>
<Object class="com.sunopsis.dwg.dbobj.SnpProfMeth">
		<Field name="FirstDate" type="java.sql.Timestamp"><![CDATA[2019-12-27 13:08:04.0]]></Field>
	<Field name="FirstUser" type="java.lang.String"><![CDATA[SUNOPSIS_INSTALL]]></Field>
	<Field name="GenericPriv" type="java.lang.String"><![CDATA[0]]></Field>
	<Field name="GlobalId" type="java.lang.String"><![CDATA[cdf3d1f3-d999-329f-a9e9-a46777b46507]]></Field>
	<Field name="IMeth" type="com.sunopsis.sql.DbInt"><![CDATA[22000]]></Field>
	<Field name="IProf" type="com.sunopsis.sql.DbInt"><![CDATA[16]]></Field>
	<Field name="LastDate" type="java.sql.Timestamp"><![CDATA[2019-12-27 13:08:04.0]]></Field>
	<Field name="LastUser" type="java.lang.String"><![CDATA[SUNOPSIS_INSTALL]]></Field>
</Object>
<Object class="com.sunopsis.dwg.dbobj.SnpProfMeth">
		<Field name="FirstDate" type="java.sql.Timestamp"><![CDATA[2019-12-27 13:08:04.0]]></Field>
	<Field name="FirstUser" type="java.lang.String"><![CDATA[SUNOPSIS_INSTALL]]></Field>
	<Field name="GenericPriv" type="java.lang.String"><![CDATA[0]]></Field>
	<Field name="GlobalId" type="java.lang.String"><![CDATA[ea25f4e4-1cfb-33d0-bcd7-352bbf36c333]]></Field>
	<Field name="IMeth" type="com.sunopsis.sql.DbInt"><![CDATA[3000]]></Field>
	<Field name="IProf" type="com.sunopsis.sql.DbInt"><![CDATA[16]]></Field>
	<Field name="LastDate" type="java.sql.Timestamp"><![CDATA[2019-12-27 13:08:04.0]]></Field>
	<Field name="LastUser" type="java.lang.String"><![CDATA[SUNOPSIS_INSTALL]]></Field>
</Object>
<Object class="com.sunopsis.dwg.dbobj.SnpProfMeth">
		<Field name="FirstDate" type="java.sql.Timestamp"><![CDATA[2019-12-27 13:08:04.0]]></Field>
	<Field name="FirstUser" type="java.lang.String"><![CDATA[SUNOPSIS_INSTALL]]></Field>
	<Field name="GenericPriv" type="java.lang.String"><![CDATA[0]]></Field>
	<Field name="GlobalId" type="java.lang.String"><![CDATA[827e52ab-fc0b-3d06-9187-20f37f6cdff4]]></Field>
	<Field name="IMeth" type="com.sunopsis.sql.DbInt"><![CDATA[3500]]></Field>
	<Field name="IProf" type="com.sunopsis.sql.DbInt"><![CDATA[16]]></Field>
	<Field name="LastDate" type="java.sql.Timestamp"><![CDATA[2019-12-27 13:08:04.0]]></Field>
	<Field name="LastUser" type="java.lang.String"><![CDATA[SUNOPSIS_INSTALL]]></Field>
</Object>
<Object class="com.sunopsis.dwg.dbobj.SnpProfMeth">
		<Field name="FirstDate" type="java.sql.Timestamp"><![CDATA[2019-12-27 13:08:04.0]]></Field>
	<Field name="FirstUser" type="java.lang.String"><![CDATA[SUNOPSIS_INSTALL]]></Field>
	<Field name="GenericPriv" type="java.lang.String"><![CDATA[0]]></Field>
	<Field name="GlobalId" type="java.lang.String"><![CDATA[127558f9-7a09-3dfc-ae46-37e81e2bc28f]]></Field>
	<Field name="IMeth" type="com.sunopsis.sql.DbInt"><![CDATA[13600]]></Field>
	<Field name="IProf" type="com.sunopsis.sql.DbInt"><![CDATA[16]]></Field>
	<Field name="LastDate" type="java.sql.Timestamp"><![CDATA[2019-12-27 13:08:04.0]]></Field>
	<Field name="LastUser" type="java.lang.String"><![CDATA[SUNOPSIS_INSTALL]]></Field>
</Object>
<Object class="com.sunopsis.dwg.dbobj.SnpProfMeth">
		<Field name="FirstDate" type="java.sql.Timestamp"><![CDATA[2019-12-27 13:08:04.0]]></Field>
	<Field name="FirstUser" type="java.lang.String"><![CDATA[SUNOPSIS_INSTALL]]></Field>
	<Field name="GenericPriv" type="java.lang.String"><![CDATA[0]]></Field>
	<Field name="GlobalId" type="java.lang.String"><![CDATA[9291e323-c471-390c-b702-97cf73e5e660]]></Field>
	<Field name="IMeth" type="com.sunopsis.sql.DbInt"><![CDATA[33000]]></Field>
	<Field name="IProf" type="com.sunopsis.sql.DbInt"><![CDATA[16]]></Field>
	<Field name="LastDate" type="java.sql.Timestamp"><![CDATA[2019-12-27 13:08:04.0]]></Field>
	<Field name="LastUser" type="java.lang.String"><![CDATA[SUNOPSIS_INSTALL]]></Field>
</Object>
<Object class="com.sunopsis.dwg.dbobj.SnpProfMeth">
		<Field name="FirstDate" type="java.sql.Timestamp"><![CDATA[2019-12-27 13:08:04.0]]></Field>
	<Field name="FirstUser" type="java.lang.String"><![CDATA[SUNOPSIS_INSTALL]]></Field>
	<Field name="GenericPriv" type="java.lang.String"><![CDATA[0]]></Field>
	<Field name="GlobalId" type="java.lang.String"><![CDATA[2b29856d-91b0-3520-8776-b79bcbb18b2d]]></Field>
	<Field name="IMeth" type="com.sunopsis.sql.DbInt"><![CDATA[16200]]></Field>
	<Field name="IProf" type="com.sunopsis.sql.DbInt"><![CDATA[16]]></Field>
	<Field name="LastDate" type="java.sql.Timestamp"><![CDATA[2019-12-27 13:08:04.0]]></Field>
	<Field name="LastUser" type="java.lang.String"><![CDATA[SUNOPSIS_INSTALL]]></Field>
</Object>
<Object class="com.sunopsis.dwg.dbobj.SnpProfMeth">
		<Field name="FirstDate" type="java.sql.Timestamp"><![CDATA[2019-12-27 13:08:04.0]]></Field>
	<Field name="FirstUser" type="java.lang.String"><![CDATA[SUNOPSIS_INSTALL]]></Field>
	<Field name="GenericPriv" type="java.lang.String"><![CDATA[0]]></Field>
	<Field name="GlobalId" type="java.lang.String"><![CDATA[c91bc211-ad98-3dc6-a8c2-5aab21a08d6a]]></Field>
	<Field name="IMeth" type="com.sunopsis.sql.DbInt"><![CDATA[36700]]></Field>
	<Field name="IProf" type="com.sunopsis.sql.DbInt"><![CDATA[16]]></Field>
	<Field name="LastDate" type="java.sql.Timestamp"><![CDATA[2019-12-27 13:08:04.0]]></Field>
	<Field name="LastUser" type="java.lang.String"><![CDATA[SUNOPSIS_INSTALL]]></Field>
</Object>
<Object class="com.sunopsis.dwg.dbobj.SnpProfMeth">
		<Field name="FirstDate" type="java.sql.Timestamp"><![CDATA[2019-12-27 13:08:04.0]]></Field>
	<Field name="FirstUser" type="java.lang.String"><![CDATA[SUNOPSIS_INSTALL]]></Field>
	<Field name="GenericPriv" type="java.lang.String"><![CDATA[0]]></Field>
	<Field name="GlobalId" type="java.lang.String"><![CDATA[04e05a87-4010-3bf4-be37-edc0753b6342]]></Field>
	<Field name="IMeth" type="com.sunopsis.sql.DbInt"><![CDATA[14300]]></Field>
	<Field name="IProf" type="com.sunopsis.sql.DbInt"><![CDATA[16]]></Field>
	<Field name="LastDate" type="java.sql.Timestamp"><![CDATA[2019-12-27 13:08:04.0]]></Field>
	<Field name="LastUser" type="java.lang.String"><![CDATA[SUNOPSIS_INSTALL]]></Field>
</Object>
<Object class="com.sunopsis.dwg.dbobj.SnpProfMeth">
		<Field name="FirstDate" type="java.sql.Timestamp"><![CDATA[2019-12-27 13:08:04.0]]></Field>
	<Field name="FirstUser" type="java.lang.String"><![CDATA[SUNOPSIS_INSTALL]]></Field>
	<Field name="GenericPriv" type="java.lang.String"><![CDATA[0]]></Field>
	<Field name="GlobalId" type="java.lang.String"><![CDATA[0aaadecd-1624-3100-adff-7dfcb0a499de]]></Field>
	<Field name="IMeth" type="com.sunopsis.sql.DbInt"><![CDATA[14700]]></Field>
	<Field name="IProf" type="com.sunopsis.sql.DbInt"><![CDATA[16]]></Field>
	<Field name="LastDate" type="java.sql.Timestamp"><![CDATA[2019-12-27 13:08:04.0]]></Field>
	<Field name="LastUser" type="java.lang.String"><![CDATA[SUNOPSIS_INSTALL]]></Field>
</Object>
<Object class="com.sunopsis.dwg.dbobj.SnpProfMeth">
		<Field name="FirstDate" type="java.sql.Timestamp"><![CDATA[2019-12-27 13:08:04.0]]></Field>
	<Field name="FirstUser" type="java.lang.String"><![CDATA[SUNOPSIS_INSTALL]]></Field>
	<Field name="GenericPriv" type="java.lang.String"><![CDATA[0]]></Field>
	<Field name="GlobalId" type="java.lang.String"><![CDATA[b4948261-932c-3715-bf76-3e65bdf76985]]></Field>
	<Field name="IMeth" type="com.sunopsis.sql.DbInt"><![CDATA[22700]]></Field>
	<Field name="IProf" type="com.sunopsis.sql.DbInt"><![CDATA[16]]></Field>
	<Field name="LastDate" type="java.sql.Timestamp"><![CDATA[2019-12-27 13:08:04.0]]></Field>
	<Field name="LastUser" type="java.lang.String"><![CDATA[SUNOPSIS_INSTALL]]></Field>
</Object>
<Object class="com.sunopsis.dwg.dbobj.SnpProfMeth">
		<Field name="FirstDate" type="java.sql.Timestamp"><![CDATA[2019-12-27 13:08:04.0]]></Field>
	<Field name="FirstUser" type="java.lang.String"><![CDATA[SUNOPSIS_INSTALL]]></Field>
	<Field name="GenericPriv" type="java.lang.String"><![CDATA[0]]></Field>
	<Field name="GlobalId" type="java.lang.String"><![CDATA[46d57efc-66a8-3452-b44c-26e8a1e19c6d]]></Field>
	<Field name="IMeth" type="com.sunopsis.sql.DbInt"><![CDATA[41000]]></Field>
	<Field name="IProf" type="com.sunopsis.sql.DbInt"><![CDATA[16]]></Field>
	<Field name="LastDate" type="java.sql.Timestamp"><![CDATA[2019-12-27 13:08:04.0]]></Field>
	<Field name="LastUser" type="java.lang.String"><![CDATA[SUNOPSIS_INSTALL]]></Field>
</Object>
<Object class="com.sunopsis.dwg.dbobj.SnpProfMeth">
		<Field name="FirstDate" type="java.sql.Timestamp"><![CDATA[2019-12-27 13:08:04.0]]></Field>
	<Field name="FirstUser" type="java.lang.String"><![CDATA[SUNOPSIS_INSTALL]]></Field>
	<Field name="GenericPriv" type="java.lang.String"><![CDATA[0]]></Field>
	<Field name="GlobalId" type="java.lang.String"><![CDATA[093b4bef-3ab8-3424-ae39-ad47c958be07]]></Field>
	<Field name="IMeth" type="com.sunopsis.sql.DbInt"><![CDATA[53400]]></Field>
	<Field name="IProf" type="com.sunopsis.sql.DbInt"><![CDATA[16]]></Field>
	<Field name="LastDate" type="java.sql.Timestamp"><![CDATA[2019-12-27 13:08:04.0]]></Field>
	<Field name="LastUser" type="java.lang.String"><![CDATA[SUNOPSIS_INSTALL]]></Field>
</Object>
<Object class="com.sunopsis.dwg.dbobj.SnpProfMeth">
		<Field name="FirstDate" type="java.sql.Timestamp"><![CDATA[2019-12-27 13:08:04.0]]></Field>
	<Field name="FirstUser" type="java.lang.String"><![CDATA[SUNOPSIS_INSTALL]]></Field>
	<Field name="GenericPriv" type="java.lang.String"><![CDATA[0]]></Field>
	<Field name="GlobalId" type="java.lang.String"><![CDATA[94b81900-b386-3f5a-abd7-09ee20aecb4d]]></Field>
	<Field name="IMeth" type="com.sunopsis.sql.DbInt"><![CDATA[53500]]></Field>
	<Field name="IProf" type="com.sunopsis.sql.DbInt"><![CDATA[16]]></Field>
	<Field name="LastDate" type="java.sql.Timestamp"><![CDATA[2019-12-27 13:08:04.0]]></Field>
	<Field name="LastUser" type="java.lang.String"><![CDATA[SUNOPSIS_INSTALL]]></Field>
</Object>
<Object class="com.sunopsis.dwg.dbobj.SnpProfMeth">
		<Field name="FirstDate" type="java.sql.Timestamp"><![CDATA[2019-12-27 13:08:04.0]]></Field>
	<Field name="FirstUser" type="java.lang.String"><![CDATA[SUNOPSIS_INSTALL]]></Field>
	<Field name="GenericPriv" type="java.lang.String"><![CDATA[0]]></Field>
	<Field name="GlobalId" type="java.lang.String"><![CDATA[e06e4eaf-4209-3923-b57b-f7cce4334a8c]]></Field>
	<Field name="IMeth" type="com.sunopsis.sql.DbInt"><![CDATA[57900]]></Field>
	<Field name="IProf" type="com.sunopsis.sql.DbInt"><![CDATA[16]]></Field>
	<Field name="LastDate" type="java.sql.Timestamp"><![CDATA[2019-12-27 13:08:04.0]]></Field>
	<Field name="LastUser" type="java.lang.String"><![CDATA[SUNOPSIS_INSTALL]]></Field>
</Object>
<Object class="com.sunopsis.dwg.dbobj.SnpProfMeth">
		<Field name="FirstDate" type="java.sql.Timestamp"><![CDATA[2019-12-27 13:08:04.0]]></Field>
	<Field name="FirstUser" type="java.lang.String"><![CDATA[SUNOPSIS_INSTALL]]></Field>
	<Field name="GenericPriv" type="java.lang.String"><![CDATA[0]]></Field>
	<Field name="GlobalId" type="java.lang.String"><![CDATA[52722dc3-9eeb-310d-ba8e-b73c7f9cc219]]></Field>
	<Field name="IMeth" type="com.sunopsis.sql.DbInt"><![CDATA[57000]]></Field>
	<Field name="IProf" type="com.sunopsis.sql.DbInt"><![CDATA[16]]></Field>
	<Field name="LastDate" type="java.sql.Timestamp"><![CDATA[2019-12-27 13:08:04.0]]></Field>
	<Field name="LastUser" type="java.lang.String"><![CDATA[SUNOPSIS_INSTALL]]></Field>
</Object>
<Object class="com.sunopsis.dwg.dbobj.SnpProfMeth">
		<Field name="FirstDate" type="java.sql.Timestamp"><![CDATA[2019-12-27 13:08:04.0]]></Field>
	<Field name="FirstUser" type="java.lang.String"><![CDATA[SUNOPSIS_INSTALL]]></Field>
	<Field name="GenericPriv" type="java.lang.String"><![CDATA[0]]></Field>
	<Field name="GlobalId" type="java.lang.String"><![CDATA[b09a6d24-d971-4492-9d22-ce4bb467cc07]]></Field>
	<Field name="IMeth" type="com.sunopsis.sql.DbInt"><![CDATA[63800]]></Field>
	<Field name="IProf" type="com.sunopsis.sql.DbInt"><![CDATA[16]]></Field>
	<Field name="LastDate" type="java.sql.Timestamp"><![CDATA[2019-12-27 13:08:04.0]]></Field>
	<Field name="LastUser" type="java.lang.String"><![CDATA[SUNOPSIS_INSTALL]]></Field>
</Object>
<Object class="com.sunopsis.dwg.dbobj.SnpProfMeth">
		<Field name="FirstDate" type="java.sql.Timestamp"><![CDATA[2019-12-27 13:08:04.0]]></Field>
	<Field name="FirstUser" type="java.lang.String"><![CDATA[SUNOPSIS_INSTALL]]></Field>
	<Field name="GenericPriv" type="java.lang.String"><![CDATA[0]]></Field>
	<Field name="GlobalId" type="java.lang.String"><![CDATA[ae70d49f-41c9-4d9e-b87d-9418e1534b9b]]></Field>
	<Field name="IMeth" type="com.sunopsis.sql.DbInt"><![CDATA[64000]]></Field>
	<Field name="IProf" type="com.sunopsis.sql.DbInt"><![CDATA[16]]></Field>
	<Field name="LastDate" type="java.sql.Timestamp"><![CDATA[2019-12-27 13:08:04.0]]></Field>
	<Field name="LastUser" type="java.lang.String"><![CDATA[SUNOPSIS_INSTALL]]></Field>
</Object>
<Object class="com.sunopsis.dwg.dbobj.SnpProfMeth">
		<Field name="FirstDate" type="java.sql.Timestamp"><![CDATA[2019-12-27 13:08:04.0]]></Field>
	<Field name="FirstUser" type="java.lang.String"><![CDATA[SUNOPSIS_INSTALL]]></Field>
	<Field name="GenericPriv" type="java.lang.String"><![CDATA[0]]></Field>
	<Field name="GlobalId" type="java.lang.String"><![CDATA[3ecd9c2f-8a4f-424b-9157-3d8830f82c77]]></Field>
	<Field name="IMeth" type="com.sunopsis.sql.DbInt"><![CDATA[63900]]></Field>
	<Field name="IProf" type="com.sunopsis.sql.DbInt"><![CDATA[16]]></Field>
	<Field name="LastDate" type="java.sql.Timestamp"><![CDATA[2019-12-27 13:08:04.0]]></Field>
	<Field name="LastUser" type="java.lang.String"><![CDATA[SUNOPSIS_INSTALL]]></Field>
</Object>
<Object class="com.sunopsis.dwg.dbobj.SnpProfMeth">
		<Field name="FirstDate" type="java.sql.Timestamp"><![CDATA[2019-12-27 13:08:04.0]]></Field>
	<Field name="FirstUser" type="java.lang.String"><![CDATA[SUNOPSIS_INSTALL]]></Field>
	<Field name="GenericPriv" type="java.lang.String"><![CDATA[0]]></Field>
	<Field name="GlobalId" type="java.lang.String"><![CDATA[e9ca525f-a9d6-41b0-ba54-7680c1930a94]]></Field>
	<Field name="IMeth" type="com.sunopsis.sql.DbInt"><![CDATA[62400]]></Field>
	<Field name="IProf" type="com.sunopsis.sql.DbInt"><![CDATA[16]]></Field>
	<Field name="LastDate" type="java.sql.Timestamp"><![CDATA[2019-12-27 13:08:04.0]]></Field>
	<Field name="LastUser" type="java.lang.String"><![CDATA[SUNOPSIS_INSTALL]]></Field>
</Object>
<Object class="com.sunopsis.dwg.dbobj.SnpProfMeth">
		<Field name="FirstDate" type="java.sql.Timestamp"><![CDATA[2019-12-27 13:08:04.0]]></Field>
	<Field name="FirstUser" type="java.lang.String"><![CDATA[SUNOPSIS_INSTALL]]></Field>
	<Field name="GenericPriv" type="java.lang.String"><![CDATA[0]]></Field>
	<Field name="GlobalId" type="java.lang.String"><![CDATA[195a3943-4c2a-4534-8cfa-d9b058ced7a8]]></Field>
	<Field name="IMeth" type="com.sunopsis.sql.DbInt"><![CDATA[117600]]></Field>
	<Field name="IProf" type="com.sunopsis.sql.DbInt"><![CDATA[16]]></Field>
	<Field name="LastDate" type="java.sql.Timestamp"><![CDATA[2019-12-27 13:08:04.0]]></Field>
	<Field name="LastUser" type="java.lang.String"><![CDATA[SUNOPSIS_INSTALL]]></Field>
</Object>
<Object class="com.sunopsis.dwg.dbobj.SnpFKXRef">
		<Field name="RefKey" type="java.lang.String"><![CDATA[SNP_PROFILE.16]]></Field>
	<Field name="RefObjGlobalId" type="java.lang.String"><![CDATA[1018ccae-c592-324f-b591-52d197fc886b]]></Field>
 <Field name="RefObjFQName" type="java.lang.String"><![CDATA[NG VERSION ADMIN]]></Field>
 <Field name="RefObjFQType" type="java.lang.String"><![CDATA[SNP_PROFILE]]></Field>
 <Field name="RefObjFQNameLengths" type="java.lang.String"><![CDATA[16]]></Field>
</Object>
<Object class="com.sunopsis.dwg.dbobj.SnpFKXRef">
		<Field name="RefKey" type="java.lang.String"><![CDATA[SNP_METHOD.49700]]></Field>
	<Field name="RefObjGlobalId" type="java.lang.String"><![CDATA[019d47e4-5120-396c-8408-b7301d8eefe1]]></Field>
 <Field name="RefObjFQName" type="java.lang.String"><![CDATA[Version.Restore]]></Field>
 <Field name="RefObjFQType" type="java.lang.String"><![CDATA[SNP_OBJECT.SNP_METHOD]]></Field>
 <Field name="RefObjFQNameLengths" type="java.lang.String"><![CDATA[7.7]]></Field>
</Object>
<Object class="com.sunopsis.dwg.dbobj.SnpFKXRef">
		<Field name="RefKey" type="java.lang.String"><![CDATA[SNP_METHOD.51700]]></Field>
	<Field name="RefObjGlobalId" type="java.lang.String"><![CDATA[7f3ad1cf-c03f-3764-ad02-0bdc4f1bbec1]]></Field>
 <Field name="RefObjFQName" type="java.lang.String"><![CDATA[Model Folder.Create Version...]]></Field>
 <Field name="RefObjFQType" type="java.lang.String"><![CDATA[SNP_OBJECT.SNP_METHOD]]></Field>
 <Field name="RefObjFQNameLengths" type="java.lang.String"><![CDATA[12.17]]></Field>
</Object>
<Object class="com.sunopsis.dwg.dbobj.SnpFKXRef">
		<Field name="RefKey" type="java.lang.String"><![CDATA[SNP_METHOD.43100]]></Field>
	<Field name="RefObjGlobalId" type="java.lang.String"><![CDATA[9561ef0f-c5b7-377b-81cb-2cef2bc73a57]]></Field>
 <Field name="RefObjFQName" type="java.lang.String"><![CDATA[Project.Create Version...]]></Field>
 <Field name="RefObjFQType" type="java.lang.String"><![CDATA[SNP_OBJECT.SNP_METHOD]]></Field>
 <Field name="RefObjFQNameLengths" type="java.lang.String"><![CDATA[7.17]]></Field>
</Object>
<Object class="com.sunopsis.dwg.dbobj.SnpFKXRef">
		<Field name="RefKey" type="java.lang.String"><![CDATA[SNP_METHOD.43200]]></Field>
	<Field name="RefObjGlobalId" type="java.lang.String"><![CDATA[d1a81901-a262-3097-bdf5-230557a5336f]]></Field>
 <Field name="RefObjFQName" type="java.lang.String"><![CDATA[Project.Restore...]]></Field>
 <Field name="RefObjFQType" type="java.lang.String"><![CDATA[SNP_OBJECT.SNP_METHOD]]></Field>
 <Field name="RefObjFQNameLengths" type="java.lang.String"><![CDATA[7.10]]></Field>
</Object>
<Object class="com.sunopsis.dwg.dbobj.SnpFKXRef">
		<Field name="RefKey" type="java.lang.String"><![CDATA[SNP_METHOD.42900]]></Field>
	<Field name="RefObjGlobalId" type="java.lang.String"><![CDATA[20ae6c72-bde1-304a-bc72-171a66fc27fd]]></Field>
 <Field name="RefObjFQName" type="java.lang.String"><![CDATA[Folder.Create Version...]]></Field>
 <Field name="RefObjFQType" type="java.lang.String"><![CDATA[SNP_OBJECT.SNP_METHOD]]></Field>
 <Field name="RefObjFQNameLengths" type="java.lang.String"><![CDATA[6.17]]></Field>
</Object>
<Object class="com.sunopsis.dwg.dbobj.SnpFKXRef">
		<Field name="RefKey" type="java.lang.String"><![CDATA[SNP_METHOD.43000]]></Field>
	<Field name="RefObjGlobalId" type="java.lang.String"><![CDATA[14a62a53-fa35-3a57-80bc-ee054f0e010e]]></Field>
 <Field name="RefObjFQName" type="java.lang.String"><![CDATA[Folder.Restore...]]></Field>
 <Field name="RefObjFQType" type="java.lang.String"><![CDATA[SNP_OBJECT.SNP_METHOD]]></Field>
 <Field name="RefObjFQNameLengths" type="java.lang.String"><![CDATA[6.10]]></Field>
</Object>
<Object class="com.sunopsis.dwg.dbobj.SnpFKXRef">
		<Field name="RefKey" type="java.lang.String"><![CDATA[SNP_METHOD.44000]]></Field>
	<Field name="RefObjGlobalId" type="java.lang.String"><![CDATA[cf0e3af5-1884-3c0c-9c1c-7b6b02c3a0db]]></Field>
 <Field name="RefObjFQName" type="java.lang.String"><![CDATA[Model.Restore...]]></Field>
 <Field name="RefObjFQType" type="java.lang.String"><![CDATA[SNP_OBJECT.SNP_METHOD]]></Field>
 <Field name="RefObjFQNameLengths" type="java.lang.String"><![CDATA[5.10]]></Field>
</Object>
<Object class="com.sunopsis.dwg.dbobj.SnpFKXRef">
		<Field name="RefKey" type="java.lang.String"><![CDATA[SNP_METHOD.42300]]></Field>
	<Field name="RefObjGlobalId" type="java.lang.String"><![CDATA[f1fa0e16-6572-3e89-896a-d2ab83de7d1b]]></Field>
 <Field name="RefObjFQName" type="java.lang.String"><![CDATA[Interface.Create Version...]]></Field>
 <Field name="RefObjFQType" type="java.lang.String"><![CDATA[SNP_OBJECT.SNP_METHOD]]></Field>
 <Field name="RefObjFQNameLengths" type="java.lang.String"><![CDATA[9.17]]></Field>
</Object>
<Object class="com.sunopsis.dwg.dbobj.SnpFKXRef">
		<Field name="RefKey" type="java.lang.String"><![CDATA[SNP_METHOD.42400]]></Field>
	<Field name="RefObjGlobalId" type="java.lang.String"><![CDATA[96ca8fc2-5bb7-3ec3-b9ea-ec1e6a9bc8e7]]></Field>
 <Field name="RefObjFQName" type="java.lang.String"><![CDATA[Interface.Restore...]]></Field>
 <Field name="RefObjFQType" type="java.lang.String"><![CDATA[SNP_OBJECT.SNP_METHOD]]></Field>
 <Field name="RefObjFQNameLengths" type="java.lang.String"><![CDATA[9.10]]></Field>
</Object>
<Object class="com.sunopsis.dwg.dbobj.SnpFKXRef">
		<Field name="RefKey" type="java.lang.String"><![CDATA[SNP_METHOD.42500]]></Field>
	<Field name="RefObjGlobalId" type="java.lang.String"><![CDATA[7a54ad83-ff7a-3e9e-ad47-96da3dbb2f43]]></Field>
 <Field name="RefObjFQName" type="java.lang.String"><![CDATA[Package.Create Version...]]></Field>
 <Field name="RefObjFQType" type="java.lang.String"><![CDATA[SNP_OBJECT.SNP_METHOD]]></Field>
 <Field name="RefObjFQNameLengths" type="java.lang.String"><![CDATA[7.17]]></Field>
</Object>
<Object class="com.sunopsis.dwg.dbobj.SnpFKXRef">
		<Field name="RefKey" type="java.lang.String"><![CDATA[SNP_METHOD.42600]]></Field>
	<Field name="RefObjGlobalId" type="java.lang.String"><![CDATA[af727459-558a-31ab-823b-8483370e9af3]]></Field>
 <Field name="RefObjFQName" type="java.lang.String"><![CDATA[Package.Restore...]]></Field>
 <Field name="RefObjFQType" type="java.lang.String"><![CDATA[SNP_OBJECT.SNP_METHOD]]></Field>
 <Field name="RefObjFQNameLengths" type="java.lang.String"><![CDATA[7.10]]></Field>
</Object>
<Object class="com.sunopsis.dwg.dbobj.SnpFKXRef">
		<Field name="RefKey" type="java.lang.String"><![CDATA[SNP_METHOD.43600]]></Field>
	<Field name="RefObjGlobalId" type="java.lang.String"><![CDATA[7e8d9cf1-29d4-39e8-96ed-a1d2d14a0d1b]]></Field>
 <Field name="RefObjFQName" type="java.lang.String"><![CDATA[Sequence.Restore...]]></Field>
 <Field name="RefObjFQType" type="java.lang.String"><![CDATA[SNP_OBJECT.SNP_METHOD]]></Field>
 <Field name="RefObjFQNameLengths" type="java.lang.String"><![CDATA[8.10]]></Field>
</Object>
<Object class="com.sunopsis.dwg.dbobj.SnpFKXRef">
		<Field name="RefKey" type="java.lang.String"><![CDATA[SNP_METHOD.43300]]></Field>
	<Field name="RefObjGlobalId" type="java.lang.String"><![CDATA[c0ff2a1c-3081-3e9f-8993-d16014303884]]></Field>
 <Field name="RefObjFQName" type="java.lang.String"><![CDATA[Variable.Create Version...]]></Field>
 <Field name="RefObjFQType" type="java.lang.String"><![CDATA[SNP_OBJECT.SNP_METHOD]]></Field>
 <Field name="RefObjFQNameLengths" type="java.lang.String"><![CDATA[8.17]]></Field>
</Object>
<Object class="com.sunopsis.dwg.dbobj.SnpFKXRef">
		<Field name="RefKey" type="java.lang.String"><![CDATA[SNP_METHOD.43400]]></Field>
	<Field name="RefObjGlobalId" type="java.lang.String"><![CDATA[811fab01-d4c6-3cc1-82ae-c1d99762c55f]]></Field>
 <Field name="RefObjFQName" type="java.lang.String"><![CDATA[Variable.Restore...]]></Field>
 <Field name="RefObjFQType" type="java.lang.String"><![CDATA[SNP_OBJECT.SNP_METHOD]]></Field>
 <Field name="RefObjFQNameLengths" type="java.lang.String"><![CDATA[8.10]]></Field>
</Object>
<Object class="com.sunopsis.dwg.dbobj.SnpFKXRef">
		<Field name="RefKey" type="java.lang.String"><![CDATA[SNP_METHOD.42700]]></Field>
	<Field name="RefObjGlobalId" type="java.lang.String"><![CDATA[75ab2c2c-16f9-37e6-aee7-6af62c9a3ead]]></Field>
 <Field name="RefObjFQName" type="java.lang.String"><![CDATA[Procedure.Create Version...]]></Field>
 <Field name="RefObjFQType" type="java.lang.String"><![CDATA[SNP_OBJECT.SNP_METHOD]]></Field>
 <Field name="RefObjFQNameLengths" type="java.lang.String"><![CDATA[9.17]]></Field>
</Object>
<Object class="com.sunopsis.dwg.dbobj.SnpFKXRef">
		<Field name="RefKey" type="java.lang.String"><![CDATA[SNP_METHOD.42800]]></Field>
	<Field name="RefObjGlobalId" type="java.lang.String"><![CDATA[5c06f843-7cc0-332e-aa62-1f735f184b66]]></Field>
 <Field name="RefObjFQName" type="java.lang.String"><![CDATA[Procedure.Restore...]]></Field>
 <Field name="RefObjFQType" type="java.lang.String"><![CDATA[SNP_OBJECT.SNP_METHOD]]></Field>
 <Field name="RefObjFQNameLengths" type="java.lang.String"><![CDATA[9.10]]></Field>
</Object>
<Object class="com.sunopsis.dwg.dbobj.SnpFKXRef">
		<Field name="RefKey" type="java.lang.String"><![CDATA[SNP_METHOD.44200]]></Field>
	<Field name="RefObjGlobalId" type="java.lang.String"><![CDATA[b1dfcd69-d0bb-3def-a88b-6663e100fffd]]></Field>
 <Field name="RefObjFQName" type="java.lang.String"><![CDATA[Scenario.Restore...]]></Field>
 <Field name="RefObjFQType" type="java.lang.String"><![CDATA[SNP_OBJECT.SNP_METHOD]]></Field>
 <Field name="RefObjFQNameLengths" type="java.lang.String"><![CDATA[8.10]]></Field>
</Object>
<Object class="com.sunopsis.dwg.dbobj.SnpFKXRef">
		<Field name="RefKey" type="java.lang.String"><![CDATA[SNP_METHOD.43700]]></Field>
	<Field name="RefObjGlobalId" type="java.lang.String"><![CDATA[d731217b-5cb8-36cb-95df-cbcaa2cc6186]]></Field>
 <Field name="RefObjFQName" type="java.lang.String"><![CDATA[User Function.Create Version...]]></Field>
 <Field name="RefObjFQType" type="java.lang.String"><![CDATA[SNP_OBJECT.SNP_METHOD]]></Field>
 <Field name="RefObjFQNameLengths" type="java.lang.String"><![CDATA[13.17]]></Field>
</Object>
<Object class="com.sunopsis.dwg.dbobj.SnpFKXRef">
		<Field name="RefKey" type="java.lang.String"><![CDATA[SNP_METHOD.43800]]></Field>
	<Field name="RefObjGlobalId" type="java.lang.String"><![CDATA[5ffea5fa-2d48-3772-a085-495f95f7951c]]></Field>
 <Field name="RefObjFQName" type="java.lang.String"><![CDATA[User Function.Restore...]]></Field>
 <Field name="RefObjFQType" type="java.lang.String"><![CDATA[SNP_OBJECT.SNP_METHOD]]></Field>
 <Field name="RefObjFQNameLengths" type="java.lang.String"><![CDATA[13.10]]></Field>
</Object>
<Object class="com.sunopsis.dwg.dbobj.SnpFKXRef">
		<Field name="RefKey" type="java.lang.String"><![CDATA[SNP_METHOD.41100]]></Field>
	<Field name="RefObjGlobalId" type="java.lang.String"><![CDATA[b92129a4-84fe-3d0f-8b9a-b8d2fd4fe59c]]></Field>
 <Field name="RefObjFQName" type="java.lang.String"><![CDATA[Label.Delete]]></Field>
 <Field name="RefObjFQType" type="java.lang.String"><![CDATA[SNP_OBJECT.SNP_METHOD]]></Field>
 <Field name="RefObjFQNameLengths" type="java.lang.String"><![CDATA[5.6]]></Field>
</Object>
<Object class="com.sunopsis.dwg.dbobj.SnpFKXRef">
		<Field name="RefKey" type="java.lang.String"><![CDATA[SNP_METHOD.41200]]></Field>
	<Field name="RefObjGlobalId" type="java.lang.String"><![CDATA[ae34600b-0a06-3a45-ab42-e4f0a732993c]]></Field>
 <Field name="RefObjFQName" type="java.lang.String"><![CDATA[Label.Edit...]]></Field>
 <Field name="RefObjFQType" type="java.lang.String"><![CDATA[SNP_OBJECT.SNP_METHOD]]></Field>
 <Field name="RefObjFQNameLengths" type="java.lang.String"><![CDATA[5.7]]></Field>
</Object>
<Object class="com.sunopsis.dwg.dbobj.SnpFKXRef">
		<Field name="RefKey" type="java.lang.String"><![CDATA[SNP_METHOD.41400]]></Field>
	<Field name="RefObjGlobalId" type="java.lang.String"><![CDATA[6e54b884-e04f-326e-b1f1-f23bf5506c0c]]></Field>
 <Field name="RefObjFQName" type="java.lang.String"><![CDATA[Label.View]]></Field>
 <Field name="RefObjFQType" type="java.lang.String"><![CDATA[SNP_OBJECT.SNP_METHOD]]></Field>
 <Field name="RefObjFQNameLengths" type="java.lang.String"><![CDATA[5.4]]></Field>
</Object>
<Object class="com.sunopsis.dwg.dbobj.SnpFKXRef">
		<Field name="RefKey" type="java.lang.String"><![CDATA[SNP_METHOD.41500]]></Field>
	<Field name="RefObjGlobalId" type="java.lang.String"><![CDATA[f68851e2-63e6-3e1e-8bd4-5e816e7e0a35]]></Field>
 <Field name="RefObjFQName" type="java.lang.String"><![CDATA[Label.Create Version...]]></Field>
 <Field name="RefObjFQType" type="java.lang.String"><![CDATA[SNP_OBJECT.SNP_METHOD]]></Field>
 <Field name="RefObjFQNameLengths" type="java.lang.String"><![CDATA[5.17]]></Field>
</Object>
<Object class="com.sunopsis.dwg.dbobj.SnpFKXRef">
		<Field name="RefKey" type="java.lang.String"><![CDATA[SNP_METHOD.41600]]></Field>
	<Field name="RefObjGlobalId" type="java.lang.String"><![CDATA[f6fd9dcf-fdf6-3d79-810b-a2b243a778c7]]></Field>
 <Field name="RefObjFQName" type="java.lang.String"><![CDATA[Label.Restore...]]></Field>
 <Field name="RefObjFQType" type="java.lang.String"><![CDATA[SNP_OBJECT.SNP_METHOD]]></Field>
 <Field name="RefObjFQNameLengths" type="java.lang.String"><![CDATA[5.10]]></Field>
</Object>
<Object class="com.sunopsis.dwg.dbobj.SnpFKXRef">
		<Field name="RefKey" type="java.lang.String"><![CDATA[SNP_METHOD.46700]]></Field>
	<Field name="RefObjGlobalId" type="java.lang.String"><![CDATA[36eb0774-0caa-3073-af85-9c4f034ef470]]></Field>
 <Field name="RefObjFQName" type="java.lang.String"><![CDATA[Label.Restore All Elements]]></Field>
 <Field name="RefObjFQType" type="java.lang.String"><![CDATA[SNP_OBJECT.SNP_METHOD]]></Field>
 <Field name="RefObjFQNameLengths" type="java.lang.String"><![CDATA[5.20]]></Field>
</Object>
<Object class="com.sunopsis.dwg.dbobj.SnpFKXRef">
		<Field name="RefKey" type="java.lang.String"><![CDATA[SNP_METHOD.46800]]></Field>
	<Field name="RefObjGlobalId" type="java.lang.String"><![CDATA[972e965c-cc68-3ee6-b4c4-6b1df37cdbca]]></Field>
 <Field name="RefObjFQName" type="java.lang.String"><![CDATA[Label.Export...]]></Field>
 <Field name="RefObjFQType" type="java.lang.String"><![CDATA[SNP_OBJECT.SNP_METHOD]]></Field>
 <Field name="RefObjFQNameLengths" type="java.lang.String"><![CDATA[5.9]]></Field>
</Object>
<Object class="com.sunopsis.dwg.dbobj.SnpFKXRef">
		<Field name="RefKey" type="java.lang.String"><![CDATA[SNP_METHOD.43900]]></Field>
	<Field name="RefObjGlobalId" type="java.lang.String"><![CDATA[32f0dbd7-b9ef-32e8-baed-de3fd19464a6]]></Field>
 <Field name="RefObjFQName" type="java.lang.String"><![CDATA[Model.Create Version...]]></Field>
 <Field name="RefObjFQType" type="java.lang.String"><![CDATA[SNP_OBJECT.SNP_METHOD]]></Field>
 <Field name="RefObjFQNameLengths" type="java.lang.String"><![CDATA[5.17]]></Field>
</Object>
<Object class="com.sunopsis.dwg.dbobj.SnpFKXRef">
		<Field name="RefKey" type="java.lang.String"><![CDATA[SNP_METHOD.43500]]></Field>
	<Field name="RefObjGlobalId" type="java.lang.String"><![CDATA[df4f8eee-628e-3608-ab75-c67a69bac05e]]></Field>
 <Field name="RefObjFQName" type="java.lang.String"><![CDATA[Sequence.Create Version...]]></Field>
 <Field name="RefObjFQType" type="java.lang.String"><![CDATA[SNP_OBJECT.SNP_METHOD]]></Field>
 <Field name="RefObjFQNameLengths" type="java.lang.String"><![CDATA[8.17]]></Field>
</Object>
<Object class="com.sunopsis.dwg.dbobj.SnpFKXRef">
		<Field name="RefKey" type="java.lang.String"><![CDATA[SNP_METHOD.44100]]></Field>
	<Field name="RefObjGlobalId" type="java.lang.String"><![CDATA[04141dfb-c0b5-3d6e-b241-93e3892b2334]]></Field>
 <Field name="RefObjFQName" type="java.lang.String"><![CDATA[Scenario.Create Version...]]></Field>
 <Field name="RefObjFQType" type="java.lang.String"><![CDATA[SNP_OBJECT.SNP_METHOD]]></Field>
 <Field name="RefObjFQNameLengths" type="java.lang.String"><![CDATA[8.17]]></Field>
</Object>
<Object class="com.sunopsis.dwg.dbobj.SnpFKXRef">
		<Field name="RefKey" type="java.lang.String"><![CDATA[SNP_METHOD.46900]]></Field>
	<Field name="RefObjGlobalId" type="java.lang.String"><![CDATA[ac031271-2a26-395f-9597-4149bfef8c11]]></Field>
 <Field name="RefObjFQName" type="java.lang.String"><![CDATA[Label.Import Label...]]></Field>
 <Field name="RefObjFQType" type="java.lang.String"><![CDATA[SNP_OBJECT.SNP_METHOD]]></Field>
 <Field name="RefObjFQNameLengths" type="java.lang.String"><![CDATA[5.15]]></Field>
</Object>
<Object class="com.sunopsis.dwg.dbobj.SnpFKXRef">
		<Field name="RefKey" type="java.lang.String"><![CDATA[SNP_METHOD.57600]]></Field>
	<Field name="RefObjGlobalId" type="java.lang.String"><![CDATA[41dfa3a1-edfa-3e51-b8e6-5a1063ef3679]]></Field>
 <Field name="RefObjFQName" type="java.lang.String"><![CDATA[Scenario.Compare with Version...]]></Field>
 <Field name="RefObjFQType" type="java.lang.String"><![CDATA[SNP_OBJECT.SNP_METHOD]]></Field>
 <Field name="RefObjFQNameLengths" type="java.lang.String"><![CDATA[8.23]]></Field>
</Object>
<Object class="com.sunopsis.dwg.dbobj.SnpFKXRef">
		<Field name="RefKey" type="java.lang.String"><![CDATA[SNP_METHOD.49500]]></Field>
	<Field name="RefObjGlobalId" type="java.lang.String"><![CDATA[58dc011a-8de3-39a2-ac5d-9ce95b2a9678]]></Field>
 <Field name="RefObjFQName" type="java.lang.String"><![CDATA[Label Element.Restore]]></Field>
 <Field name="RefObjFQType" type="java.lang.String"><![CDATA[SNP_OBJECT.SNP_METHOD]]></Field>
 <Field name="RefObjFQNameLengths" type="java.lang.String"><![CDATA[13.7]]></Field>
</Object>
<Object class="com.sunopsis.dwg.dbobj.SnpFKXRef">
		<Field name="RefKey" type="java.lang.String"><![CDATA[SNP_METHOD.49600]]></Field>
	<Field name="RefObjGlobalId" type="java.lang.String"><![CDATA[1ec6e9dc-7266-3fd6-8509-fa5b320a9fe2]]></Field>
 <Field name="RefObjFQName" type="java.lang.String"><![CDATA[Label Element.Delete]]></Field>
 <Field name="RefObjFQType" type="java.lang.String"><![CDATA[SNP_OBJECT.SNP_METHOD]]></Field>
 <Field name="RefObjFQNameLengths" type="java.lang.String"><![CDATA[13.6]]></Field>
</Object>
<Object class="com.sunopsis.dwg.dbobj.SnpFKXRef">
		<Field name="RefKey" type="java.lang.String"><![CDATA[SNP_METHOD.49800]]></Field>
	<Field name="RefObjGlobalId" type="java.lang.String"><![CDATA[98d5ecc6-439a-34f1-8d4a-13cdfbde40c8]]></Field>
 <Field name="RefObjFQName" type="java.lang.String"><![CDATA[Version.Delete]]></Field>
 <Field name="RefObjFQType" type="java.lang.String"><![CDATA[SNP_OBJECT.SNP_METHOD]]></Field>
 <Field name="RefObjFQNameLengths" type="java.lang.String"><![CDATA[7.6]]></Field>
</Object>
<Object class="com.sunopsis.dwg.dbobj.SnpFKXRef">
		<Field name="RefKey" type="java.lang.String"><![CDATA[SNP_METHOD.49900]]></Field>
	<Field name="RefObjGlobalId" type="java.lang.String"><![CDATA[dadb9144-7375-3833-ac85-da231db2a9e6]]></Field>
 <Field name="RefObjFQName" type="java.lang.String"><![CDATA[Version.Export...]]></Field>
 <Field name="RefObjFQType" type="java.lang.String"><![CDATA[SNP_OBJECT.SNP_METHOD]]></Field>
 <Field name="RefObjFQNameLengths" type="java.lang.String"><![CDATA[7.9]]></Field>
</Object>
<Object class="com.sunopsis.dwg.dbobj.SnpFKXRef">
		<Field name="RefKey" type="java.lang.String"><![CDATA[SNP_METHOD.51800]]></Field>
	<Field name="RefObjGlobalId" type="java.lang.String"><![CDATA[98b13ec8-a7eb-3af0-98f9-7e86478a11a1]]></Field>
 <Field name="RefObjFQName" type="java.lang.String"><![CDATA[Model Folder.Restore...]]></Field>
 <Field name="RefObjFQType" type="java.lang.String"><![CDATA[SNP_OBJECT.SNP_METHOD]]></Field>
 <Field name="RefObjFQNameLengths" type="java.lang.String"><![CDATA[12.10]]></Field>
</Object>
<Object class="com.sunopsis.dwg.dbobj.SnpFKXRef">
		<Field name="RefKey" type="java.lang.String"><![CDATA[SNP_METHOD.60600]]></Field>
	<Field name="RefObjGlobalId" type="java.lang.String"><![CDATA[b4eef339-7363-39d7-8a61-047cc5bb6c26]]></Field>
 <Field name="RefObjFQName" type="java.lang.String"><![CDATA[Load Plan.Compare with Version...]]></Field>
 <Field name="RefObjFQType" type="java.lang.String"><![CDATA[SNP_OBJECT.SNP_METHOD]]></Field>
 <Field name="RefObjFQNameLengths" type="java.lang.String"><![CDATA[9.23]]></Field>
</Object>
<Object class="com.sunopsis.dwg.dbobj.SnpFKXRef">
		<Field name="RefKey" type="java.lang.String"><![CDATA[SNP_METHOD.60800]]></Field>
	<Field name="RefObjGlobalId" type="java.lang.String"><![CDATA[eb85f470-0e1d-3bd7-b544-68afeaef4e36]]></Field>
 <Field name="RefObjFQName" type="java.lang.String"><![CDATA[Load Plan.Restore...]]></Field>
 <Field name="RefObjFQType" type="java.lang.String"><![CDATA[SNP_OBJECT.SNP_METHOD]]></Field>
 <Field name="RefObjFQNameLengths" type="java.lang.String"><![CDATA[9.10]]></Field>
</Object>
<Object class="com.sunopsis.dwg.dbobj.SnpFKXRef">
		<Field name="RefKey" type="java.lang.String"><![CDATA[SNP_METHOD.56800]]></Field>
	<Field name="RefObjGlobalId" type="java.lang.String"><![CDATA[a7c1d9f4-3521-3853-8921-07a05414c478]]></Field>
 <Field name="RefObjFQName" type="java.lang.String"><![CDATA[Project.Compare with Version...]]></Field>
 <Field name="RefObjFQType" type="java.lang.String"><![CDATA[SNP_OBJECT.SNP_METHOD]]></Field>
 <Field name="RefObjFQNameLengths" type="java.lang.String"><![CDATA[7.23]]></Field>
</Object>
<Object class="com.sunopsis.dwg.dbobj.SnpFKXRef">
		<Field name="RefKey" type="java.lang.String"><![CDATA[SNP_METHOD.56900]]></Field>
	<Field name="RefObjGlobalId" type="java.lang.String"><![CDATA[113c337b-d4ad-310e-8924-94f938b5ebbc]]></Field>
 <Field name="RefObjFQName" type="java.lang.String"><![CDATA[Folder.Compare with Version...]]></Field>
 <Field name="RefObjFQType" type="java.lang.String"><![CDATA[SNP_OBJECT.SNP_METHOD]]></Field>
 <Field name="RefObjFQNameLengths" type="java.lang.String"><![CDATA[6.23]]></Field>
</Object>
<Object class="com.sunopsis.dwg.dbobj.SnpFKXRef">
		<Field name="RefKey" type="java.lang.String"><![CDATA[SNP_METHOD.57200]]></Field>
	<Field name="RefObjGlobalId" type="java.lang.String"><![CDATA[4686778a-4731-3ba3-84b1-f56055de850f]]></Field>
 <Field name="RefObjFQName" type="java.lang.String"><![CDATA[Package.Compare with Version...]]></Field>
 <Field name="RefObjFQType" type="java.lang.String"><![CDATA[SNP_OBJECT.SNP_METHOD]]></Field>
 <Field name="RefObjFQNameLengths" type="java.lang.String"><![CDATA[7.23]]></Field>
</Object>
<Object class="com.sunopsis.dwg.dbobj.SnpFKXRef">
		<Field name="RefKey" type="java.lang.String"><![CDATA[SNP_METHOD.57100]]></Field>
	<Field name="RefObjGlobalId" type="java.lang.String"><![CDATA[a398b797-430c-3706-8ec3-0f1c904adf86]]></Field>
 <Field name="RefObjFQName" type="java.lang.String"><![CDATA[Interface.Compare with Version...]]></Field>
 <Field name="RefObjFQType" type="java.lang.String"><![CDATA[SNP_OBJECT.SNP_METHOD]]></Field>
 <Field name="RefObjFQNameLengths" type="java.lang.String"><![CDATA[9.23]]></Field>
</Object>
<Object class="com.sunopsis.dwg.dbobj.SnpFKXRef">
		<Field name="RefKey" type="java.lang.String"><![CDATA[SNP_METHOD.57500]]></Field>
	<Field name="RefObjGlobalId" type="java.lang.String"><![CDATA[4dd30469-cbdf-3ec9-8b20-827ecf682205]]></Field>
 <Field name="RefObjFQName" type="java.lang.String"><![CDATA[Procedure.Compare with Version...]]></Field>
 <Field name="RefObjFQType" type="java.lang.String"><![CDATA[SNP_OBJECT.SNP_METHOD]]></Field>
 <Field name="RefObjFQNameLengths" type="java.lang.String"><![CDATA[9.23]]></Field>
</Object>
<Object class="com.sunopsis.dwg.dbobj.SnpFKXRef">
		<Field name="RefKey" type="java.lang.String"><![CDATA[SNP_METHOD.57700]]></Field>
	<Field name="RefObjGlobalId" type="java.lang.String"><![CDATA[9a920e37-032e-3db4-bb08-8382d731f51e]]></Field>
 <Field name="RefObjFQName" type="java.lang.String"><![CDATA[User Function.Compare with Version...]]></Field>
 <Field name="RefObjFQType" type="java.lang.String"><![CDATA[SNP_OBJECT.SNP_METHOD]]></Field>
 <Field name="RefObjFQNameLengths" type="java.lang.String"><![CDATA[13.23]]></Field>
</Object>
<Object class="com.sunopsis.dwg.dbobj.SnpFKXRef">
		<Field name="RefKey" type="java.lang.String"><![CDATA[SNP_METHOD.57300]]></Field>
	<Field name="RefObjGlobalId" type="java.lang.String"><![CDATA[6d5fed75-b0f4-3efb-ad0d-7559f6e9a5f1]]></Field>
 <Field name="RefObjFQName" type="java.lang.String"><![CDATA[Sequence.Compare with Version...]]></Field>
 <Field name="RefObjFQType" type="java.lang.String"><![CDATA[SNP_OBJECT.SNP_METHOD]]></Field>
 <Field name="RefObjFQNameLengths" type="java.lang.String"><![CDATA[8.23]]></Field>
</Object>
<Object class="com.sunopsis.dwg.dbobj.SnpFKXRef">
		<Field name="RefKey" type="java.lang.String"><![CDATA[SNP_METHOD.57400]]></Field>
	<Field name="RefObjGlobalId" type="java.lang.String"><![CDATA[3b62ad20-1fef-3d2c-bd2d-397ec3d76b4d]]></Field>
 <Field name="RefObjFQName" type="java.lang.String"><![CDATA[Variable.Compare with Version...]]></Field>
 <Field name="RefObjFQType" type="java.lang.String"><![CDATA[SNP_OBJECT.SNP_METHOD]]></Field>
 <Field name="RefObjFQNameLengths" type="java.lang.String"><![CDATA[8.23]]></Field>
</Object>
<Object class="com.sunopsis.dwg.dbobj.SnpFKXRef">
		<Field name="RefKey" type="java.lang.String"><![CDATA[SNP_METHOD.57800]]></Field>
	<Field name="RefObjGlobalId" type="java.lang.String"><![CDATA[1ae9600d-f6fd-306a-80d4-c23dde074914]]></Field>
 <Field name="RefObjFQName" type="java.lang.String"><![CDATA[Label.Compare with Version...]]></Field>
 <Field name="RefObjFQType" type="java.lang.String"><![CDATA[SNP_OBJECT.SNP_METHOD]]></Field>
 <Field name="RefObjFQNameLengths" type="java.lang.String"><![CDATA[5.23]]></Field>
</Object>
<Object class="com.sunopsis.dwg.dbobj.SnpFKXRef">
		<Field name="RefKey" type="java.lang.String"><![CDATA[SNP_METHOD.58000]]></Field>
	<Field name="RefObjGlobalId" type="java.lang.String"><![CDATA[61122b7d-664f-30af-bf40-a929eb6df6ba]]></Field>
 <Field name="RefObjFQName" type="java.lang.String"><![CDATA[Version.Compare...]]></Field>
 <Field name="RefObjFQType" type="java.lang.String"><![CDATA[SNP_OBJECT.SNP_METHOD]]></Field>
 <Field name="RefObjFQNameLengths" type="java.lang.String"><![CDATA[7.10]]></Field>
</Object>
<Object class="com.sunopsis.dwg.dbobj.SnpFKXRef">
		<Field name="RefKey" type="java.lang.String"><![CDATA[SNP_METHOD.51300]]></Field>
	<Field name="RefObjGlobalId" type="java.lang.String"><![CDATA[59db5fd2-7d01-3252-82d7-e34a1a3e5e3f]]></Field>
 <Field name="RefObjFQName" type="java.lang.String"><![CDATA[Model Folder.View]]></Field>
 <Field name="RefObjFQType" type="java.lang.String"><![CDATA[SNP_OBJECT.SNP_METHOD]]></Field>
 <Field name="RefObjFQNameLengths" type="java.lang.String"><![CDATA[12.4]]></Field>
</Object>
<Object class="com.sunopsis.dwg.dbobj.SnpFKXRef">
		<Field name="RefKey" type="java.lang.String"><![CDATA[SNP_METHOD.22000]]></Field>
	<Field name="RefObjGlobalId" type="java.lang.String"><![CDATA[1ecb435c-144b-307d-a6c2-bc9f04e03584]]></Field>
 <Field name="RefObjFQName" type="java.lang.String"><![CDATA[Model.View]]></Field>
 <Field name="RefObjFQType" type="java.lang.String"><![CDATA[SNP_OBJECT.SNP_METHOD]]></Field>
 <Field name="RefObjFQNameLengths" type="java.lang.String"><![CDATA[5.4]]></Field>
</Object>
<Object class="com.sunopsis.dwg.dbobj.SnpFKXRef">
		<Field name="RefKey" type="java.lang.String"><![CDATA[SNP_METHOD.3000]]></Field>
	<Field name="RefObjGlobalId" type="java.lang.String"><![CDATA[bea3589d-4a0e-378d-8f37-6d3583b68a82]]></Field>
 <Field name="RefObjFQName" type="java.lang.String"><![CDATA[Project.View]]></Field>
 <Field name="RefObjFQType" type="java.lang.String"><![CDATA[SNP_OBJECT.SNP_METHOD]]></Field>
 <Field name="RefObjFQNameLengths" type="java.lang.String"><![CDATA[7.4]]></Field>
</Object>
<Object class="com.sunopsis.dwg.dbobj.SnpFKXRef">
		<Field name="RefKey" type="java.lang.String"><![CDATA[SNP_METHOD.3500]]></Field>
	<Field name="RefObjGlobalId" type="java.lang.String"><![CDATA[0dae88f0-aaa4-3522-b07d-f049d02e0d57]]></Field>
 <Field name="RefObjFQName" type="java.lang.String"><![CDATA[Folder.View]]></Field>
 <Field name="RefObjFQType" type="java.lang.String"><![CDATA[SNP_OBJECT.SNP_METHOD]]></Field>
 <Field name="RefObjFQNameLengths" type="java.lang.String"><![CDATA[6.4]]></Field>
</Object>
<Object class="com.sunopsis.dwg.dbobj.SnpFKXRef">
		<Field name="RefKey" type="java.lang.String"><![CDATA[SNP_METHOD.13600]]></Field>
	<Field name="RefObjGlobalId" type="java.lang.String"><![CDATA[9f7f7424-eb20-35a4-921c-88c76689c603]]></Field>
 <Field name="RefObjFQName" type="java.lang.String"><![CDATA[Package.View]]></Field>
 <Field name="RefObjFQType" type="java.lang.String"><![CDATA[SNP_OBJECT.SNP_METHOD]]></Field>
 <Field name="RefObjFQNameLengths" type="java.lang.String"><![CDATA[7.4]]></Field>
</Object>
<Object class="com.sunopsis.dwg.dbobj.SnpFKXRef">
		<Field name="RefKey" type="java.lang.String"><![CDATA[SNP_METHOD.33000]]></Field>
	<Field name="RefObjGlobalId" type="java.lang.String"><![CDATA[547dfc26-09d8-3750-b83a-75dd0d3e9645]]></Field>
 <Field name="RefObjFQName" type="java.lang.String"><![CDATA[Interface.View]]></Field>
 <Field name="RefObjFQType" type="java.lang.String"><![CDATA[SNP_OBJECT.SNP_METHOD]]></Field>
 <Field name="RefObjFQNameLengths" type="java.lang.String"><![CDATA[9.4]]></Field>
</Object>
<Object class="com.sunopsis.dwg.dbobj.SnpFKXRef">
		<Field name="RefKey" type="java.lang.String"><![CDATA[SNP_METHOD.16200]]></Field>
	<Field name="RefObjGlobalId" type="java.lang.String"><![CDATA[35171270-020b-3f72-b908-254c8dcd852c]]></Field>
 <Field name="RefObjFQName" type="java.lang.String"><![CDATA[Procedure.View]]></Field>
 <Field name="RefObjFQType" type="java.lang.String"><![CDATA[SNP_OBJECT.SNP_METHOD]]></Field>
 <Field name="RefObjFQNameLengths" type="java.lang.String"><![CDATA[9.4]]></Field>
</Object>
<Object class="com.sunopsis.dwg.dbobj.SnpFKXRef">
		<Field name="RefKey" type="java.lang.String"><![CDATA[SNP_METHOD.36700]]></Field>
	<Field name="RefObjGlobalId" type="java.lang.String"><![CDATA[c997b558-f4a0-38f2-9bd0-e0cdfc7e21a1]]></Field>
 <Field name="RefObjFQName" type="java.lang.String"><![CDATA[User Function.View]]></Field>
 <Field name="RefObjFQType" type="java.lang.String"><![CDATA[SNP_OBJECT.SNP_METHOD]]></Field>
 <Field name="RefObjFQNameLengths" type="java.lang.String"><![CDATA[13.4]]></Field>
</Object>
<Object class="com.sunopsis.dwg.dbobj.SnpFKXRef">
		<Field name="RefKey" type="java.lang.String"><![CDATA[SNP_METHOD.14300]]></Field>
	<Field name="RefObjGlobalId" type="java.lang.String"><![CDATA[44b23fdf-73cb-3533-8523-9fd2b45ef4a1]]></Field>
 <Field name="RefObjFQName" type="java.lang.String"><![CDATA[Sequence.View]]></Field>
 <Field name="RefObjFQType" type="java.lang.String"><![CDATA[SNP_OBJECT.SNP_METHOD]]></Field>
 <Field name="RefObjFQNameLengths" type="java.lang.String"><![CDATA[8.4]]></Field>
</Object>
<Object class="com.sunopsis.dwg.dbobj.SnpFKXRef">
		<Field name="RefKey" type="java.lang.String"><![CDATA[SNP_METHOD.14700]]></Field>
	<Field name="RefObjGlobalId" type="java.lang.String"><![CDATA[49a66d95-895d-37aa-a02e-dc8d47e544fd]]></Field>
 <Field name="RefObjFQName" type="java.lang.String"><![CDATA[Variable.View]]></Field>
 <Field name="RefObjFQType" type="java.lang.String"><![CDATA[SNP_OBJECT.SNP_METHOD]]></Field>
 <Field name="RefObjFQNameLengths" type="java.lang.String"><![CDATA[8.4]]></Field>
</Object>
<Object class="com.sunopsis.dwg.dbobj.SnpFKXRef">
		<Field name="RefKey" type="java.lang.String"><![CDATA[SNP_METHOD.22700]]></Field>
	<Field name="RefObjGlobalId" type="java.lang.String"><![CDATA[c2caf38b-1f90-3502-a7dd-25988bf0d663]]></Field>
 <Field name="RefObjFQName" type="java.lang.String"><![CDATA[Scenario.View]]></Field>
 <Field name="RefObjFQType" type="java.lang.String"><![CDATA[SNP_OBJECT.SNP_METHOD]]></Field>
 <Field name="RefObjFQNameLengths" type="java.lang.String"><![CDATA[8.4]]></Field>
</Object>
<Object class="com.sunopsis.dwg.dbobj.SnpFKXRef">
		<Field name="RefKey" type="java.lang.String"><![CDATA[SNP_METHOD.41000]]></Field>
	<Field name="RefObjGlobalId" type="java.lang.String"><![CDATA[9d84597d-1a4d-3876-8fee-0fd833690641]]></Field>
 <Field name="RefObjFQName" type="java.lang.String"><![CDATA[Label.New]]></Field>
 <Field name="RefObjFQType" type="java.lang.String"><![CDATA[SNP_OBJECT.SNP_METHOD]]></Field>
 <Field name="RefObjFQNameLengths" type="java.lang.String"><![CDATA[5.3]]></Field>
</Object>
<Object class="com.sunopsis.dwg.dbobj.SnpFKXRef">
		<Field name="RefKey" type="java.lang.String"><![CDATA[SNP_METHOD.53400]]></Field>
	<Field name="RefObjGlobalId" type="java.lang.String"><![CDATA[b49bcc9b-96f1-32ab-b09f-2f7c2aaea36c]]></Field>
 <Field name="RefObjFQName" type="java.lang.String"><![CDATA[Version.Edit...]]></Field>
 <Field name="RefObjFQType" type="java.lang.String"><![CDATA[SNP_OBJECT.SNP_METHOD]]></Field>
 <Field name="RefObjFQNameLengths" type="java.lang.String"><![CDATA[7.7]]></Field>
</Object>
<Object class="com.sunopsis.dwg.dbobj.SnpFKXRef">
		<Field name="RefKey" type="java.lang.String"><![CDATA[SNP_METHOD.53500]]></Field>
	<Field name="RefObjGlobalId" type="java.lang.String"><![CDATA[d992971a-0257-311a-bd71-335ff9fc4528]]></Field>
 <Field name="RefObjFQName" type="java.lang.String"><![CDATA[Version.View]]></Field>
 <Field name="RefObjFQType" type="java.lang.String"><![CDATA[SNP_OBJECT.SNP_METHOD]]></Field>
 <Field name="RefObjFQNameLengths" type="java.lang.String"><![CDATA[7.4]]></Field>
</Object>
<Object class="com.sunopsis.dwg.dbobj.SnpFKXRef">
		<Field name="RefKey" type="java.lang.String"><![CDATA[SNP_METHOD.57900]]></Field>
	<Field name="RefObjGlobalId" type="java.lang.String"><![CDATA[553d7576-b7e5-3206-9a71-ce1425ed1fb8]]></Field>
 <Field name="RefObjFQName" type="java.lang.String"><![CDATA[Model Folder.Compare with Version...]]></Field>
 <Field name="RefObjFQType" type="java.lang.String"><![CDATA[SNP_OBJECT.SNP_METHOD]]></Field>
 <Field name="RefObjFQNameLengths" type="java.lang.String"><![CDATA[12.23]]></Field>
</Object>
<Object class="com.sunopsis.dwg.dbobj.SnpFKXRef">
		<Field name="RefKey" type="java.lang.String"><![CDATA[SNP_METHOD.57000]]></Field>
	<Field name="RefObjGlobalId" type="java.lang.String"><![CDATA[f959ba07-e3c8-3388-b182-27fb03e3bb7f]]></Field>
 <Field name="RefObjFQName" type="java.lang.String"><![CDATA[Model.Compare with Version...]]></Field>
 <Field name="RefObjFQType" type="java.lang.String"><![CDATA[SNP_OBJECT.SNP_METHOD]]></Field>
 <Field name="RefObjFQNameLengths" type="java.lang.String"><![CDATA[5.23]]></Field>
</Object>
<Object class="com.sunopsis.dwg.dbobj.SnpFKXRef">
		<Field name="RefKey" type="java.lang.String"><![CDATA[SNP_METHOD.63800]]></Field>
	<Field name="RefObjGlobalId" type="java.lang.String"><![CDATA[36a4f9f2-32c4-45fa-82cf-94b1cfc66e79]]></Field>
 <Field name="RefObjFQName" type="java.lang.String"><![CDATA[Mapping.Compare with Version...]]></Field>
 <Field name="RefObjFQType" type="java.lang.String"><![CDATA[SNP_OBJECT.SNP_METHOD]]></Field>
 <Field name="RefObjFQNameLengths" type="java.lang.String"><![CDATA[7.23]]></Field>
</Object>
<Object class="com.sunopsis.dwg.dbobj.SnpFKXRef">
		<Field name="RefKey" type="java.lang.String"><![CDATA[SNP_METHOD.64000]]></Field>
	<Field name="RefObjGlobalId" type="java.lang.String"><![CDATA[3bdcaade-98e3-4335-b501-9c13dc4f8ae9]]></Field>
 <Field name="RefObjFQName" type="java.lang.String"><![CDATA[Mapping.Restore...]]></Field>
 <Field name="RefObjFQType" type="java.lang.String"><![CDATA[SNP_OBJECT.SNP_METHOD]]></Field>
 <Field name="RefObjFQNameLengths" type="java.lang.String"><![CDATA[7.10]]></Field>
</Object>
<Object class="com.sunopsis.dwg.dbobj.SnpFKXRef">
		<Field name="RefKey" type="java.lang.String"><![CDATA[SNP_METHOD.63900]]></Field>
	<Field name="RefObjGlobalId" type="java.lang.String"><![CDATA[c61d956e-7938-4f8e-9280-289b6c0df471]]></Field>
 <Field name="RefObjFQName" type="java.lang.String"><![CDATA[Mapping.Create Version...]]></Field>
 <Field name="RefObjFQType" type="java.lang.String"><![CDATA[SNP_OBJECT.SNP_METHOD]]></Field>
 <Field name="RefObjFQNameLengths" type="java.lang.String"><![CDATA[7.17]]></Field>
</Object>
<Object class="com.sunopsis.dwg.dbobj.SnpFKXRef">
		<Field name="RefKey" type="java.lang.String"><![CDATA[SNP_METHOD.62400]]></Field>
	<Field name="RefObjGlobalId" type="java.lang.String"><![CDATA[2198cb76-9433-4d57-b6bf-8e84f99bd1fa]]></Field>
 <Field name="RefObjFQName" type="java.lang.String"><![CDATA[Mapping.View]]></Field>
 <Field name="RefObjFQType" type="java.lang.String"><![CDATA[SNP_OBJECT.SNP_METHOD]]></Field>
 <Field name="RefObjFQNameLengths" type="java.lang.String"><![CDATA[7.4]]></Field>
</Object>
<Object class="com.sunopsis.dwg.dbobj.SnpFKXRef">
		<Field name="RefKey" type="java.lang.String"><![CDATA[SNP_METHOD.117600]]></Field>
	<Field name="RefObjGlobalId" type="java.lang.String"><![CDATA[997c59d2-5169-4e71-835a-6bad846d23f0]]></Field>
 <Field name="RefObjFQName" type="java.lang.String"><![CDATA[Template.View]]></Field>
 <Field name="RefObjFQType" type="java.lang.String"><![CDATA[SNP_OBJECT.SNP_METHOD]]></Field>
 <Field name="RefObjFQNameLengths" type="java.lang.String"><![CDATA[8.4]]></Field>
</Object>
<Object class="com.sunopsis.dwg.DwgExportSummary">
		<Field name="ExpTxtNb" type="com.sunopsis.sql.DbInt"><![CDATA[0]]></Field>
	<Field name="InstObjNb" type="com.sunopsis.sql.DbInt"><![CDATA[0]]></Field>
	<Field name="JoinColNb" type="com.sunopsis.sql.DbInt"><![CDATA[0]]></Field>
	<Field name="JoinNb" type="com.sunopsis.sql.DbInt"><![CDATA[0]]></Field>
	<Field name="KeyColNb" type="com.sunopsis.sql.DbInt"><![CDATA[0]]></Field>
	<Field name="KeyNb" type="com.sunopsis.sql.DbInt"><![CDATA[0]]></Field>
	<Field name="LinkDiagNb" type="com.sunopsis.sql.DbInt"><![CDATA[0]]></Field>
	<Field name="MorigTxtNb" type="com.sunopsis.sql.DbInt"><![CDATA[0]]></Field>
	<Field name="MtxtNb" type="com.sunopsis.sql.DbInt"><![CDATA[0]]></Field>
	<Field name="OrigTxtNb" type="com.sunopsis.sql.DbInt"><![CDATA[0]]></Field>
	<Field name="OtherObjectsNb" type="com.sunopsis.sql.DbInt"><![CDATA[70]]></Field>
	<Field name="PlanAgentNb" type="com.sunopsis.sql.DbInt"><![CDATA[0]]></Field>
	<Field name="StepNb" type="com.sunopsis.sql.DbInt"><![CDATA[0]]></Field>
	<Field name="TxtNb" type="com.sunopsis.sql.DbInt"><![CDATA[0]]></Field>
	<Field name="UeOrigNb" type="com.sunopsis.sql.DbInt"><![CDATA[0]]></Field>
	<Field name="UeUsedNb" type="com.sunopsis.sql.DbInt"><![CDATA[0]]></Field>
	<Field name="VarPlanAgentNb" type="com.sunopsis.sql.DbInt"><![CDATA[0]]></Field>
	<Field name="ScenTxtNb" type="com.sunopsis.sql.DbInt"><![CDATA[0]]></Field>
	<Field name="OdiVersion" type="java.lang.String"><![CDATA[12.2.1]]></Field>
	<Field name="OriginRepositoryID" type="com.sunopsis.sql.DbInt"><![CDATA[0]]></Field>
	<Field name="RepositoryVersion" type="java.lang.String"><![CDATA[05.02.02.07]]></Field>
</Object>
</SunopsisExport>
