<?xml version="1.0" encoding="UTF-8"?>
<SunopsisExport>
<Admin RepositoryVersion="05.02.02.07" IsLegacyIdCompatible="false" />
<Encryption algorithm="AES" keyLength="128" exportKeyHash="6OXUH257JSMsZxaon8bIBpvbxj12y7l8YZPwCBCPAbc=" keyVect="GlRbvywDmZuaSuXNcGpobw==" exportKeySalt="ad1633b3-fe16-49e1-8e6e-a0d4cd0442ec" containsCipherText="false"/>
<Object class="com.sunopsis.dwg.dbobj.SnpAction">
		<Field name="ActionName" type="java.lang.String"><![CDATA[Modify Column Attributes]]></Field>
	<Field name="ActionType" type="com.sunopsis.sql.DbInt"><![CDATA[8]]></Field>
	<Field name="FirstDate" type="java.sql.Timestamp"><![CDATA[2019-12-27 13:08:22.0]]></Field>
	<Field name="FirstUser" type="java.lang.String"><![CDATA[SUNOPSIS_INSTALL]]></Field>
	<Field name="GlobalId" type="java.lang.String"><![CDATA[f04478a5-4e4a-3451-8464-a417dccfc2c0]]></Field>
	<Field name="IAction" type="com.sunopsis.sql.DbInt"><![CDATA[31]]></Field>
	<Field name="IGrpAction" type="com.sunopsis.sql.DbInt"><![CDATA[7]]></Field>
	<Field name="ITxtDesc" type="com.sunopsis.sql.DbInt"><![CDATA[186]]></Field>
	<Field name="LastDate" type="java.sql.Timestamp"><![CDATA[2019-12-27 13:08:22.0]]></Field>
	<Field name="LastUser" type="java.lang.String"><![CDATA[SUNOPSIS_INSTALL]]></Field>
</Object>
<Object class="com.sunopsis.dwg.dbobj.SnpLineAction">
		<Field name="ConnectId" type="java.lang.String">null</Field>
	<Field name="FirstDate" type="java.sql.Timestamp"><![CDATA[2019-12-27 13:08:22.0]]></Field>
	<Field name="FirstUser" type="java.lang.String"><![CDATA[SUNOPSIS_INSTALL]]></Field>
	<Field name="GlobalId" type="java.lang.String"><![CDATA[2003d7f3-5e92-31aa-9b8b-77022cc838bd]]></Field>
	<Field name="IgnoreError" type="java.lang.String"><![CDATA[0]]></Field>
	<Field name="IndCommit" type="java.lang.String"><![CDATA[0]]></Field>
	<Field name="IndLogMethod" type="java.lang.String">null</Field>
	<Field name="IndLogNb" type="java.lang.String"><![CDATA[3]]></Field>
	<Field name="IsolLevel" type="java.lang.String">null</Field>
	<Field name="IAction" type="com.sunopsis.sql.DbInt"><![CDATA[31]]></Field>
	<Field name="ITxtAction" type="com.sunopsis.sql.DbInt"><![CDATA[185]]></Field>
	<Field name="LastDate" type="java.sql.Timestamp"><![CDATA[2019-12-27 13:08:22.0]]></Field>
	<Field name="LastUser" type="java.lang.String"><![CDATA[SUNOPSIS_INSTALL]]></Field>
	<Field name="LineActionName" type="java.lang.String"><![CDATA[Modify Column Attributes]]></Field>
	<Field name="OrdAction" type="com.sunopsis.sql.DbInt"><![CDATA[0]]></Field>
</Object>
<Object class="com.sunopsis.dwg.dbobj.SnpMtxt">
		<Field name="Enc" type="java.lang.String">null</Field>
	<Field name="EncKey" type="java.lang.String">null</Field>
	<Field name="EncKeyVect" type="java.lang.String">null</Field>
	<Field name="FullTxt" type="java.lang.String"><![CDATA[<%if (odiRef.isColAttrChanged("NULL"))
{%>    
alter table <%= odiRef.getTable("L", "TARG_NAME", "A") %>   modify <%= odiRef.getColumn("[COL_NAME] [DEST_CRE_DT] [DEFAULT_CLAUSE] [MANDATORY_CLAUSE]","NEW") %> 
<% } else { %>    
alter table <%= odiRef.getTable("L", "TARG_NAME", "A") %>   modify <%= odiRef.getColumn("[COL_NAME] [DEST_CRE_DT] [DEFAULT_CLAUSE]","NEW") %>
<%}%> 
]]></Field>
	<Field name="GlobalId" type="java.lang.String"><![CDATA[21e5dba6-0b95-395c-99e7-e4150a29850f]]></Field>
	<Field name="ITxt" type="com.sunopsis.sql.DbInt"><![CDATA[185]]></Field>
	<Field name="ITxtOrig" type="com.sunopsis.sql.DbInt"><![CDATA[2]]></Field>
	<Field name="Txt" type="java.lang.String"><![CDATA[<%if (odiRef.isColAttrChanged("NULL"))
{%>    
alter table <%= odiRef.getTable("L", "TARG_NAME", "A") %>   modify <%= odiRef.getColumn("[COL_NAME] [DEST_CRE_DT] [DEFAULT_CLAUSE] [MANDATORY_CLAUSE]","NEW") %> 
<% } else { %>    
alter table <%= odiRef.getTable("L", "TARG_NAME", "A") %>   modify <%= odiRef.getColumn("[COL_NAME] [DEST_CRE_DT] [DEFAULT_CLAUSE]","NEW") %>
<%}%> 
]]></Field>
</Object>
<Object class="com.sunopsis.dwg.dbobj.SnpMtxt">
		<Field name="Enc" type="java.lang.String">null</Field>
	<Field name="EncKey" type="java.lang.String">null</Field>
	<Field name="EncKeyVect" type="java.lang.String">null</Field>
	<Field name="FullTxt" type="java.lang.String"><![CDATA[Author: Sunopsis
Version: 4.0
Last Update: OCT-2005

Description :
Modify a column attributes

Restrictions:
]]></Field>
	<Field name="GlobalId" type="java.lang.String"><![CDATA[8a2077f6-9834-3945-89a7-b10e535c9f38]]></Field>
	<Field name="ITxt" type="com.sunopsis.sql.DbInt"><![CDATA[186]]></Field>
	<Field name="ITxtOrig" type="com.sunopsis.sql.DbInt"><![CDATA[1]]></Field>
	<Field name="Txt" type="java.lang.String"><![CDATA[Author: Sunopsis
Version: 4.0
Last Update: OCT-2005

Description :
Modify a column attributes

Restrictions:
]]></Field>
</Object>
<Object class="com.sunopsis.dwg.dbobj.SnpFKXRef">
		<Field name="RefKey" type="java.lang.String"><![CDATA[SNP_GRPACTION.7]]></Field>
	<Field name="RefObjGlobalId" type="java.lang.String"><![CDATA[7d6f5bfa-a701-3bc4-93c9-649e68b77e47]]></Field>
 <Field name="RefObjFQName" type="java.lang.String"><![CDATA[Oracle.Oracle Default]]></Field>
 <Field name="RefObjFQType" type="java.lang.String"><![CDATA[SNP_TECHNO.SNP_GRPACTION]]></Field>
 <Field name="RefObjFQNameLengths" type="java.lang.String"><![CDATA[6.14]]></Field>
</Object>
<Object class="com.sunopsis.dwg.dbobj.SnpFKXRef">
		<Field name="RefKey" type="java.lang.String"><![CDATA[SNP_MTXT.186]]></Field>
	<Field name="RefObjGlobalId" type="java.lang.String"><![CDATA[8a2077f6-9834-3945-89a7-b10e535c9f38]]></Field>
 <Field name="RefObjFQName" type="java.lang.String">null</Field>
 <Field name="RefObjFQType" type="java.lang.String">null</Field>
 <Field name="RefObjFQNameLengths" type="java.lang.String">null</Field>
</Object>
<Object class="com.sunopsis.dwg.dbobj.SnpFKXRef">
		<Field name="RefKey" type="java.lang.String"><![CDATA[SNP_ACTION.31]]></Field>
	<Field name="RefObjGlobalId" type="java.lang.String"><![CDATA[f04478a5-4e4a-3451-8464-a417dccfc2c0]]></Field>
 <Field name="RefObjFQName" type="java.lang.String"><![CDATA[Oracle.Oracle Default.Modify Column Attributes]]></Field>
 <Field name="RefObjFQType" type="java.lang.String"><![CDATA[SNP_TECHNO.SNP_GRPACTION.SNP_ACTION]]></Field>
 <Field name="RefObjFQNameLengths" type="java.lang.String"><![CDATA[6.14.24]]></Field>
</Object>
<Object class="com.sunopsis.dwg.dbobj.SnpFKXRef">
		<Field name="RefKey" type="java.lang.String"><![CDATA[SNP_MTXT.185]]></Field>
	<Field name="RefObjGlobalId" type="java.lang.String"><![CDATA[21e5dba6-0b95-395c-99e7-e4150a29850f]]></Field>
 <Field name="RefObjFQName" type="java.lang.String">null</Field>
 <Field name="RefObjFQType" type="java.lang.String">null</Field>
 <Field name="RefObjFQNameLengths" type="java.lang.String">null</Field>
</Object>
<Object class="com.sunopsis.dwg.DwgExportSummary">
		<Field name="ExpTxtNb" type="com.sunopsis.sql.DbInt"><![CDATA[0]]></Field>
	<Field name="InstObjNb" type="com.sunopsis.sql.DbInt"><![CDATA[0]]></Field>
	<Field name="JoinColNb" type="com.sunopsis.sql.DbInt"><![CDATA[0]]></Field>
	<Field name="JoinNb" type="com.sunopsis.sql.DbInt"><![CDATA[0]]></Field>
	<Field name="KeyColNb" type="com.sunopsis.sql.DbInt"><![CDATA[0]]></Field>
	<Field name="KeyNb" type="com.sunopsis.sql.DbInt"><![CDATA[0]]></Field>
	<Field name="LinkDiagNb" type="com.sunopsis.sql.DbInt"><![CDATA[0]]></Field>
	<Field name="MorigTxtNb" type="com.sunopsis.sql.DbInt"><![CDATA[0]]></Field>
	<Field name="MtxtNb" type="com.sunopsis.sql.DbInt"><![CDATA[2]]></Field>
	<Field name="OrigTxtNb" type="com.sunopsis.sql.DbInt"><![CDATA[0]]></Field>
	<Field name="OtherObjectsNb" type="com.sunopsis.sql.DbInt"><![CDATA[2]]></Field>
	<Field name="PlanAgentNb" type="com.sunopsis.sql.DbInt"><![CDATA[0]]></Field>
	<Field name="StepNb" type="com.sunopsis.sql.DbInt"><![CDATA[0]]></Field>
	<Field name="TxtNb" type="com.sunopsis.sql.DbInt"><![CDATA[0]]></Field>
	<Field name="UeOrigNb" type="com.sunopsis.sql.DbInt"><![CDATA[0]]></Field>
	<Field name="UeUsedNb" type="com.sunopsis.sql.DbInt"><![CDATA[0]]></Field>
	<Field name="VarPlanAgentNb" type="com.sunopsis.sql.DbInt"><![CDATA[0]]></Field>
	<Field name="ScenTxtNb" type="com.sunopsis.sql.DbInt"><![CDATA[0]]></Field>
	<Field name="OdiVersion" type="java.lang.String"><![CDATA[12.2.1]]></Field>
	<Field name="OriginRepositoryID" type="com.sunopsis.sql.DbInt"><![CDATA[0]]></Field>
	<Field name="RepositoryVersion" type="java.lang.String"><![CDATA[05.02.02.07]]></Field>
</Object>
</SunopsisExport>
