<?xml version="1.0" encoding="UTF-8"?>
<SunopsisExport>
<Admin RepositoryVersion="05.02.02.07" IsLegacyIdCompatible="false" />
<Encryption algorithm="AES" keyLength="128" exportKeyHash="tqIrBC9xkAXn1rlPuhmtHabUNzIJFRqpyKgKvZ+uHp4=" keyVect="HQj9W8Lqc/2g1zpcseE2lw==" exportKeySalt="9f4bb3ab-10fe-4c9d-918a-75496f340328" containsCipherText="false"/>
<Object class="com.sunopsis.dwg.dbobj.SnpObject">
		<Field name="ExtVersion" type="java.lang.String">null</Field>
	<Field name="FirstDate" type="java.sql.Timestamp"><![CDATA[2019-12-27 13:08:00.0]]></Field>
	<Field name="FirstUser" type="java.lang.String"><![CDATA[SUNOPSIS_INSTALL]]></Field>
	<Field name="GlobalId" type="java.lang.String"><![CDATA[dfdf34f9-fd74-45e3-a637-be0644948fc1]]></Field>
	<Field name="IndChange" type="java.lang.String"><![CDATA[I]]></Field>
	<Field name="IntJavaName" type="java.lang.String"><![CDATA[com.sunopsis.dwg.dbobj.SnpUserConnected]]></Field>
	<Field name="IObjects" type="com.sunopsis.sql.DbInt"><![CDATA[10500]]></Field>
	<Field name="LastDate" type="java.sql.Timestamp"><![CDATA[2019-12-27 13:08:00.0]]></Field>
	<Field name="LastUser" type="java.lang.String"><![CDATA[SUNOPSIS_INSTALL]]></Field>
	<Field name="ObjName" type="java.lang.String"><![CDATA[OBJ_SNPUSERCONNECTED_10500]]></Field>
	<Field name="SecuPos" type="com.sunopsis.sql.DbInt"><![CDATA[1050]]></Field>
</Object>
<Object class="com.sunopsis.dwg.dbobj.SnpMethod">
		<Field name="DispPopUp" type="java.lang.String">null</Field>
	<Field name="FirstDate" type="java.sql.Timestamp"><![CDATA[2019-12-27 13:08:00.0]]></Field>
	<Field name="FirstUser" type="java.lang.String"><![CDATA[SUNOPSIS_INSTALL]]></Field>
	<Field name="GlobalId" type="java.lang.String"><![CDATA[92a24317-33c0-4737-9942-00048a118c01]]></Field>
	<Field name="GrantCreator" type="java.lang.String">null</Field>
	<Field name="IndImp" type="java.lang.String">null</Field>
	<Field name="IndNew" type="java.lang.String">null</Field>
	<Field name="IntJavaName" type="java.lang.String"><![CDATA[report]]></Field>
	<Field name="IMeth" type="com.sunopsis.sql.DbInt"><![CDATA[83900]]></Field>
	<Field name="IObjects" type="com.sunopsis.sql.DbInt"><![CDATA[10500]]></Field>
	<Field name="LastDate" type="java.sql.Timestamp"><![CDATA[2019-12-27 13:08:00.0]]></Field>
	<Field name="LastUser" type="java.lang.String"><![CDATA[SUNOPSIS_INSTALL]]></Field>
	<Field name="Position" type="com.sunopsis.sql.DbInt"><![CDATA[null]]></Field>
	<Field name="ShortName" type="java.lang.String"><![CDATA[METH_REPORT_83900]]></Field>
</Object>
<Object class="com.sunopsis.dwg.dbobj.SnpMethod">
		<Field name="DispPopUp" type="java.lang.String">null</Field>
	<Field name="FirstDate" type="java.sql.Timestamp"><![CDATA[2019-12-27 13:08:00.0]]></Field>
	<Field name="FirstUser" type="java.lang.String"><![CDATA[SUNOPSIS_INSTALL]]></Field>
	<Field name="GlobalId" type="java.lang.String"><![CDATA[3a53738c-4b19-4523-8242-82efab0470f6]]></Field>
	<Field name="GrantCreator" type="java.lang.String">null</Field>
	<Field name="IndImp" type="java.lang.String">null</Field>
	<Field name="IndNew" type="java.lang.String">null</Field>
	<Field name="IntJavaName" type="java.lang.String"><![CDATA[purge]]></Field>
	<Field name="IMeth" type="com.sunopsis.sql.DbInt"><![CDATA[84000]]></Field>
	<Field name="IObjects" type="com.sunopsis.sql.DbInt"><![CDATA[10500]]></Field>
	<Field name="LastDate" type="java.sql.Timestamp"><![CDATA[2019-12-27 13:08:00.0]]></Field>
	<Field name="LastUser" type="java.lang.String"><![CDATA[SUNOPSIS_INSTALL]]></Field>
	<Field name="Position" type="com.sunopsis.sql.DbInt"><![CDATA[null]]></Field>
	<Field name="ShortName" type="java.lang.String"><![CDATA[METH_PURGE_84000]]></Field>
</Object>
<Object class="com.sunopsis.dwg.dbobj.SnpFKXRef">
		<Field name="RefKey" type="java.lang.String"><![CDATA[SNP_OBJECT.10500]]></Field>
	<Field name="RefObjGlobalId" type="java.lang.String"><![CDATA[dfdf34f9-fd74-45e3-a637-be0644948fc1]]></Field>
 <Field name="RefObjFQName" type="java.lang.String"><![CDATA[User-Connected]]></Field>
 <Field name="RefObjFQType" type="java.lang.String"><![CDATA[SNP_OBJECT]]></Field>
 <Field name="RefObjFQNameLengths" type="java.lang.String"><![CDATA[14]]></Field>
</Object>
<Object class="com.sunopsis.dwg.DwgExportSummary">
		<Field name="ExpTxtNb" type="com.sunopsis.sql.DbInt"><![CDATA[0]]></Field>
	<Field name="InstObjNb" type="com.sunopsis.sql.DbInt"><![CDATA[0]]></Field>
	<Field name="JoinColNb" type="com.sunopsis.sql.DbInt"><![CDATA[0]]></Field>
	<Field name="JoinNb" type="com.sunopsis.sql.DbInt"><![CDATA[0]]></Field>
	<Field name="KeyColNb" type="com.sunopsis.sql.DbInt"><![CDATA[0]]></Field>
	<Field name="KeyNb" type="com.sunopsis.sql.DbInt"><![CDATA[0]]></Field>
	<Field name="LinkDiagNb" type="com.sunopsis.sql.DbInt"><![CDATA[0]]></Field>
	<Field name="MorigTxtNb" type="com.sunopsis.sql.DbInt"><![CDATA[0]]></Field>
	<Field name="MtxtNb" type="com.sunopsis.sql.DbInt"><![CDATA[0]]></Field>
	<Field name="OrigTxtNb" type="com.sunopsis.sql.DbInt"><![CDATA[0]]></Field>
	<Field name="OtherObjectsNb" type="com.sunopsis.sql.DbInt"><![CDATA[3]]></Field>
	<Field name="PlanAgentNb" type="com.sunopsis.sql.DbInt"><![CDATA[0]]></Field>
	<Field name="StepNb" type="com.sunopsis.sql.DbInt"><![CDATA[0]]></Field>
	<Field name="TxtNb" type="com.sunopsis.sql.DbInt"><![CDATA[0]]></Field>
	<Field name="UeOrigNb" type="com.sunopsis.sql.DbInt"><![CDATA[0]]></Field>
	<Field name="UeUsedNb" type="com.sunopsis.sql.DbInt"><![CDATA[0]]></Field>
	<Field name="VarPlanAgentNb" type="com.sunopsis.sql.DbInt"><![CDATA[0]]></Field>
	<Field name="ScenTxtNb" type="com.sunopsis.sql.DbInt"><![CDATA[0]]></Field>
	<Field name="OdiVersion" type="java.lang.String"><![CDATA[12.2.1]]></Field>
	<Field name="OriginRepositoryID" type="com.sunopsis.sql.DbInt"><![CDATA[0]]></Field>
	<Field name="RepositoryVersion" type="java.lang.String"><![CDATA[05.02.02.07]]></Field>
</Object>
</SunopsisExport>
