<?xml version="1.0" encoding="UTF-8"?>
<SunopsisExport>
<Admin RepositoryVersion="05.02.02.07" IsLegacyIdCompatible="false" />
<Encryption algorithm="AES" keyLength="128" exportKeyHash="ltHvJPjbAYi8qu0+1p/uQxE349jYWTb7OcO8LYdpOu8=" keyVect="kVqtTQoFHMyFiCb2nSxLYg==" exportKeySalt="015f60c0-d1e0-4d49-a58c-dbe5e1813335" containsCipherText="false"/>
<Object class="com.sunopsis.dwg.dbobj.SnpAction">
		<Field name="ActionName" type="java.lang.String"><![CDATA[Add Primary Key]]></Field>
	<Field name="ActionType" type="com.sunopsis.sql.DbInt"><![CDATA[4]]></Field>
	<Field name="FirstDate" type="java.sql.Timestamp"><![CDATA[2019-12-27 13:08:16.0]]></Field>
	<Field name="FirstUser" type="java.lang.String"><![CDATA[SUNOPSIS_INSTALL]]></Field>
	<Field name="GlobalId" type="java.lang.String"><![CDATA[76597e64-9a57-3d98-86f0-06917c568029]]></Field>
	<Field name="IAction" type="com.sunopsis.sql.DbInt"><![CDATA[20]]></Field>
	<Field name="IGrpAction" type="com.sunopsis.sql.DbInt"><![CDATA[3]]></Field>
	<Field name="ITxtDesc" type="com.sunopsis.sql.DbInt"><![CDATA[103]]></Field>
	<Field name="LastDate" type="java.sql.Timestamp"><![CDATA[2019-12-27 13:08:16.0]]></Field>
	<Field name="LastUser" type="java.lang.String"><![CDATA[SUNOPSIS_INSTALL]]></Field>
</Object>
<Object class="com.sunopsis.dwg.dbobj.SnpLineAction">
		<Field name="ConnectId" type="java.lang.String">null</Field>
	<Field name="FirstDate" type="java.sql.Timestamp"><![CDATA[2019-12-27 13:08:16.0]]></Field>
	<Field name="FirstUser" type="java.lang.String"><![CDATA[SUNOPSIS_INSTALL]]></Field>
	<Field name="GlobalId" type="java.lang.String"><![CDATA[02e0605a-471b-3c3d-8795-74c943e5d1ed]]></Field>
	<Field name="IgnoreError" type="java.lang.String"><![CDATA[0]]></Field>
	<Field name="IndCommit" type="java.lang.String"><![CDATA[0]]></Field>
	<Field name="IndLogMethod" type="java.lang.String">null</Field>
	<Field name="IndLogNb" type="java.lang.String"><![CDATA[3]]></Field>
	<Field name="IsolLevel" type="java.lang.String">null</Field>
	<Field name="IAction" type="com.sunopsis.sql.DbInt"><![CDATA[20]]></Field>
	<Field name="ITxtAction" type="com.sunopsis.sql.DbInt"><![CDATA[102]]></Field>
	<Field name="LastDate" type="java.sql.Timestamp"><![CDATA[2019-12-27 13:08:16.0]]></Field>
	<Field name="LastUser" type="java.lang.String"><![CDATA[SUNOPSIS_INSTALL]]></Field>
	<Field name="LineActionName" type="java.lang.String"><![CDATA[Add Primary Key]]></Field>
	<Field name="OrdAction" type="com.sunopsis.sql.DbInt"><![CDATA[0]]></Field>
</Object>
<Object class="com.sunopsis.dwg.dbobj.SnpMtxt">
		<Field name="Enc" type="java.lang.String">null</Field>
	<Field name="EncKey" type="java.lang.String">null</Field>
	<Field name="EncKeyVect" type="java.lang.String">null</Field>
	<Field name="FullTxt" type="java.lang.String"><![CDATA[alter table <%=odiRef.getTable("L", "TARG_NAME", "A")%> add constraint primary key <%=odiRef.getPKColList("(", "[COL_NAME]", ", " , ")")%> constraint <%=odiRef.getObjectShortName( "L" , odiRef.getPK("KEY_NAME") , "D" )%>

]]></Field>
	<Field name="GlobalId" type="java.lang.String"><![CDATA[f6f1dcd5-3c1f-3268-9e14-1b041aa99413]]></Field>
	<Field name="ITxt" type="com.sunopsis.sql.DbInt"><![CDATA[102]]></Field>
	<Field name="ITxtOrig" type="com.sunopsis.sql.DbInt"><![CDATA[2]]></Field>
	<Field name="Txt" type="java.lang.String"><![CDATA[alter table <%=odiRef.getTable("L", "TARG_NAME", "A")%> add constraint primary key <%=odiRef.getPKColList("(", "[COL_NAME]", ", " , ")")%> constraint <%=odiRef.getObjectShortName( "L" , odiRef.getPK("KEY_NAME") , "D" )%>

]]></Field>
</Object>
<Object class="com.sunopsis.dwg.dbobj.SnpMtxt">
		<Field name="Enc" type="java.lang.String">null</Field>
	<Field name="EncKey" type="java.lang.String">null</Field>
	<Field name="EncKeyVect" type="java.lang.String">null</Field>
	<Field name="FullTxt" type="java.lang.String"><![CDATA[Description :
Adds the primary key to a table

Restrictions:
]]></Field>
	<Field name="GlobalId" type="java.lang.String"><![CDATA[43b75b6e-e8b7-372c-8698-e174371e7a4f]]></Field>
	<Field name="ITxt" type="com.sunopsis.sql.DbInt"><![CDATA[103]]></Field>
	<Field name="ITxtOrig" type="com.sunopsis.sql.DbInt"><![CDATA[1]]></Field>
	<Field name="Txt" type="java.lang.String"><![CDATA[Description :
Adds the primary key to a table

Restrictions:
]]></Field>
</Object>
<Object class="com.sunopsis.dwg.dbobj.SnpFKXRef">
		<Field name="RefKey" type="java.lang.String"><![CDATA[SNP_GRPACTION.3]]></Field>
	<Field name="RefObjGlobalId" type="java.lang.String"><![CDATA[eb62c234-c5f5-3b09-b4ab-19655a55c0e5]]></Field>
 <Field name="RefObjFQName" type="java.lang.String"><![CDATA[Informix.Informix Default]]></Field>
 <Field name="RefObjFQType" type="java.lang.String"><![CDATA[SNP_TECHNO.SNP_GRPACTION]]></Field>
 <Field name="RefObjFQNameLengths" type="java.lang.String"><![CDATA[8.16]]></Field>
</Object>
<Object class="com.sunopsis.dwg.dbobj.SnpFKXRef">
		<Field name="RefKey" type="java.lang.String"><![CDATA[SNP_MTXT.103]]></Field>
	<Field name="RefObjGlobalId" type="java.lang.String"><![CDATA[43b75b6e-e8b7-372c-8698-e174371e7a4f]]></Field>
 <Field name="RefObjFQName" type="java.lang.String">null</Field>
 <Field name="RefObjFQType" type="java.lang.String">null</Field>
 <Field name="RefObjFQNameLengths" type="java.lang.String">null</Field>
</Object>
<Object class="com.sunopsis.dwg.dbobj.SnpFKXRef">
		<Field name="RefKey" type="java.lang.String"><![CDATA[SNP_ACTION.20]]></Field>
	<Field name="RefObjGlobalId" type="java.lang.String"><![CDATA[76597e64-9a57-3d98-86f0-06917c568029]]></Field>
 <Field name="RefObjFQName" type="java.lang.String"><![CDATA[Informix.Informix Default.Add Primary Key]]></Field>
 <Field name="RefObjFQType" type="java.lang.String"><![CDATA[SNP_TECHNO.SNP_GRPACTION.SNP_ACTION]]></Field>
 <Field name="RefObjFQNameLengths" type="java.lang.String"><![CDATA[8.16.15]]></Field>
</Object>
<Object class="com.sunopsis.dwg.dbobj.SnpFKXRef">
		<Field name="RefKey" type="java.lang.String"><![CDATA[SNP_MTXT.102]]></Field>
	<Field name="RefObjGlobalId" type="java.lang.String"><![CDATA[f6f1dcd5-3c1f-3268-9e14-1b041aa99413]]></Field>
 <Field name="RefObjFQName" type="java.lang.String">null</Field>
 <Field name="RefObjFQType" type="java.lang.String">null</Field>
 <Field name="RefObjFQNameLengths" type="java.lang.String">null</Field>
</Object>
<Object class="com.sunopsis.dwg.DwgExportSummary">
		<Field name="ExpTxtNb" type="com.sunopsis.sql.DbInt"><![CDATA[0]]></Field>
	<Field name="InstObjNb" type="com.sunopsis.sql.DbInt"><![CDATA[0]]></Field>
	<Field name="JoinColNb" type="com.sunopsis.sql.DbInt"><![CDATA[0]]></Field>
	<Field name="JoinNb" type="com.sunopsis.sql.DbInt"><![CDATA[0]]></Field>
	<Field name="KeyColNb" type="com.sunopsis.sql.DbInt"><![CDATA[0]]></Field>
	<Field name="KeyNb" type="com.sunopsis.sql.DbInt"><![CDATA[0]]></Field>
	<Field name="LinkDiagNb" type="com.sunopsis.sql.DbInt"><![CDATA[0]]></Field>
	<Field name="MorigTxtNb" type="com.sunopsis.sql.DbInt"><![CDATA[0]]></Field>
	<Field name="MtxtNb" type="com.sunopsis.sql.DbInt"><![CDATA[2]]></Field>
	<Field name="OrigTxtNb" type="com.sunopsis.sql.DbInt"><![CDATA[0]]></Field>
	<Field name="OtherObjectsNb" type="com.sunopsis.sql.DbInt"><![CDATA[2]]></Field>
	<Field name="PlanAgentNb" type="com.sunopsis.sql.DbInt"><![CDATA[0]]></Field>
	<Field name="StepNb" type="com.sunopsis.sql.DbInt"><![CDATA[0]]></Field>
	<Field name="TxtNb" type="com.sunopsis.sql.DbInt"><![CDATA[0]]></Field>
	<Field name="UeOrigNb" type="com.sunopsis.sql.DbInt"><![CDATA[0]]></Field>
	<Field name="UeUsedNb" type="com.sunopsis.sql.DbInt"><![CDATA[0]]></Field>
	<Field name="VarPlanAgentNb" type="com.sunopsis.sql.DbInt"><![CDATA[0]]></Field>
	<Field name="ScenTxtNb" type="com.sunopsis.sql.DbInt"><![CDATA[0]]></Field>
	<Field name="OdiVersion" type="java.lang.String"><![CDATA[12.2.1]]></Field>
	<Field name="OriginRepositoryID" type="com.sunopsis.sql.DbInt"><![CDATA[0]]></Field>
	<Field name="RepositoryVersion" type="java.lang.String"><![CDATA[05.02.02.07]]></Field>
</Object>
</SunopsisExport>
